k,layer,qubit,rot,shots,replicate,g_hat,g_exact,xi
0,0,0,0,64,0,0.09375,0.03313590236482501,0.06061409763517499
0,0,0,0,64,1,0.28125,0.03313590236482501,0.248114097635175
0,0,0,0,64,2,-0.09375,0.03313590236482501,-0.126885902364825
0,0,0,0,64,3,-0.03125,0.03313590236482501,-0.06438590236482501
0,0,0,0,64,4,0.03125,0.03313590236482501,-0.0018859023648250123
0,0,0,0,64,5,-0.03125,0.03313590236482501,-0.06438590236482501
0,0,0,0,64,6,-0.125,0.03313590236482501,-0.158135902364825
0,0,0,0,64,7,-0.1875,0.03313590236482501,-0.220635902364825
0,0,0,0,64,8,0.0625,0.03313590236482501,0.029364097635174988
0,0,0,0,64,9,0.0,0.03313590236482501,-0.03313590236482501
0,0,0,0,64,10,0.078125,0.03313590236482501,0.04498909763517499
0,0,0,0,64,11,0.046875,0.03313590236482501,0.013739097635174988
0,0,0,0,64,12,0.0625,0.03313590236482501,0.029364097635174988
0,0,0,0,64,13,-0.109375,0.03313590236482501,-0.142510902364825
0,0,0,0,64,14,-0.046875,0.03313590236482501,-0.08001090236482501
0,0,0,0,64,15,0.03125,0.03313590236482501,-0.0018859023648250123
0,0,0,0,64,16,0.0625,0.03313590236482501,0.029364097635174988
0,0,0,0,64,17,0.03125,0.03313590236482501,-0.0018859023648250123
0,0,0,0,64,18,-0.0625,0.03313590236482501,-0.09563590236482501
0,0,0,0,64,19,0.046875,0.03313590236482501,0.013739097635174988
0,0,0,0,64,20,0.046875,0.03313590236482501,0.013739097635174988
0,0,0,0,64,21,0.21875,0.03313590236482501,0.185614097635175
0,0,0,0,64,22,0.203125,0.03313590236482501,0.169989097635175
0,0,0,0,64,23,0.0,0.03313590236482501,-0.03313590236482501
0,0,0,0,64,24,0.0,0.03313590236482501,-0.03313590236482501
0,0,0,0,64,25,0.03125,0.03313590236482501,-0.0018859023648250123
0,0,0,0,64,26,0.078125,0.03313590236482501,0.04498909763517499
0,0,0,0,64,27,-0.046875,0.03313590236482501,-0.08001090236482501
0,0,0,0,64,28,-0.03125,0.03313590236482501,-0.06438590236482501
0,0,0,0,64,29,-0.03125,0.03313590236482501,-0.06438590236482501
0,0,0,0,64,30,0.09375,0.03313590236482501,0.06061409763517499
0,0,0,0,64,31,0.140625,0.03313590236482501,0.10748909763517499
0,0,0,0,64,32,0.09375,0.03313590236482501,0.06061409763517499
0,0,0,0,64,33,0.078125,0.03313590236482501,0.04498909763517499
0,0,0,0,64,34,0.171875,0.03313590236482501,0.138739097635175
0,0,0,0,64,35,-0.109375,0.03313590236482501,-0.142510902364825
0,0,0,0,64,36,0.046875,0.03313590236482501,0.013739097635174988
0,0,0,0,64,37,0.015625,0.03313590236482501,-0.017510902364825012
0,0,0,0,64,38,-0.015625,0.03313590236482501,-0.04876090236482501
0,0,0,0,64,39,-0.03125,0.03313590236482501,-0.06438590236482501
0,0,0,0,64,40,-0.03125,0.03313590236482501,-0.06438590236482501
0,0,0,0,64,41,0.09375,0.03313590236482501,0.06061409763517499
0,0,0,0,64,42,0.03125,0.03313590236482501,-0.0018859023648250123
0,0,0,0,64,43,-0.03125,0.03313590236482501,-0.06438590236482501
0,0,0,0,64,44,-0.015625,0.03313590236482501,-0.04876090236482501
0,0,0,0,64,45,0.109375,0.03313590236482501,0.07623909763517499
0,0,0,0,64,46,0.125,0.03313590236482501,0.09186409763517499
0,0,0,0,64,47,0.078125,0.03313590236482501,0.04498909763517499
0,0,0,0,64,48,-0.078125,0.03313590236482501,-0.11126090236482501
0,0,0,0,64,49,0.109375,0.03313590236482501,0.07623909763517499
0,0,0,0,64,50,-0.1875,0.03313590236482501,-0.220635902364825
0,0,0,0,64,51,0.03125,0.03313590236482501,-0.0018859023648250123
0,0,0,0,64,52,-0.03125,0.03313590236482501,-0.06438590236482501
0,0,0,0,64,53,0.03125,0.03313590236482501,-0.0018859023648250123
0,0,0,0,64,54,0.15625,0.03313590236482501,0.12311409763517499
0,0,0,0,64,55,0.015625,0.03313590236482501,-0.017510902364825012
0,0,0,0,64,56,-0.046875,0.03313590236482501,-0.08001090236482501
0,0,0,0,64,57,0.109375,0.03313590236482501,0.07623909763517499
0,0,0,0,64,58,0.03125,0.03313590236482501,-0.0018859023648250123
0,0,0,0,64,59,0.109375,0.03313590236482501,0.07623909763517499
0,0,0,0,64,60,0.03125,0.03313590236482501,-0.0018859023648250123
0,0,0,0,64,61,-0.09375,0.03313590236482501,-0.126885902364825
0,0,0,0,64,62,-0.03125,0.03313590236482501,-0.06438590236482501
0,0,0,0,64,63,0.0625,0.03313590236482501,0.029364097635174988
0,0,0,0,64,64,0.0625,0.03313590236482501,0.029364097635174988
0,0,0,0,64,65,0.046875,0.03313590236482501,0.013739097635174988
0,0,0,0,64,66,0.0625,0.03313590236482501,0.029364097635174988
0,0,0,0,64,67,-0.046875,0.03313590236482501,-0.08001090236482501
0,0,0,0,64,68,0.109375,0.03313590236482501,0.07623909763517499
0,0,0,0,64,69,-0.109375,0.03313590236482501,-0.142510902364825
0,0,0,0,64,70,0.171875,0.03313590236482501,0.138739097635175
0,0,0,0,64,71,0.046875,0.03313590236482501,0.013739097635174988
0,0,0,0,64,72,0.140625,0.03313590236482501,0.10748909763517499
0,0,0,0,64,73,0.09375,0.03313590236482501,0.06061409763517499
0,0,0,0,64,74,0.0625,0.03313590236482501,0.029364097635174988
0,0,0,0,64,75,-0.03125,0.03313590236482501,-0.06438590236482501
0,0,0,0,64,76,-0.03125,0.03313590236482501,-0.06438590236482501
0,0,0,0,64,77,-0.015625,0.03313590236482501,-0.04876090236482501
0,0,0,0,64,78,0.015625,0.03313590236482501,-0.017510902364825012
0,0,0,0,64,79,0.0,0.03313590236482501,-0.03313590236482501
0,0,0,0,64,80,-0.015625,0.03313590236482501,-0.04876090236482501
0,0,0,0,64,81,0.015625,0.03313590236482501,-0.017510902364825012
0,0,0,0,64,82,0.015625,0.03313590236482501,-0.017510902364825012
0,0,0,0,64,83,0.125,0.03313590236482501,0.09186409763517499
0,0,0,0,64,84,0.140625,0.03313590236482501,0.10748909763517499
0,0,0,0,64,85,0.046875,0.03313590236482501,0.013739097635174988
0,0,0,0,64,86,0.0625,0.03313590236482501,0.029364097635174988
0,0,0,0,64,87,0.0625,0.03313590236482501,0.029364097635174988
0,0,0,0,64,88,0.046875,0.03313590236482501,0.013739097635174988
0,0,0,0,64,89,-0.078125,0.03313590236482501,-0.11126090236482501
0,0,0,0,64,90,0.0,0.03313590236482501,-0.03313590236482501
0,0,0,0,64,91,0.078125,0.03313590236482501,0.04498909763517499
0,0,0,0,64,92,-0.078125,0.03313590236482501,-0.11126090236482501
0,0,0,0,64,93,-0.046875,0.03313590236482501,-0.08001090236482501
0,0,0,0,64,94,0.046875,0.03313590236482501,0.013739097635174988
0,0,0,0,64,95,0.15625,0.03313590236482501,0.12311409763517499
0,0,0,0,64,96,0.09375,0.03313590236482501,0.06061409763517499
0,0,0,0,64,97,0.15625,0.03313590236482501,0.12311409763517499
0,0,0,0,64,98,0.0625,0.03313590236482501,0.029364097635174988
0,0,0,0,64,99,0.0,0.03313590236482501,-0.03313590236482501
0,0,0,0,64,100,0.015625,0.03313590236482501,-0.017510902364825012
0,0,0,0,64,101,0.171875,0.03313590236482501,0.138739097635175
0,0,0,0,64,102,0.015625,0.03313590236482501,-0.017510902364825012
0,0,0,0,64,103,0.03125,0.03313590236482501,-0.0018859023648250123
0,0,0,0,64,104,0.046875,0.03313590236482501,0.013739097635174988
0,0,0,0,64,105,0.015625,0.03313590236482501,-0.017510902364825012
0,0,0,0,64,106,0.234375,0.03313590236482501,0.201239097635175
0,0,0,0,64,107,0.265625,0.03313590236482501,0.232489097635175
0,0,0,0,64,108,0.0625,0.03313590236482501,0.029364097635174988
0,0,0,0,64,109,0.046875,0.03313590236482501,0.013739097635174988
0,0,0,0,64,110,0.078125,0.03313590236482501,0.04498909763517499
0,0,0,0,64,111,0.109375,0.03313590236482501,0.07623909763517499
0,0,0,0,64,112,0.140625,0.03313590236482501,0.10748909763517499
0,0,0,0,64,113,-0.015625,0.03313590236482501,-0.04876090236482501
0,0,0,0,64,114,0.171875,0.03313590236482501,0.138739097635175
0,0,0,0,64,115,-0.078125,0.03313590236482501,-0.11126090236482501
0,0,0,0,64,116,0.015625,0.03313590236482501,-0.017510902364825012
0,0,0,0,64,117,0.0,0.03313590236482501,-0.03313590236482501
0,0,0,0,64,118,0.046875,0.03313590236482501,0.013739097635174988
0,0,0,0,64,119,0.03125,0.03313590236482501,-0.0018859023648250123
0,0,0,0,64,120,0.140625,0.03313590236482501,0.10748909763517499
0,0,0,0,64,121,-0.078125,0.03313590236482501,-0.11126090236482501
0,0,0,0,64,122,-0.03125,0.03313590236482501,-0.06438590236482501
0,0,0,0,64,123,0.046875,0.03313590236482501,0.013739097635174988
0,0,0,0,64,124,0.109375,0.03313590236482501,0.07623909763517499
0,0,0,0,64,125,0.140625,0.03313590236482501,0.10748909763517499
0,0,0,0,64,126,0.109375,0.03313590236482501,0.07623909763517499
0,0,0,0,64,127,0.078125,0.03313590236482501,0.04498909763517499
0,0,0,0,64,128,-0.015625,0.03313590236482501,-0.04876090236482501
0,0,0,0,64,129,0.203125,0.03313590236482501,0.169989097635175
0,0,0,0,64,130,-0.03125,0.03313590236482501,-0.06438590236482501
0,0,0,0,64,131,-0.109375,0.03313590236482501,-0.142510902364825
0,0,0,0,64,132,0.078125,0.03313590236482501,0.04498909763517499
0,0,0,0,64,133,0.0,0.03313590236482501,-0.03313590236482501
0,0,0,0,64,134,-0.15625,0.03313590236482501,-0.189385902364825
0,0,0,0,64,135,0.0,0.03313590236482501,-0.03313590236482501
0,0,0,0,64,136,0.09375,0.03313590236482501,0.06061409763517499
0,0,0,0,64,137,0.046875,0.03313590236482501,0.013739097635174988
0,0,0,0,64,138,0.046875,0.03313590236482501,0.013739097635174988
0,0,0,0,64,139,0.03125,0.03313590236482501,-0.0018859023648250123
0,0,0,0,64,140,0.140625,0.03313590236482501,0.10748909763517499
0,0,0,0,64,141,0.109375,0.03313590236482501,0.07623909763517499
0,0,0,0,64,142,0.0,0.03313590236482501,-0.03313590236482501
0,0,0,0,64,143,-0.078125,0.03313590236482501,-0.11126090236482501
0,0,0,0,64,144,0.046875,0.03313590236482501,0.013739097635174988
0,0,0,0,64,145,0.125,0.03313590236482501,0.09186409763517499
0,0,0,0,64,146,0.03125,0.03313590236482501,-0.0018859023648250123
0,0,0,0,64,147,-0.0625,0.03313590236482501,-0.09563590236482501
0,0,0,0,64,148,0.0,0.03313590236482501,-0.03313590236482501
0,0,0,0,64,149,0.09375,0.03313590236482501,0.06061409763517499
0,0,0,0,64,150,0.0,0.03313590236482501,-0.03313590236482501
0,0,0,0,64,151,-0.125,0.03313590236482501,-0.158135902364825
0,0,0,0,64,152,-0.03125,0.03313590236482501,-0.06438590236482501
0,0,0,0,64,153,-0.0625,0.03313590236482501,-0.09563590236482501
0,0,0,0,64,154,0.25,0.03313590236482501,0.216864097635175
0,0,0,0,64,155,-0.015625,0.03313590236482501,-0.04876090236482501
0,0,0,0,64,156,0.15625,0.03313590236482501,0.12311409763517499
0,0,0,0,64,157,0.078125,0.03313590236482501,0.04498909763517499
0,0,0,0,64,158,0.0,0.03313590236482501,-0.03313590236482501
0,0,0,0,64,159,0.046875,0.03313590236482501,0.013739097635174988
0,0,0,0,64,160,0.1875,0.03313590236482501,0.154364097635175
0,0,0,0,64,161,0.109375,0.03313590236482501,0.07623909763517499
0,0,0,0,64,162,0.125,0.03313590236482501,0.09186409763517499
0,0,0,0,64,163,0.21875,0.03313590236482501,0.185614097635175
0,0,0,0,64,164,-0.046875,0.03313590236482501,-0.08001090236482501
0,0,0,0,64,165,-0.09375,0.03313590236482501,-0.126885902364825
0,0,0,0,64,166,-0.03125,0.03313590236482501,-0.06438590236482501
0,0,0,0,64,167,0.0,0.03313590236482501,-0.03313590236482501
0,0,0,0,64,168,0.0,0.03313590236482501,-0.03313590236482501
0,0,0,0,64,169,0.140625,0.03313590236482501,0.10748909763517499
0,0,0,0,64,170,0.046875,0.03313590236482501,0.013739097635174988
0,0,0,0,64,171,-0.109375,0.03313590236482501,-0.142510902364825
0,0,0,0,64,172,0.046875,0.03313590236482501,0.013739097635174988
0,0,0,0,64,173,-0.109375,0.03313590236482501,-0.142510902364825
0,0,0,0,64,174,0.15625,0.03313590236482501,0.12311409763517499
0,0,0,0,64,175,-0.125,0.03313590236482501,-0.158135902364825
0,0,0,0,64,176,0.15625,0.03313590236482501,0.12311409763517499
0,0,0,0,64,177,-0.078125,0.03313590236482501,-0.11126090236482501
0,0,0,0,64,178,0.171875,0.03313590236482501,0.138739097635175
0,0,0,0,64,179,0.0,0.03313590236482501,-0.03313590236482501
0,0,0,0,64,180,0.203125,0.03313590236482501,0.169989097635175
0,0,0,0,64,181,-0.03125,0.03313590236482501,-0.06438590236482501
0,0,0,0,64,182,-0.109375,0.03313590236482501,-0.142510902364825
0,0,0,0,64,183,-0.1875,0.03313590236482501,-0.220635902364825
0,0,0,0,64,184,-0.140625,0.03313590236482501,-0.173760902364825
0,0,0,0,64,185,0.140625,0.03313590236482501,0.10748909763517499
0,0,0,0,64,186,0.0,0.03313590236482501,-0.03313590236482501
0,0,0,0,64,187,0.078125,0.03313590236482501,0.04498909763517499
0,0,0,0,64,188,-0.25,0.03313590236482501,-0.283135902364825
0,0,0,0,64,189,0.0,0.03313590236482501,-0.03313590236482501
0,0,0,0,64,190,0.078125,0.03313590236482501,0.04498909763517499
0,0,0,0,64,191,-0.046875,0.03313590236482501,-0.08001090236482501
0,0,0,0,64,192,0.203125,0.03313590236482501,0.169989097635175
0,0,0,0,64,193,0.09375,0.03313590236482501,0.06061409763517499
0,0,0,0,64,194,0.109375,0.03313590236482501,0.07623909763517499
0,0,0,0,64,195,0.03125,0.03313590236482501,-0.0018859023648250123
0,0,0,0,64,196,-0.09375,0.03313590236482501,-0.126885902364825
0,0,0,0,64,197,-0.03125,0.03313590236482501,-0.06438590236482501
0,0,0,0,64,198,0.15625,0.03313590236482501,0.12311409763517499
0,0,0,0,64,199,-0.015625,0.03313590236482501,-0.04876090236482501
0,0,0,0,128,0,0.109375,0.03313590236482501,0.07623909763517499
0,0,0,0,128,1,0.0234375,0.03313590236482501,-0.009698402364825012
0,0,0,0,128,2,0.0703125,0.03313590236482501,0.03717659763517499
0,0,0,0,128,3,0.0625,0.03313590236482501,0.029364097635174988
0,0,0,0,128,4,0.1640625,0.03313590236482501,0.130926597635175
0,0,0,0,128,5,-0.0078125,0.03313590236482501,-0.04094840236482501
0,0,0,0,128,6,0.0859375,0.03313590236482501,0.05280159763517499
0,0,0,0,128,7,0.0625,0.03313590236482501,0.029364097635174988
0,0,0,0,128,8,-0.0078125,0.03313590236482501,-0.04094840236482501
0,0,0,0,128,9,-0.0234375,0.03313590236482501,-0.05657340236482501
0,0,0,0,128,10,0.0234375,0.03313590236482501,-0.009698402364825012
0,0,0,0,128,11,0.109375,0.03313590236482501,0.07623909763517499
0,0,0,0,128,12,-0.0078125,0.03313590236482501,-0.04094840236482501
0,0,0,0,128,13,0.015625,0.03313590236482501,-0.017510902364825012
0,0,0,0,128,14,0.0859375,0.03313590236482501,0.05280159763517499
0,0,0,0,128,15,0.015625,0.03313590236482501,-0.017510902364825012
0,0,0,0,128,16,0.0234375,0.03313590236482501,-0.009698402364825012
0,0,0,0,128,17,0.0078125,0.03313590236482501,-0.025323402364825012
0,0,0,0,128,18,0.171875,0.03313590236482501,0.138739097635175
0,0,0,0,128,19,0.0546875,0.03313590236482501,0.021551597635174988
0,0,0,0,128,20,0.03125,0.03313590236482501,-0.0018859023648250123
0,0,0,0,128,21,-0.0078125,0.03313590236482501,-0.04094840236482501
0,0,0,0,128,22,0.0625,0.03313590236482501,0.029364097635174988
0,0,0,0,128,23,-0.0234375,0.03313590236482501,-0.05657340236482501
0,0,0,0,128,24,-0.0625,0.03313590236482501,-0.09563590236482501
0,0,0,0,128,25,0.046875,0.03313590236482501,0.013739097635174988
0,0,0,0,128,26,0.0703125,0.03313590236482501,0.03717659763517499
0,0,0,0,128,27,0.0703125,0.03313590236482501,0.03717659763517499
0,0,0,0,128,28,0.0546875,0.03313590236482501,0.021551597635174988
0,0,0,0,128,29,0.0,0.03313590236482501,-0.03313590236482501
0,0,0,0,128,30,0.078125,0.03313590236482501,0.04498909763517499
0,0,0,0,128,31,0.0546875,0.03313590236482501,0.021551597635174988
0,0,0,0,128,32,-0.0625,0.03313590236482501,-0.09563590236482501
0,0,0,0,128,33,0.0859375,0.03313590236482501,0.05280159763517499
0,0,0,0,128,34,0.1015625,0.03313590236482501,0.06842659763517499
0,0,0,0,128,35,0.1171875,0.03313590236482501,0.08405159763517499
0,0,0,0,128,36,-0.0390625,0.03313590236482501,-0.07219840236482501
0,0,0,0,128,37,0.1328125,0.03313590236482501,0.09967659763517499
0,0,0,0,128,38,0.078125,0.03313590236482501,0.04498909763517499
0,0,0,0,128,39,0.1484375,0.03313590236482501,0.11530159763517499
0,0,0,0,128,40,0.015625,0.03313590236482501,-0.017510902364825012
0,0,0,0,128,41,0.0625,0.03313590236482501,0.029364097635174988
0,0,0,0,128,42,0.1484375,0.03313590236482501,0.11530159763517499
0,0,0,0,128,43,0.0078125,0.03313590236482501,-0.025323402364825012
0,0,0,0,128,44,0.0234375,0.03313590236482501,-0.009698402364825012
0,0,0,0,128,45,0.0546875,0.03313590236482501,0.021551597635174988
0,0,0,0,128,46,0.015625,0.03313590236482501,-0.017510902364825012
0,0,0,0,128,47,0.0703125,0.03313590236482501,0.03717659763517499
0,0,0,0,128,48,0.046875,0.03313590236482501,0.013739097635174988
0,0,0,0,128,49,0.1171875,0.03313590236482501,0.08405159763517499
0,0,0,0,128,50,0.1328125,0.03313590236482501,0.09967659763517499
0,0,0,0,128,51,-0.015625,0.03313590236482501,-0.04876090236482501
0,0,0,0,128,52,0.0,0.03313590236482501,-0.03313590236482501
0,0,0,0,128,53,0.15625,0.03313590236482501,0.12311409763517499
0,0,0,0,128,54,-0.0390625,0.03313590236482501,-0.07219840236482501
0,0,0,0,128,55,0.0625,0.03313590236482501,0.029364097635174988
0,0,0,0,128,56,0.0625,0.03313590236482501,0.029364097635174988
0,0,0,0,128,57,0.0859375,0.03313590236482501,0.05280159763517499
0,0,0,0,128,58,-0.0078125,0.03313590236482501,-0.04094840236482501
0,0,0,0,128,59,-0.0390625,0.03313590236482501,-0.07219840236482501
0,0,0,0,128,60,0.0546875,0.03313590236482501,0.021551597635174988
0,0,0,0,128,61,0.0390625,0.03313590236482501,0.005926597635174988
0,0,0,0,128,62,-0.03125,0.03313590236482501,-0.06438590236482501
0,0,0,0,128,63,-0.0625,0.03313590236482501,-0.09563590236482501
0,0,0,0,128,64,0.140625,0.03313590236482501,0.10748909763517499
0,0,0,0,128,65,0.09375,0.03313590236482501,0.06061409763517499
0,0,0,0,128,66,-0.0546875,0.03313590236482501,-0.08782340236482501
0,0,0,0,128,67,0.1328125,0.03313590236482501,0.09967659763517499
0,0,0,0,128,68,0.1328125,0.03313590236482501,0.09967659763517499
0,0,0,0,128,69,0.078125,0.03313590236482501,0.04498909763517499
0,0,0,0,128,70,0.0234375,0.03313590236482501,-0.009698402364825012
0,0,0,0,128,71,0.0234375,0.03313590236482501,-0.009698402364825012
0,0,0,0,128,72,0.09375,0.03313590236482501,0.06061409763517499
0,0,0,0,128,73,0.0,0.03313590236482501,-0.03313590236482501
0,0,0,0,128,74,0.0,0.03313590236482501,-0.03313590236482501
0,0,0,0,128,75,-0.03125,0.03313590236482501,-0.06438590236482501
0,0,0,0,128,76,-0.09375,0.03313590236482501,-0.126885902364825
0,0,0,0,128,77,0.0078125,0.03313590236482501,-0.025323402364825012
0,0,0,0,128,78,0.03125,0.03313590236482501,-0.0018859023648250123
0,0,0,0,128,79,-0.03125,0.03313590236482501,-0.06438590236482501
0,0,0,0,128,80,0.015625,0.03313590236482501,-0.017510902364825012
0,0,0,0,128,81,0.03125,0.03313590236482501,-0.0018859023648250123
0,0,0,0,128,82,0.078125,0.03313590236482501,0.04498909763517499
0,0,0,0,128,83,0.046875,0.03313590236482501,0.013739097635174988
0,0,0,0,128,84,0.015625,0.03313590236482501,-0.017510902364825012
0,0,0,0,128,85,0.03125,0.03313590236482501,-0.0018859023648250123
0,0,0,0,128,86,0.078125,0.03313590236482501,0.04498909763517499
0,0,0,0,128,87,-0.0234375,0.03313590236482501,-0.05657340236482501
0,0,0,0,128,88,0.0625,0.03313590236482501,0.029364097635174988
0,0,0,0,128,89,0.125,0.03313590236482501,0.09186409763517499
0,0,0,0,128,90,0.0078125,0.03313590236482501,-0.025323402364825012
0,0,0,0,128,91,0.125,0.03313590236482501,0.09186409763517499
0,0,0,0,128,92,0.125,0.03313590236482501,0.09186409763517499
0,0,0,0,128,93,0.0078125,0.03313590236482501,-0.025323402364825012
0,0,0,0,128,94,0.078125,0.03313590236482501,0.04498909763517499
0,0,0,0,128,95,-0.046875,0.03313590236482501,-0.08001090236482501
0,0,0,0,128,96,0.0703125,0.03313590236482501,0.03717659763517499
0,0,0,0,128,97,0.1015625,0.03313590236482501,0.06842659763517499
0,0,0,0,128,98,0.0390625,0.03313590236482501,0.005926597635174988
0,0,0,0,128,99,0.109375,0.03313590236482501,0.07623909763517499
0,0,0,0,128,100,-0.0390625,0.03313590236482501,-0.07219840236482501
0,0,0,0,128,101,0.0546875,0.03313590236482501,0.021551597635174988
0,0,0,0,128,102,-0.078125,0.03313590236482501,-0.11126090236482501
0,0,0,0,128,103,-0.0390625,0.03313590236482501,-0.07219840236482501
0,0,0,0,128,104,0.0546875,0.03313590236482501,0.021551597635174988
0,0,0,0,128,105,-0.0234375,0.03313590236482501,-0.05657340236482501
0,0,0,0,128,106,-0.0078125,0.03313590236482501,-0.04094840236482501
0,0,0,0,128,107,0.0234375,0.03313590236482501,-0.009698402364825012
0,0,0,0,128,108,0.0078125,0.03313590236482501,-0.025323402364825012
0,0,0,0,128,109,0.125,0.03313590236482501,0.09186409763517499
0,0,0,0,128,110,0.1015625,0.03313590236482501,0.06842659763517499
0,0,0,0,128,111,-0.046875,0.03313590236482501,-0.08001090236482501
0,0,0,0,128,112,0.1015625,0.03313590236482501,0.06842659763517499
0,0,0,0,128,113,-0.078125,0.03313590236482501,-0.11126090236482501
0,0,0,0,128,114,0.0390625,0.03313590236482501,0.005926597635174988
0,0,0,0,128,115,0.1015625,0.03313590236482501,0.06842659763517499
0,0,0,0,128,116,-0.0078125,0.03313590236482501,-0.04094840236482501
0,0,0,0,128,117,0.078125,0.03313590236482501,0.04498909763517499
0,0,0,0,128,118,0.1015625,0.03313590236482501,0.06842659763517499
0,0,0,0,128,119,0.0546875,0.03313590236482501,0.021551597635174988
0,0,0,0,128,120,0.0390625,0.03313590236482501,0.005926597635174988
0,0,0,0,128,121,-0.03125,0.03313590236482501,-0.06438590236482501
0,0,0,0,128,122,0.0703125,0.03313590236482501,0.03717659763517499
0,0,0,0,128,123,0.0078125,0.03313590236482501,-0.025323402364825012
0,0,0,0,128,124,-0.0234375,0.03313590236482501,-0.05657340236482501
0,0,0,0,128,125,0.0,0.03313590236482501,-0.03313590236482501
0,0,0,0,128,126,-0.1015625,0.03313590236482501,-0.134698402364825
0,0,0,0,128,127,0.0078125,0.03313590236482501,-0.025323402364825012
0,0,0,0,128,128,0.03125,0.03313590236482501,-0.0018859023648250123
0,0,0,0,128,129,0.1171875,0.03313590236482501,0.08405159763517499
0,0,0,0,128,130,0.0625,0.03313590236482501,0.029364097635174988
0,0,0,0,128,131,0.046875,0.03313590236482501,0.013739097635174988
0,0,0,0,128,132,-0.1171875,0.03313590236482501,-0.150323402364825
0,0,0,0,128,133,0.0234375,0.03313590236482501,-0.009698402364825012
0,0,0,0,128,134,-0.0703125,0.03313590236482501,-0.10344840236482501
0,0,0,0,128,135,0.1640625,0.03313590236482501,0.130926597635175
0,0,0,0,128,136,0.09375,0.03313590236482501,0.06061409763517499
0,0,0,0,128,137,-0.1171875,0.03313590236482501,-0.150323402364825
0,0,0,0,128,138,0.0390625,0.03313590236482501,0.005926597635174988
0,0,0,0,128,139,-0.046875,0.03313590236482501,-0.08001090236482501
0,0,0,0,128,140,0.0234375,0.03313590236482501,-0.009698402364825012
0,0,0,0,128,141,0.1640625,0.03313590236482501,0.130926597635175
0,0,0,0,128,142,0.015625,0.03313590236482501,-0.017510902364825012
0,0,0,0,128,143,0.015625,0.03313590236482501,-0.017510902364825012
0,0,0,0,128,144,-0.09375,0.03313590236482501,-0.126885902364825
0,0,0,0,128,145,0.0859375,0.03313590236482501,0.05280159763517499
0,0,0,0,128,146,0.109375,0.03313590236482501,0.07623909763517499
0,0,0,0,128,147,-0.0703125,0.03313590236482501,-0.10344840236482501
0,0,0,0,128,148,0.03125,0.03313590236482501,-0.0018859023648250123
0,0,0,0,128,149,0.1015625,0.03313590236482501,0.06842659763517499
0,0,0,0,128,150,0.0234375,0.03313590236482501,-0.009698402364825012
0,0,0,0,128,151,0.015625,0.03313590236482501,-0.017510902364825012
0,0,0,0,128,152,0.0546875,0.03313590236482501,0.021551597635174988
0,0,0,0,128,153,-0.0859375,0.03313590236482501,-0.11907340236482501
0,0,0,0,128,154,0.0625,0.03313590236482501,0.029364097635174988
0,0,0,0,128,155,0.015625,0.03313590236482501,-0.017510902364825012
0,0,0,0,128,156,0.140625,0.03313590236482501,0.10748909763517499
0,0,0,0,128,157,0.1328125,0.03313590236482501,0.09967659763517499
0,0,0,0,128,158,0.0390625,0.03313590236482501,0.005926597635174988
0,0,0,0,128,159,-0.1015625,0.03313590236482501,-0.134698402364825
0,0,0,0,128,160,0.0625,0.03313590236482501,0.029364097635174988
0,0,0,0,128,161,0.0,0.03313590236482501,-0.03313590236482501
0,0,0,0,128,162,0.1171875,0.03313590236482501,0.08405159763517499
0,0,0,0,128,163,0.0234375,0.03313590236482501,-0.009698402364825012
0,0,0,0,128,164,0.015625,0.03313590236482501,-0.017510902364825012
0,0,0,0,128,165,0.109375,0.03313590236482501,0.07623909763517499
0,0,0,0,128,166,0.0703125,0.03313590236482501,0.03717659763517499
0,0,0,0,128,167,0.078125,0.03313590236482501,0.04498909763517499
0,0,0,0,128,168,0.03125,0.03313590236482501,-0.0018859023648250123
0,0,0,0,128,169,0.0546875,0.03313590236482501,0.021551597635174988
0,0,0,0,128,170,0.1171875,0.03313590236482501,0.08405159763517499
0,0,0,0,128,171,0.0703125,0.03313590236482501,0.03717659763517499
0,0,0,0,128,172,0.0,0.03313590236482501,-0.03313590236482501
0,0,0,0,128,173,0.109375,0.03313590236482501,0.07623909763517499
0,0,0,0,128,174,0.0,0.03313590236482501,-0.03313590236482501
0,0,0,0,128,175,0.1015625,0.03313590236482501,0.06842659763517499
0,0,0,0,128,176,0.140625,0.03313590236482501,0.10748909763517499
0,0,0,0,128,177,-0.0390625,0.03313590236482501,-0.07219840236482501
0,0,0,0,128,178,0.015625,0.03313590236482501,-0.017510902364825012
0,0,0,0,128,179,0.03125,0.03313590236482501,-0.0018859023648250123
0,0,0,0,128,180,0.109375,0.03313590236482501,0.07623909763517499
0,0,0,0,128,181,0.046875,0.03313590236482501,0.013739097635174988
0,0,0,0,128,182,-0.0625,0.03313590236482501,-0.09563590236482501
0,0,0,0,128,183,-0.015625,0.03313590236482501,-0.04876090236482501
0,0,0,0,128,184,0.09375,0.03313590236482501,0.06061409763517499
0,0,0,0,128,185,0.0,0.03313590236482501,-0.03313590236482501
0,0,0,0,128,186,0.09375,0.03313590236482501,0.06061409763517499
0,0,0,0,128,187,0.0390625,0.03313590236482501,0.005926597635174988
0,0,0,0,128,188,-0.0703125,0.03313590236482501,-0.10344840236482501
0,0,0,0,128,189,0.0390625,0.03313590236482501,0.005926597635174988
0,0,0,0,128,190,0.0546875,0.03313590236482501,0.021551597635174988
0,0,0,0,128,191,-0.03125,0.03313590236482501,-0.06438590236482501
0,0,0,0,128,192,0.046875,0.03313590236482501,0.013739097635174988
0,0,0,0,128,193,0.03125,0.03313590236482501,-0.0018859023648250123
0,0,0,0,128,194,0.140625,0.03313590236482501,0.10748909763517499
0,0,0,0,128,195,0.015625,0.03313590236482501,-0.017510902364825012
0,0,0,0,128,196,0.0625,0.03313590236482501,0.029364097635174988
0,0,0,0,128,197,0.1484375,0.03313590236482501,0.11530159763517499
0,0,0,0,128,198,0.046875,0.03313590236482501,0.013739097635174988
0,0,0,0,128,199,-0.015625,0.03313590236482501,-0.04876090236482501
0,0,0,0,256,0,0.09765625,0.03313590236482501,0.06452034763517499
0,0,0,0,256,1,-0.03515625,0.03313590236482501,-0.06829215236482501
0,0,0,0,256,2,0.078125,0.03313590236482501,0.04498909763517499
0,0,0,0,256,3,0.02734375,0.03313590236482501,-0.005792152364825012
0,0,0,0,256,4,0.05859375,0.03313590236482501,0.025457847635174988
0,0,0,0,256,5,0.10546875,0.03313590236482501,0.07233284763517499
0,0,0,0,256,6,0.015625,0.03313590236482501,-0.017510902364825012
0,0,0,0,256,7,-0.02734375,0.03313590236482501,-0.06047965236482501
0,0,0,0,256,8,0.03515625,0.03313590236482501,0.0020203476351749877
0,0,0,0,256,9,0.0,0.03313590236482501,-0.03313590236482501
0,0,0,0,256,10,0.0625,0.03313590236482501,0.029364097635174988
0,0,0,0,256,11,0.0703125,0.03313590236482501,0.03717659763517499
0,0,0,0,256,12,0.08203125,0.03313590236482501,0.04889534763517499
0,0,0,0,256,13,0.04296875,0.03313590236482501,0.009832847635174988
0,0,0,0,256,14,0.15234375,0.03313590236482501,0.11920784763517499
0,0,0,0,256,15,0.04296875,0.03313590236482501,0.009832847635174988
0,0,0,0,256,16,0.01171875,0.03313590236482501,-0.021417152364825012
0,0,0,0,256,17,0.0390625,0.03313590236482501,0.005926597635174988
0,0,0,0,256,18,0.03515625,0.03313590236482501,0.0020203476351749877
0,0,0,0,256,19,0.05859375,0.03313590236482501,0.025457847635174988
0,0,0,0,256,20,-0.015625,0.03313590236482501,-0.04876090236482501
0,0,0,0,256,21,0.07421875,0.03313590236482501,0.04108284763517499
0,0,0,0,256,22,0.00390625,0.03313590236482501,-0.029229652364825012
0,0,0,0,256,23,0.10546875,0.03313590236482501,0.07233284763517499
0,0,0,0,256,24,0.12890625,0.03313590236482501,0.09577034763517499
0,0,0,0,256,25,0.03515625,0.03313590236482501,0.0020203476351749877
0,0,0,0,256,26,0.08984375,0.03313590236482501,0.05670784763517499
0,0,0,0,256,27,0.08203125,0.03313590236482501,0.04889534763517499
0,0,0,0,256,28,0.02734375,0.03313590236482501,-0.005792152364825012
0,0,0,0,256,29,0.0234375,0.03313590236482501,-0.009698402364825012
0,0,0,0,256,30,0.0859375,0.03313590236482501,0.05280159763517499
0,0,0,0,256,31,-0.01171875,0.03313590236482501,-0.04485465236482501
0,0,0,0,256,32,0.00390625,0.03313590236482501,-0.029229652364825012
0,0,0,0,256,33,0.01953125,0.03313590236482501,-0.013604652364825012
0,0,0,0,256,34,0.12109375,0.03313590236482501,0.08795784763517499
0,0,0,0,256,35,0.01171875,0.03313590236482501,-0.021417152364825012
0,0,0,0,256,36,-0.03125,0.03313590236482501,-0.06438590236482501
0,0,0,0,256,37,0.0390625,0.03313590236482501,0.005926597635174988
0,0,0,0,256,38,-0.0625,0.03313590236482501,-0.09563590236482501
0,0,0,0,256,39,0.046875,0.03313590236482501,0.013739097635174988
0,0,0,0,256,40,0.02734375,0.03313590236482501,-0.005792152364825012
0,0,0,0,256,41,0.0078125,0.03313590236482501,-0.025323402364825012
0,0,0,0,256,42,0.10546875,0.03313590236482501,0.07233284763517499
0,0,0,0,256,43,0.015625,0.03313590236482501,-0.017510902364825012
0,0,0,0,256,44,-0.0078125,0.03313590236482501,-0.04094840236482501
0,0,0,0,256,45,0.01953125,0.03313590236482501,-0.013604652364825012
0,0,0,0,256,46,0.046875,0.03313590236482501,0.013739097635174988
0,0,0,0,256,47,0.07421875,0.03313590236482501,0.04108284763517499
0,0,0,0,256,48,0.0859375,0.03313590236482501,0.05280159763517499
0,0,0,0,256,49,0.04296875,0.03313590236482501,0.009832847635174988
0,0,0,0,256,50,0.1015625,0.03313590236482501,0.06842659763517499
0,0,0,0,256,51,0.02734375,0.03313590236482501,-0.005792152364825012
0,0,0,0,256,52,0.10546875,0.03313590236482501,0.07233284763517499
0,0,0,0,256,53,0.04296875,0.03313590236482501,0.009832847635174988
0,0,0,0,256,54,0.0234375,0.03313590236482501,-0.009698402364825012
0,0,0,0,256,55,0.0234375,0.03313590236482501,-0.009698402364825012
0,0,0,0,256,56,0.0234375,0.03313590236482501,-0.009698402364825012
0,0,0,0,256,57,-0.04296875,0.03313590236482501,-0.07610465236482501
0,0,0,0,256,58,0.09375,0.03313590236482501,0.06061409763517499
0,0,0,0,256,59,0.0703125,0.03313590236482501,0.03717659763517499
0,0,0,0,256,60,0.02734375,0.03313590236482501,-0.005792152364825012
0,0,0,0,256,61,0.109375,0.03313590236482501,0.07623909763517499
0,0,0,0,256,62,0.03515625,0.03313590236482501,0.0020203476351749877
0,0,0,0,256,63,0.015625,0.03313590236482501,-0.017510902364825012
0,0,0,0,256,64,0.00390625,0.03313590236482501,-0.029229652364825012
0,0,0,0,256,65,0.02734375,0.03313590236482501,-0.005792152364825012
0,0,0,0,256,66,-0.04296875,0.03313590236482501,-0.07610465236482501
0,0,0,0,256,67,-0.015625,0.03313590236482501,-0.04876090236482501
0,0,0,0,256,68,0.03515625,0.03313590236482501,0.0020203476351749877
0,0,0,0,256,69,0.0078125,0.03313590236482501,-0.025323402364825012
0,0,0,0,256,70,0.07421875,0.03313590236482501,0.04108284763517499
0,0,0,0,256,71,-0.00390625,0.03313590236482501,-0.03704215236482501
0,0,0,0,256,72,0.01171875,0.03313590236482501,-0.021417152364825012
0,0,0,0,256,73,0.03125,0.03313590236482501,-0.0018859023648250123
0,0,0,0,256,74,0.109375,0.03313590236482501,0.07623909763517499
0,0,0,0,256,75,0.046875,0.03313590236482501,0.013739097635174988
0,0,0,0,256,76,-0.04296875,0.03313590236482501,-0.07610465236482501
0,0,0,0,256,77,-0.015625,0.03313590236482501,-0.04876090236482501
0,0,0,0,256,78,-0.015625,0.03313590236482501,-0.04876090236482501
0,0,0,0,256,79,0.0078125,0.03313590236482501,-0.025323402364825012
0,0,0,0,256,80,0.03125,0.03313590236482501,-0.0018859023648250123
0,0,0,0,256,81,0.015625,0.03313590236482501,-0.017510902364825012
0,0,0,0,256,82,0.06640625,0.03313590236482501,0.03327034763517499
0,0,0,0,256,83,0.05859375,0.03313590236482501,0.025457847635174988
0,0,0,0,256,84,0.0703125,0.03313590236482501,0.03717659763517499
0,0,0,0,256,85,0.078125,0.03313590236482501,0.04498909763517499
0,0,0,0,256,86,0.1015625,0.03313590236482501,0.06842659763517499
0,0,0,0,256,87,0.03125,0.03313590236482501,-0.0018859023648250123
0,0,0,0,256,88,0.03125,0.03313590236482501,-0.0018859023648250123
0,0,0,0,256,89,-0.01171875,0.03313590236482501,-0.04485465236482501
0,0,0,0,256,90,0.14453125,0.03313590236482501,0.11139534763517499
0,0,0,0,256,91,0.02734375,0.03313590236482501,-0.005792152364825012
0,0,0,0,256,92,0.04296875,0.03313590236482501,0.009832847635174988
0,0,0,0,256,93,0.06640625,0.03313590236482501,0.03327034763517499
0,0,0,0,256,94,0.0,0.03313590236482501,-0.03313590236482501
0,0,0,0,256,95,0.046875,0.03313590236482501,0.013739097635174988
0,0,0,0,256,96,-0.03515625,0.03313590236482501,-0.06829215236482501
0,0,0,0,256,97,-0.02734375,0.03313590236482501,-0.06047965236482501
0,0,0,0,256,98,0.04296875,0.03313590236482501,0.009832847635174988
0,0,0,0,256,99,0.05859375,0.03313590236482501,0.025457847635174988
0,0,0,0,256,100,0.03515625,0.03313590236482501,0.0020203476351749877
0,0,0,0,256,101,0.05078125,0.03313590236482501,0.017645347635174988
0,0,0,0,256,102,0.08984375,0.03313590236482501,0.05670784763517499
0,0,0,0,256,103,0.03515625,0.03313590236482501,0.0020203476351749877
0,0,0,0,256,104,0.046875,0.03313590236482501,0.013739097635174988
0,0,0,0,256,105,0.1171875,0.03313590236482501,0.08405159763517499
0,0,0,0,256,106,0.0546875,0.03313590236482501,0.021551597635174988
0,0,0,0,256,107,0.0390625,0.03313590236482501,0.005926597635174988
0,0,0,0,256,108,-0.04296875,0.03313590236482501,-0.07610465236482501
0,0,0,0,256,109,0.03515625,0.03313590236482501,0.0020203476351749877
0,0,0,0,256,110,0.0,0.03313590236482501,-0.03313590236482501
0,0,0,0,256,111,0.03515625,0.03313590236482501,0.0020203476351749877
0,0,0,0,256,112,-0.02734375,0.03313590236482501,-0.06047965236482501
0,0,0,0,256,113,0.0390625,0.03313590236482501,0.005926597635174988
0,0,0,0,256,114,0.10546875,0.03313590236482501,0.07233284763517499
0,0,0,0,256,115,0.01171875,0.03313590236482501,-0.021417152364825012
0,0,0,0,256,116,0.02734375,0.03313590236482501,-0.005792152364825012
0,0,0,0,256,117,0.0390625,0.03313590236482501,0.005926597635174988
0,0,0,0,256,118,-0.0625,0.03313590236482501,-0.09563590236482501
0,0,0,0,256,119,0.0625,0.03313590236482501,0.029364097635174988
0,0,0,0,256,120,0.0390625,0.03313590236482501,0.005926597635174988
0,0,0,0,256,121,0.04296875,0.03313590236482501,0.009832847635174988
0,0,0,0,256,122,0.0625,0.03313590236482501,0.029364097635174988
0,0,0,0,256,123,0.09375,0.03313590236482501,0.06061409763517499
0,0,0,0,256,124,0.03515625,0.03313590236482501,0.0020203476351749877
0,0,0,0,256,125,-0.05859375,0.03313590236482501,-0.09172965236482501
0,0,0,0,256,126,0.0546875,0.03313590236482501,0.021551597635174988
0,0,0,0,256,127,0.0,0.03313590236482501,-0.03313590236482501
0,0,0,0,256,128,-0.0078125,0.03313590236482501,-0.04094840236482501
0,0,0,0,256,129,0.046875,0.03313590236482501,0.013739097635174988
0,0,0,0,256,130,0.06640625,0.03313590236482501,0.03327034763517499
0,0,0,0,256,131,0.07421875,0.03313590236482501,0.04108284763517499
0,0,0,0,256,132,0.00390625,0.03313590236482501,-0.029229652364825012
0,0,0,0,256,133,0.01171875,0.03313590236482501,-0.021417152364825012
0,0,0,0,256,134,-0.0078125,0.03313590236482501,-0.04094840236482501
0,0,0,0,256,135,-0.03515625,0.03313590236482501,-0.06829215236482501
0,0,0,0,256,136,0.109375,0.03313590236482501,0.07623909763517499
0,0,0,0,256,137,0.03125,0.03313590236482501,-0.0018859023648250123
0,0,0,0,256,138,0.0234375,0.03313590236482501,-0.009698402364825012
0,0,0,0,256,139,0.0703125,0.03313590236482501,0.03717659763517499
0,0,0,0,256,140,-0.04296875,0.03313590236482501,-0.07610465236482501
0,0,0,0,256,141,0.0546875,0.03313590236482501,0.021551597635174988
0,0,0,0,256,142,0.04296875,0.03313590236482501,0.009832847635174988
0,0,0,0,256,143,0.08203125,0.03313590236482501,0.04889534763517499
0,0,0,0,256,144,-0.01171875,0.03313590236482501,-0.04485465236482501
0,0,0,0,256,145,0.0,0.03313590236482501,-0.03313590236482501
0,0,0,0,256,146,0.1015625,0.03313590236482501,0.06842659763517499
0,0,0,0,256,147,0.0625,0.03313590236482501,0.029364097635174988
0,0,0,0,256,148,-0.02734375,0.03313590236482501,-0.06047965236482501
0,0,0,0,256,149,0.0546875,0.03313590236482501,0.021551597635174988
0,0,0,0,256,150,0.09375,0.03313590236482501,0.06061409763517499
0,0,0,0,256,151,0.046875,0.03313590236482501,0.013739097635174988
0,0,0,0,256,152,0.0390625,0.03313590236482501,0.005926597635174988
0,0,0,0,256,153,-0.0703125,0.03313590236482501,-0.10344840236482501
0,0,0,0,256,154,0.0703125,0.03313590236482501,0.03717659763517499
0,0,0,0,256,155,0.02734375,0.03313590236482501,-0.005792152364825012
0,0,0,0,256,156,0.03515625,0.03313590236482501,0.0020203476351749877
0,0,0,0,256,157,-0.08984375,0.03313590236482501,-0.12297965236482501
0,0,0,0,256,158,0.04296875,0.03313590236482501,0.009832847635174988
0,0,0,0,256,159,0.01171875,0.03313590236482501,-0.021417152364825012
0,0,0,0,256,160,0.08984375,0.03313590236482501,0.05670784763517499
0,0,0,0,256,161,-0.00390625,0.03313590236482501,-0.03704215236482501
0,0,0,0,256,162,0.0546875,0.03313590236482501,0.021551597635174988
0,0,0,0,256,163,0.09375,0.03313590236482501,0.06061409763517499
0,0,0,0,256,164,0.09765625,0.03313590236482501,0.06452034763517499
0,0,0,0,256,165,-0.01171875,0.03313590236482501,-0.04485465236482501
0,0,0,0,256,166,0.01953125,0.03313590236482501,-0.013604652364825012
0,0,0,0,256,167,-0.01953125,0.03313590236482501,-0.05266715236482501
0,0,0,0,256,168,0.05078125,0.03313590236482501,0.017645347635174988
0,0,0,0,256,169,-0.05859375,0.03313590236482501,-0.09172965236482501
0,0,0,0,256,170,0.0,0.03313590236482501,-0.03313590236482501
0,0,0,0,256,171,0.1015625,0.03313590236482501,0.06842659763517499
0,0,0,0,256,172,0.14453125,0.03313590236482501,0.11139534763517499
0,0,0,0,256,173,0.0546875,0.03313590236482501,0.021551597635174988
0,0,0,0,256,174,0.0703125,0.03313590236482501,0.03717659763517499
0,0,0,0,256,175,0.0703125,0.03313590236482501,0.03717659763517499
0,0,0,0,256,176,0.015625,0.03313590236482501,-0.017510902364825012
0,0,0,0,256,177,0.08203125,0.03313590236482501,0.04889534763517499
0,0,0,0,256,178,0.1015625,0.03313590236482501,0.06842659763517499
0,0,0,0,256,179,-0.0078125,0.03313590236482501,-0.04094840236482501
0,0,0,0,256,180,0.07421875,0.03313590236482501,0.04108284763517499
0,0,0,0,256,181,0.04296875,0.03313590236482501,0.009832847635174988
0,0,0,0,256,182,0.078125,0.03313590236482501,0.04498909763517499
0,0,0,0,256,183,0.0703125,0.03313590236482501,0.03717659763517499
0,0,0,0,256,184,-0.05078125,0.03313590236482501,-0.08391715236482501
0,0,0,0,256,185,0.00390625,0.03313590236482501,-0.029229652364825012
0,0,0,0,256,186,0.0078125,0.03313590236482501,-0.025323402364825012
0,0,0,0,256,187,-0.0234375,0.03313590236482501,-0.05657340236482501
0,0,0,0,256,188,-0.0078125,0.03313590236482501,-0.04094840236482501
0,0,0,0,256,189,0.0859375,0.03313590236482501,0.05280159763517499
0,0,0,0,256,190,0.04296875,0.03313590236482501,0.009832847635174988
0,0,0,0,256,191,-0.01953125,0.03313590236482501,-0.05266715236482501
0,0,0,0,256,192,0.01953125,0.03313590236482501,-0.013604652364825012
0,0,0,0,256,193,0.0078125,0.03313590236482501,-0.025323402364825012
0,0,0,0,256,194,0.01953125,0.03313590236482501,-0.013604652364825012
0,0,0,0,256,195,0.07421875,0.03313590236482501,0.04108284763517499
0,0,0,0,256,196,0.08203125,0.03313590236482501,0.04889534763517499
0,0,0,0,256,197,0.00390625,0.03313590236482501,-0.029229652364825012
0,0,0,0,256,198,0.02734375,0.03313590236482501,-0.005792152364825012
0,0,0,0,256,199,0.00390625,0.03313590236482501,-0.029229652364825012
0,0,0,0,512,0,0.0703125,0.03313590236482501,0.03717659763517499
0,0,0,0,512,1,0.009765625,0.03313590236482501,-0.023370277364825012
0,0,0,0,512,2,0.05078125,0.03313590236482501,0.017645347635174988
0,0,0,0,512,3,-0.015625,0.03313590236482501,-0.04876090236482501
0,0,0,0,512,4,0.009765625,0.03313590236482501,-0.023370277364825012
0,0,0,0,512,5,0.01953125,0.03313590236482501,-0.013604652364825012
0,0,0,0,512,6,0.06640625,0.03313590236482501,0.03327034763517499
0,0,0,0,512,7,-0.0234375,0.03313590236482501,-0.05657340236482501
0,0,0,0,512,8,0.037109375,0.03313590236482501,0.003973472635174988
0,0,0,0,512,9,0.03515625,0.03313590236482501,0.0020203476351749877
0,0,0,0,512,10,0.03125,0.03313590236482501,-0.0018859023648250123
0,0,0,0,512,11,0.017578125,0.03313590236482501,-0.015557777364825012
0,0,0,0,512,12,0.05859375,0.03313590236482501,0.025457847635174988
0,0,0,0,512,13,0.009765625,0.03313590236482501,-0.023370277364825012
0,0,0,0,512,14,0.0078125,0.03313590236482501,-0.025323402364825012
0,0,0,0,512,15,0.0625,0.03313590236482501,0.029364097635174988
0,0,0,0,512,16,0.033203125,0.03313590236482501,6.722263517498772e-05
0,0,0,0,512,17,0.017578125,0.03313590236482501,-0.015557777364825012
0,0,0,0,512,18,-0.009765625,0.03313590236482501,-0.04290152736482501
0,0,0,0,512,19,0.060546875,0.03313590236482501,0.027410972635174988
0,0,0,0,512,20,0.048828125,0.03313590236482501,0.015692222635174988
0,0,0,0,512,21,0.08203125,0.03313590236482501,0.04889534763517499
0,0,0,0,512,22,-0.005859375,0.03313590236482501,-0.03899527736482501
0,0,0,0,512,23,0.015625,0.03313590236482501,-0.017510902364825012
0,0,0,0,512,24,0.07421875,0.03313590236482501,0.04108284763517499
0,0,0,0,512,25,-0.041015625,0.03313590236482501,-0.07415152736482501
0,0,0,0,512,26,0.11328125,0.03313590236482501,0.08014534763517499
0,0,0,0,512,27,0.033203125,0.03313590236482501,6.722263517498772e-05
0,0,0,0,512,28,0.0,0.03313590236482501,-0.03313590236482501
0,0,0,0,512,29,0.052734375,0.03313590236482501,0.019598472635174988
0,0,0,0,512,30,0.0703125,0.03313590236482501,0.03717659763517499
0,0,0,0,512,31,-0.025390625,0.03313590236482501,-0.05852652736482501
0,0,0,0,512,32,0.044921875,0.03313590236482501,0.011785972635174988
0,0,0,0,512,33,0.013671875,0.03313590236482501,-0.019464027364825012
0,0,0,0,512,34,0.07421875,0.03313590236482501,0.04108284763517499
0,0,0,0,512,35,0.05078125,0.03313590236482501,0.017645347635174988
0,0,0,0,512,36,-0.017578125,0.03313590236482501,-0.05071402736482501
0,0,0,0,512,37,0.025390625,0.03313590236482501,-0.007745277364825012
0,0,0,0,512,38,0.017578125,0.03313590236482501,-0.015557777364825012
0,0,0,0,512,39,0.017578125,0.03313590236482501,-0.015557777364825012
0,0,0,0,512,40,0.087890625,0.03313590236482501,0.05475472263517499
0,0,0,0,512,41,0.095703125,0.03313590236482501,0.06256722263517499
0,0,0,0,512,42,0.017578125,0.03313590236482501,-0.015557777364825012
0,0,0,0,512,43,0.05859375,0.03313590236482501,0.025457847635174988
0,0,0,0,512,44,0.00390625,0.03313590236482501,-0.029229652364825012
0,0,0,0,512,45,0.03515625,0.03313590236482501,0.0020203476351749877
0,0,0,0,512,46,0.01171875,0.03313590236482501,-0.021417152364825012
0,0,0,0,512,47,0.021484375,0.03313590236482501,-0.011651527364825012
0,0,0,0,512,48,0.0703125,0.03313590236482501,0.03717659763517499
0,0,0,0,512,49,0.0390625,0.03313590236482501,0.005926597635174988
0,0,0,0,512,50,0.0546875,0.03313590236482501,0.021551597635174988
0,0,0,0,512,51,0.111328125,0.03313590236482501,0.07819222263517499
0,0,0,0,512,52,0.041015625,0.03313590236482501,0.007879722635174988
0,0,0,0,512,53,0.037109375,0.03313590236482501,0.003973472635174988
0,0,0,0,512,54,-0.033203125,0.03313590236482501,-0.06633902736482501
0,0,0,0,512,55,0.029296875,0.03313590236482501,-0.0038390273648250123
0,0,0,0,512,56,-0.02734375,0.03313590236482501,-0.06047965236482501
0,0,0,0,512,57,0.048828125,0.03313590236482501,0.015692222635174988
0,0,0,0,512,58,0.06640625,0.03313590236482501,0.03327034763517499
0,0,0,0,512,59,0.044921875,0.03313590236482501,0.011785972635174988
0,0,0,0,512,60,0.033203125,0.03313590236482501,6.722263517498772e-05
0,0,0,0,512,61,0.056640625,0.03313590236482501,0.023504722635174988
0,0,0,0,512,62,0.01953125,0.03313590236482501,-0.013604652364825012
0,0,0,0,512,63,0.04296875,0.03313590236482501,0.009832847635174988
0,0,0,0,512,64,0.025390625,0.03313590236482501,-0.007745277364825012
0,0,0,0,512,65,0.015625,0.03313590236482501,-0.017510902364825012
0,0,0,0,512,66,-0.009765625,0.03313590236482501,-0.04290152736482501
0,0,0,0,512,67,0.109375,0.03313590236482501,0.07623909763517499
0,0,0,0,512,68,0.087890625,0.03313590236482501,0.05475472263517499
0,0,0,0,512,69,-0.001953125,0.03313590236482501,-0.03508902736482501
0,0,0,0,512,70,0.009765625,0.03313590236482501,-0.023370277364825012
0,0,0,0,512,71,0.005859375,0.03313590236482501,-0.027276527364825012
0,0,0,0,512,72,-0.03125,0.03313590236482501,-0.06438590236482501
0,0,0,0,512,73,0.060546875,0.03313590236482501,0.027410972635174988
0,0,0,0,512,74,0.083984375,0.03313590236482501,0.05084847263517499
0,0,0,0,512,75,0.025390625,0.03313590236482501,-0.007745277364825012
0,0,0,0,512,76,0.041015625,0.03313590236482501,0.007879722635174988
0,0,0,0,512,77,0.033203125,0.03313590236482501,6.722263517498772e-05
0,0,0,0,512,78,0.060546875,0.03313590236482501,0.027410972635174988
0,0,0,0,512,79,0.02734375,0.03313590236482501,-0.005792152364825012
0,0,0,0,512,80,0.044921875,0.03313590236482501,0.011785972635174988
0,0,0,0,512,81,0.048828125,0.03313590236482501,0.015692222635174988
0,0,0,0,512,82,0.01953125,0.03313590236482501,-0.013604652364825012
0,0,0,0,512,83,0.0703125,0.03313590236482501,0.03717659763517499
0,0,0,0,512,84,0.0,0.03313590236482501,-0.03313590236482501
0,0,0,0,512,85,0.048828125,0.03313590236482501,0.015692222635174988
0,0,0,0,512,86,0.01171875,0.03313590236482501,-0.021417152364825012
0,0,0,0,512,87,0.0390625,0.03313590236482501,0.005926597635174988
0,0,0,0,512,88,0.03515625,0.03313590236482501,0.0020203476351749877
0,0,0,0,512,89,0.064453125,0.03313590236482501,0.03131722263517499
0,0,0,0,512,90,0.021484375,0.03313590236482501,-0.011651527364825012
0,0,0,0,512,91,-0.0234375,0.03313590236482501,-0.05657340236482501
0,0,0,0,512,92,0.048828125,0.03313590236482501,0.015692222635174988
0,0,0,0,512,93,0.009765625,0.03313590236482501,-0.023370277364825012
0,0,0,0,512,94,0.001953125,0.03313590236482501,-0.031182777364825012
0,0,0,0,512,95,-0.03125,0.03313590236482501,-0.06438590236482501
0,0,0,0,512,96,0.037109375,0.03313590236482501,0.003973472635174988
0,0,0,0,512,97,0.015625,0.03313590236482501,-0.017510902364825012
0,0,0,0,512,98,0.056640625,0.03313590236482501,0.023504722635174988
0,0,0,0,512,99,0.0390625,0.03313590236482501,0.005926597635174988
0,0,0,0,512,100,0.0,0.03313590236482501,-0.03313590236482501
0,0,0,0,512,101,0.0078125,0.03313590236482501,-0.025323402364825012
0,0,0,0,512,102,0.046875,0.03313590236482501,0.013739097635174988
0,0,0,0,512,103,0.044921875,0.03313590236482501,0.011785972635174988
0,0,0,0,512,104,-0.015625,0.03313590236482501,-0.04876090236482501
0,0,0,0,512,105,0.013671875,0.03313590236482501,-0.019464027364825012
0,0,0,0,512,106,0.029296875,0.03313590236482501,-0.0038390273648250123
0,0,0,0,512,107,-0.001953125,0.03313590236482501,-0.03508902736482501
0,0,0,0,512,108,0.025390625,0.03313590236482501,-0.007745277364825012
0,0,0,0,512,109,0.017578125,0.03313590236482501,-0.015557777364825012
0,0,0,0,512,110,0.0703125,0.03313590236482501,0.03717659763517499
0,0,0,0,512,111,-0.009765625,0.03313590236482501,-0.04290152736482501
0,0,0,0,512,112,0.07421875,0.03313590236482501,0.04108284763517499
0,0,0,0,512,113,0.048828125,0.03313590236482501,0.015692222635174988
0,0,0,0,512,114,0.05078125,0.03313590236482501,0.017645347635174988
0,0,0,0,512,115,-0.009765625,0.03313590236482501,-0.04290152736482501
0,0,0,0,512,116,-0.01171875,0.03313590236482501,-0.04485465236482501
0,0,0,0,512,117,0.046875,0.03313590236482501,0.013739097635174988
0,0,0,0,512,118,0.052734375,0.03313590236482501,0.019598472635174988
0,0,0,0,512,119,0.0390625,0.03313590236482501,0.005926597635174988
0,0,0,0,512,120,0.044921875,0.03313590236482501,0.011785972635174988
0,0,0,0,512,121,-0.029296875,0.03313590236482501,-0.06243277736482501
0,0,0,0,512,122,0.03125,0.03313590236482501,-0.0018859023648250123
0,0,0,0,512,123,0.08203125,0.03313590236482501,0.04889534763517499
0,0,0,0,512,124,0.01171875,0.03313590236482501,-0.021417152364825012
0,0,0,0,512,125,0.03515625,0.03313590236482501,0.0020203476351749877
0,0,0,0,512,126,0.0234375,0.03313590236482501,-0.009698402364825012
0,0,0,0,512,127,0.0625,0.03313590236482501,0.029364097635174988
0,0,0,0,512,128,0.013671875,0.03313590236482501,-0.019464027364825012
0,0,0,0,512,129,0.08203125,0.03313590236482501,0.04889534763517499
0,0,0,0,512,130,0.046875,0.03313590236482501,0.013739097635174988
0,0,0,0,512,131,0.052734375,0.03313590236482501,0.019598472635174988
0,0,0,0,512,132,0.03515625,0.03313590236482501,0.0020203476351749877
0,0,0,0,512,133,0.029296875,0.03313590236482501,-0.0038390273648250123
0,0,0,0,512,134,0.00390625,0.03313590236482501,-0.029229652364825012
0,0,0,0,512,135,-0.0078125,0.03313590236482501,-0.04094840236482501
0,0,0,0,512,136,-0.017578125,0.03313590236482501,-0.05071402736482501
0,0,0,0,512,137,0.01171875,0.03313590236482501,-0.021417152364825012
0,0,0,0,512,138,0.07421875,0.03313590236482501,0.04108284763517499
0,0,0,0,512,139,0.087890625,0.03313590236482501,0.05475472263517499
0,0,0,0,512,140,0.01171875,0.03313590236482501,-0.021417152364825012
0,0,0,0,512,141,0.072265625,0.03313590236482501,0.03912972263517499
0,0,0,0,512,142,-0.0390625,0.03313590236482501,-0.07219840236482501
0,0,0,0,512,143,-0.001953125,0.03313590236482501,-0.03508902736482501
0,0,0,0,512,144,0.017578125,0.03313590236482501,-0.015557777364825012
0,0,0,0,512,145,0.02734375,0.03313590236482501,-0.005792152364825012
0,0,0,0,512,146,-0.068359375,0.03313590236482501,-0.10149527736482501
0,0,0,0,512,147,0.099609375,0.03313590236482501,0.06647347263517499
0,0,0,0,512,148,0.013671875,0.03313590236482501,-0.019464027364825012
0,0,0,0,512,149,0.0546875,0.03313590236482501,0.021551597635174988
0,0,0,0,512,150,-0.0078125,0.03313590236482501,-0.04094840236482501
0,0,0,0,512,151,0.0703125,0.03313590236482501,0.03717659763517499
0,0,0,0,512,152,0.01953125,0.03313590236482501,-0.013604652364825012
0,0,0,0,512,153,-0.01171875,0.03313590236482501,-0.04485465236482501
0,0,0,0,512,154,-0.005859375,0.03313590236482501,-0.03899527736482501
0,0,0,0,512,155,0.029296875,0.03313590236482501,-0.0038390273648250123
0,0,0,0,512,156,0.056640625,0.03313590236482501,0.023504722635174988
0,0,0,0,512,157,0.04296875,0.03313590236482501,0.009832847635174988
0,0,0,0,512,158,0.041015625,0.03313590236482501,0.007879722635174988
0,0,0,0,512,159,0.01953125,0.03313590236482501,-0.013604652364825012
0,0,0,0,512,160,-0.0078125,0.03313590236482501,-0.04094840236482501
0,0,0,0,512,161,-0.001953125,0.03313590236482501,-0.03508902736482501
0,0,0,0,512,162,0.029296875,0.03313590236482501,-0.0038390273648250123
0,0,0,0,512,163,-0.015625,0.03313590236482501,-0.04876090236482501
0,0,0,0,512,164,-0.009765625,0.03313590236482501,-0.04290152736482501
0,0,0,0,512,165,0.009765625,0.03313590236482501,-0.023370277364825012
0,0,0,0,512,166,0.037109375,0.03313590236482501,0.003973472635174988
0,0,0,0,512,167,0.099609375,0.03313590236482501,0.06647347263517499
0,0,0,0,512,168,0.00390625,0.03313590236482501,-0.029229652364825012
0,0,0,0,512,169,0.005859375,0.03313590236482501,-0.027276527364825012
0,0,0,0,512,170,0.060546875,0.03313590236482501,0.027410972635174988
0,0,0,0,512,171,0.046875,0.03313590236482501,0.013739097635174988
0,0,0,0,512,172,0.029296875,0.03313590236482501,-0.0038390273648250123
0,0,0,0,512,173,0.0546875,0.03313590236482501,0.021551597635174988
0,0,0,0,512,174,0.078125,0.03313590236482501,0.04498909763517499
0,0,0,0,512,175,0.005859375,0.03313590236482501,-0.027276527364825012
0,0,0,0,512,176,0.017578125,0.03313590236482501,-0.015557777364825012
0,0,0,0,512,177,0.04296875,0.03313590236482501,0.009832847635174988
0,0,0,0,512,178,0.015625,0.03313590236482501,-0.017510902364825012
0,0,0,0,512,179,0.03125,0.03313590236482501,-0.0018859023648250123
0,0,0,0,512,180,0.064453125,0.03313590236482501,0.03131722263517499
0,0,0,0,512,181,0.078125,0.03313590236482501,0.04498909763517499
0,0,0,0,512,182,0.0625,0.03313590236482501,0.029364097635174988
0,0,0,0,512,183,0.0234375,0.03313590236482501,-0.009698402364825012
0,0,0,0,512,184,0.087890625,0.03313590236482501,0.05475472263517499
0,0,0,0,512,185,0.0546875,0.03313590236482501,0.021551597635174988
0,0,0,0,512,186,0.013671875,0.03313590236482501,-0.019464027364825012
0,0,0,0,512,187,0.01953125,0.03313590236482501,-0.013604652364825012
0,0,0,0,512,188,0.076171875,0.03313590236482501,0.04303597263517499
0,0,0,0,512,189,0.04296875,0.03313590236482501,0.009832847635174988
0,0,0,0,512,190,0.048828125,0.03313590236482501,0.015692222635174988
0,0,0,0,512,191,0.013671875,0.03313590236482501,-0.019464027364825012
0,0,0,0,512,192,0.037109375,0.03313590236482501,0.003973472635174988
0,0,0,0,512,193,0.009765625,0.03313590236482501,-0.023370277364825012
0,0,0,0,512,194,0.107421875,0.03313590236482501,0.07428597263517499
0,0,0,0,512,195,0.0078125,0.03313590236482501,-0.025323402364825012
0,0,0,0,512,196,0.005859375,0.03313590236482501,-0.027276527364825012
0,0,0,0,512,197,0.05078125,0.03313590236482501,0.017645347635174988
0,0,0,0,512,198,0.017578125,0.03313590236482501,-0.015557777364825012
0,0,0,0,512,199,0.017578125,0.03313590236482501,-0.015557777364825012
0,0,0,0,1024,0,0.0244140625,0.03313590236482501,-0.008721839864825012
0,0,0,0,1024,1,0.0146484375,0.03313590236482501,-0.018487464864825012
0,0,0,0,1024,2,0.0224609375,0.03313590236482501,-0.010674964864825012
0,0,0,0,1024,3,0.021484375,0.03313590236482501,-0.011651527364825012
0,0,0,0,1024,4,0.0537109375,0.03313590236482501,0.020575035135174988
0,0,0,0,1024,5,0.1123046875,0.03313590236482501,0.07916878513517499
0,0,0,0,1024,6,0.0380859375,0.03313590236482501,0.004950035135174988
0,0,0,0,1024,7,0.0966796875,0.03313590236482501,0.06354378513517499
0,0,0,0,1024,8,0.0732421875,0.03313590236482501,0.04010628513517499
0,0,0,0,1024,9,-0.0009765625,0.03313590236482501,-0.03411246486482501
0,0,0,0,1024,10,0.021484375,0.03313590236482501,-0.011651527364825012
0,0,0,0,1024,11,0.0615234375,0.03313590236482501,0.028387535135174988
0,0,0,0,1024,12,0.02734375,0.03313590236482501,-0.005792152364825012
0,0,0,0,1024,13,0.0107421875,0.03313590236482501,-0.022393714864825012
0,0,0,0,1024,14,0.0087890625,0.03313590236482501,-0.024346839864825012
0,0,0,0,1024,15,0.0380859375,0.03313590236482501,0.004950035135174988
0,0,0,0,1024,16,0.03125,0.03313590236482501,-0.0018859023648250123
0,0,0,0,1024,17,0.0283203125,0.03313590236482501,-0.004815589864825012
0,0,0,0,1024,18,0.021484375,0.03313590236482501,-0.011651527364825012
0,0,0,0,1024,19,0.0224609375,0.03313590236482501,-0.010674964864825012
0,0,0,0,1024,20,0.033203125,0.03313590236482501,6.722263517498772e-05
0,0,0,0,1024,21,0.0068359375,0.03313590236482501,-0.026299964864825012
0,0,0,0,1024,22,0.056640625,0.03313590236482501,0.023504722635174988
0,0,0,0,1024,23,0.013671875,0.03313590236482501,-0.019464027364825012
0,0,0,0,1024,24,-0.0009765625,0.03313590236482501,-0.03411246486482501
0,0,0,0,1024,25,0.0400390625,0.03313590236482501,0.006903160135174988
0,0,0,0,1024,26,0.017578125,0.03313590236482501,-0.015557777364825012
0,0,0,0,1024,27,0.0087890625,0.03313590236482501,-0.024346839864825012
0,0,0,0,1024,28,0.0341796875,0.03313590236482501,0.0010437851351749877
0,0,0,0,1024,29,0.0654296875,0.03313590236482501,0.03229378513517499
0,0,0,0,1024,30,0.06640625,0.03313590236482501,0.03327034763517499
0,0,0,0,1024,31,0.0341796875,0.03313590236482501,0.0010437851351749877
0,0,0,0,1024,32,0.0185546875,0.03313590236482501,-0.014581214864825012
0,0,0,0,1024,33,0.0224609375,0.03313590236482501,-0.010674964864825012
0,0,0,0,1024,34,0.046875,0.03313590236482501,0.013739097635174988
0,0,0,0,1024,35,0.0400390625,0.03313590236482501,0.006903160135174988
0,0,0,0,1024,36,0.03515625,0.03313590236482501,0.0020203476351749877
0,0,0,0,1024,37,0.0849609375,0.03313590236482501,0.05182503513517499
0,0,0,0,1024,38,-0.0029296875,0.03313590236482501,-0.03606558986482501
0,0,0,0,1024,39,0.046875,0.03313590236482501,0.013739097635174988
0,0,0,0,1024,40,0.0439453125,0.03313590236482501,0.010809410135174988
0,0,0,0,1024,41,0.01171875,0.03313590236482501,-0.021417152364825012
0,0,0,0,1024,42,0.0302734375,0.03313590236482501,-0.0028624648648250123
0,0,0,0,1024,43,0.0361328125,0.03313590236482501,0.0029969101351749877
0,0,0,0,1024,44,0.0458984375,0.03313590236482501,0.012762535135174988
0,0,0,0,1024,45,0.0771484375,0.03313590236482501,0.04401253513517499
0,0,0,0,1024,46,0.046875,0.03313590236482501,0.013739097635174988
0,0,0,0,1024,47,0.0478515625,0.03313590236482501,0.014715660135174988
0,0,0,0,1024,48,0.0283203125,0.03313590236482501,-0.004815589864825012
0,0,0,0,1024,49,0.037109375,0.03313590236482501,0.003973472635174988
0,0,0,0,1024,50,0.0419921875,0.03313590236482501,0.008856285135174988
0,0,0,0,1024,51,0.0341796875,0.03313590236482501,0.0010437851351749877
0,0,0,0,1024,52,-0.00390625,0.03313590236482501,-0.03704215236482501
0,0,0,0,1024,53,0.0322265625,0.03313590236482501,-0.0009093398648250123
0,0,0,0,1024,54,0.0185546875,0.03313590236482501,-0.014581214864825012
0,0,0,0,1024,55,0.0625,0.03313590236482501,0.029364097635174988
0,0,0,0,1024,56,0.052734375,0.03313590236482501,0.019598472635174988
0,0,0,0,1024,57,0.037109375,0.03313590236482501,0.003973472635174988
0,0,0,0,1024,58,0.072265625,0.03313590236482501,0.03912972263517499
0,0,0,0,1024,59,0.04296875,0.03313590236482501,0.009832847635174988
0,0,0,0,1024,60,0.0546875,0.03313590236482501,0.021551597635174988
0,0,0,0,1024,61,0.044921875,0.03313590236482501,0.011785972635174988
0,0,0,0,1024,62,0.052734375,0.03313590236482501,0.019598472635174988
0,0,0,0,1024,63,0.0439453125,0.03313590236482501,0.010809410135174988
0,0,0,0,1024,64,0.0419921875,0.03313590236482501,0.008856285135174988
0,0,0,0,1024,65,-0.0205078125,0.03313590236482501,-0.05364371486482501
0,0,0,0,1024,66,0.0458984375,0.03313590236482501,0.012762535135174988
0,0,0,0,1024,67,0.046875,0.03313590236482501,0.013739097635174988
0,0,0,0,1024,68,0.060546875,0.03313590236482501,0.027410972635174988
0,0,0,0,1024,69,0.0244140625,0.03313590236482501,-0.008721839864825012
0,0,0,0,1024,70,0.0478515625,0.03313590236482501,0.014715660135174988
0,0,0,0,1024,71,0.0166015625,0.03313590236482501,-0.016534339864825012
0,0,0,0,1024,72,0.046875,0.03313590236482501,0.013739097635174988
0,0,0,0,1024,73,0.0078125,0.03313590236482501,-0.025323402364825012
0,0,0,0,1024,74,0.017578125,0.03313590236482501,-0.015557777364825012
0,0,0,0,1024,75,0.060546875,0.03313590236482501,0.027410972635174988
0,0,0,0,1024,76,0.0322265625,0.03313590236482501,-0.0009093398648250123
0,0,0,0,1024,77,0.0068359375,0.03313590236482501,-0.026299964864825012
0,0,0,0,1024,78,0.0283203125,0.03313590236482501,-0.004815589864825012
0,0,0,0,1024,79,0.0205078125,0.03313590236482501,-0.012628089864825012
0,0,0,0,1024,80,0.0009765625,0.03313590236482501,-0.03215933986482501
0,0,0,0,1024,81,0.0244140625,0.03313590236482501,-0.008721839864825012
0,0,0,0,1024,82,-0.001953125,0.03313590236482501,-0.03508902736482501
0,0,0,0,1024,83,0.06640625,0.03313590236482501,0.03327034763517499
0,0,0,0,1024,84,0.0419921875,0.03313590236482501,0.008856285135174988
0,0,0,0,1024,85,0.0283203125,0.03313590236482501,-0.004815589864825012
0,0,0,0,1024,86,0.0654296875,0.03313590236482501,0.03229378513517499
0,0,0,0,1024,87,0.02734375,0.03313590236482501,-0.005792152364825012
0,0,0,0,1024,88,0.05078125,0.03313590236482501,0.017645347635174988
0,0,0,0,1024,89,0.04296875,0.03313590236482501,0.009832847635174988
0,0,0,0,1024,90,0.02734375,0.03313590236482501,-0.005792152364825012
0,0,0,0,1024,91,0.0390625,0.03313590236482501,0.005926597635174988
0,0,0,0,1024,92,0.0224609375,0.03313590236482501,-0.010674964864825012
0,0,0,0,1024,93,0.01953125,0.03313590236482501,-0.013604652364825012
0,0,0,0,1024,94,0.0126953125,0.03313590236482501,-0.020440589864825012
0,0,0,0,1024,95,0.0,0.03313590236482501,-0.03313590236482501
0,0,0,0,1024,96,-0.009765625,0.03313590236482501,-0.04290152736482501
0,0,0,0,1024,97,0.0078125,0.03313590236482501,-0.025323402364825012
0,0,0,0,1024,98,0.0400390625,0.03313590236482501,0.006903160135174988
0,0,0,0,1024,99,0.0576171875,0.03313590236482501,0.024481285135174988
0,0,0,0,1024,100,0.015625,0.03313590236482501,-0.017510902364825012
0,0,0,0,1024,101,0.0166015625,0.03313590236482501,-0.016534339864825012
0,0,0,0,1024,102,0.052734375,0.03313590236482501,0.019598472635174988
0,0,0,0,1024,103,0.017578125,0.03313590236482501,-0.015557777364825012
0,0,0,0,1024,104,0.029296875,0.03313590236482501,-0.0038390273648250123
0,0,0,0,1024,105,0.00390625,0.03313590236482501,-0.029229652364825012
0,0,0,0,1024,106,0.05078125,0.03313590236482501,0.017645347635174988
0,0,0,0,1024,107,0.029296875,0.03313590236482501,-0.0038390273648250123
0,0,0,0,1024,108,0.0205078125,0.03313590236482501,-0.012628089864825012
0,0,0,0,1024,109,0.02734375,0.03313590236482501,-0.005792152364825012
0,0,0,0,1024,110,0.0517578125,0.03313590236482501,0.018621910135174988
0,0,0,0,1024,111,0.0126953125,0.03313590236482501,-0.020440589864825012
0,0,0,0,1024,112,0.0263671875,0.03313590236482501,-0.006768714864825012
0,0,0,0,1024,113,0.052734375,0.03313590236482501,0.019598472635174988
0,0,0,0,1024,114,0.0478515625,0.03313590236482501,0.014715660135174988
0,0,0,0,1024,115,0.0439453125,0.03313590236482501,0.010809410135174988
0,0,0,0,1024,116,0.0302734375,0.03313590236482501,-0.0028624648648250123
0,0,0,0,1024,117,0.0595703125,0.03313590236482501,0.026434410135174988
0,0,0,0,1024,118,0.0390625,0.03313590236482501,0.005926597635174988
0,0,0,0,1024,119,0.03125,0.03313590236482501,-0.0018859023648250123
0,0,0,0,1024,120,0.0498046875,0.03313590236482501,0.016668785135174988
0,0,0,0,1024,121,0.0146484375,0.03313590236482501,-0.018487464864825012
0,0,0,0,1024,122,0.025390625,0.03313590236482501,-0.007745277364825012
0,0,0,0,1024,123,0.052734375,0.03313590236482501,0.019598472635174988
0,0,0,0,1024,124,0.0185546875,0.03313590236482501,-0.014581214864825012
0,0,0,0,1024,125,0.0498046875,0.03313590236482501,0.016668785135174988
0,0,0,0,1024,126,0.052734375,0.03313590236482501,0.019598472635174988
0,0,0,0,1024,127,0.0390625,0.03313590236482501,0.005926597635174988
0,0,0,0,1024,128,0.046875,0.03313590236482501,0.013739097635174988
0,0,0,0,1024,129,0.0185546875,0.03313590236482501,-0.014581214864825012
0,0,0,0,1024,130,0.021484375,0.03313590236482501,-0.011651527364825012
0,0,0,0,1024,131,0.0224609375,0.03313590236482501,-0.010674964864825012
0,0,0,0,1024,132,0.0458984375,0.03313590236482501,0.012762535135174988
0,0,0,0,1024,133,0.056640625,0.03313590236482501,0.023504722635174988
0,0,0,0,1024,134,0.037109375,0.03313590236482501,0.003973472635174988
0,0,0,0,1024,135,0.0390625,0.03313590236482501,0.005926597635174988
0,0,0,0,1024,136,0.029296875,0.03313590236482501,-0.0038390273648250123
0,0,0,0,1024,137,0.025390625,0.03313590236482501,-0.007745277364825012
0,0,0,0,1024,138,0.017578125,0.03313590236482501,-0.015557777364825012
0,0,0,0,1024,139,0.0517578125,0.03313590236482501,0.018621910135174988
0,0,0,0,1024,140,0.0986328125,0.03313590236482501,0.06549691013517499
0,0,0,0,1024,141,0.0732421875,0.03313590236482501,0.04010628513517499
0,0,0,0,1024,142,0.046875,0.03313590236482501,0.013739097635174988
0,0,0,0,1024,143,0.04296875,0.03313590236482501,0.009832847635174988
0,0,0,0,1024,144,0.044921875,0.03313590236482501,0.011785972635174988
0,0,0,0,1024,145,0.005859375,0.03313590236482501,-0.027276527364825012
0,0,0,0,1024,146,0.0673828125,0.03313590236482501,0.03424691013517499
0,0,0,0,1024,147,0.03125,0.03313590236482501,-0.0018859023648250123
0,0,0,0,1024,148,0.009765625,0.03313590236482501,-0.023370277364825012
0,0,0,0,1024,149,0.01953125,0.03313590236482501,-0.013604652364825012
0,0,0,0,1024,150,-0.0244140625,0.03313590236482501,-0.05754996486482501
0,0,0,0,1024,151,0.05078125,0.03313590236482501,0.017645347635174988
0,0,0,0,1024,152,0.0068359375,0.03313590236482501,-0.026299964864825012
0,0,0,0,1024,153,0.0166015625,0.03313590236482501,-0.016534339864825012
0,0,0,0,1024,154,0.048828125,0.03313590236482501,0.015692222635174988
0,0,0,0,1024,155,0.029296875,0.03313590236482501,-0.0038390273648250123
0,0,0,0,1024,156,0.0166015625,0.03313590236482501,-0.016534339864825012
0,0,0,0,1024,157,0.0439453125,0.03313590236482501,0.010809410135174988
0,0,0,0,1024,158,0.0087890625,0.03313590236482501,-0.024346839864825012
0,0,0,0,1024,159,0.0615234375,0.03313590236482501,0.028387535135174988
0,0,0,0,1024,160,0.05859375,0.03313590236482501,0.025457847635174988
0,0,0,0,1024,161,0.0400390625,0.03313590236482501,0.006903160135174988
0,0,0,0,1024,162,0.0029296875,0.03313590236482501,-0.030206214864825012
0,0,0,0,1024,163,0.017578125,0.03313590236482501,-0.015557777364825012
0,0,0,0,1024,164,0.021484375,0.03313590236482501,-0.011651527364825012
0,0,0,0,1024,165,0.048828125,0.03313590236482501,0.015692222635174988
0,0,0,0,1024,166,0.044921875,0.03313590236482501,0.011785972635174988
0,0,0,0,1024,167,0.07421875,0.03313590236482501,0.04108284763517499
0,0,0,0,1024,168,-0.00390625,0.03313590236482501,-0.03704215236482501
0,0,0,0,1024,169,0.046875,0.03313590236482501,0.013739097635174988
0,0,0,0,1024,170,0.0126953125,0.03313590236482501,-0.020440589864825012
0,0,0,0,1024,171,-0.0126953125,0.03313590236482501,-0.04583121486482501
0,0,0,0,1024,172,0.0205078125,0.03313590236482501,-0.012628089864825012
0,0,0,0,1024,173,0.013671875,0.03313590236482501,-0.019464027364825012
0,0,0,0,1024,174,0.0380859375,0.03313590236482501,0.004950035135174988
0,0,0,0,1024,175,0.05078125,0.03313590236482501,0.017645347635174988
0,0,0,0,1024,176,0.025390625,0.03313590236482501,-0.007745277364825012
0,0,0,0,1024,177,0.013671875,0.03313590236482501,-0.019464027364825012
0,0,0,0,1024,178,0.0166015625,0.03313590236482501,-0.016534339864825012
0,0,0,0,1024,179,0.037109375,0.03313590236482501,0.003973472635174988
0,0,0,0,1024,180,0.0576171875,0.03313590236482501,0.024481285135174988
0,0,0,0,1024,181,0.021484375,0.03313590236482501,-0.011651527364825012
0,0,0,0,1024,182,0.0634765625,0.03313590236482501,0.030340660135174988
0,0,0,0,1024,183,0.0595703125,0.03313590236482501,0.026434410135174988
0,0,0,0,1024,184,0.0009765625,0.03313590236482501,-0.03215933986482501
0,0,0,0,1024,185,0.0458984375,0.03313590236482501,0.012762535135174988
0,0,0,0,1024,186,0.0234375,0.03313590236482501,-0.009698402364825012
0,0,0,0,1024,187,0.05859375,0.03313590236482501,0.025457847635174988
0,0,0,0,1024,188,0.005859375,0.03313590236482501,-0.027276527364825012
0,0,0,0,1024,189,0.0107421875,0.03313590236482501,-0.022393714864825012
0,0,0,0,1024,190,0.0205078125,0.03313590236482501,-0.012628089864825012
0,0,0,0,1024,191,-0.0029296875,0.03313590236482501,-0.03606558986482501
0,0,0,0,1024,192,-0.01171875,0.03313590236482501,-0.04485465236482501
0,0,0,0,1024,193,0.0302734375,0.03313590236482501,-0.0028624648648250123
0,0,0,0,1024,194,0.0419921875,0.03313590236482501,0.008856285135174988
0,0,0,0,1024,195,-0.0166015625,0.03313590236482501,-0.04973746486482501
0,0,0,0,1024,196,0.04296875,0.03313590236482501,0.009832847635174988
0,0,0,0,1024,197,-0.00390625,0.03313590236482501,-0.03704215236482501
0,0,0,0,1024,198,0.03125,0.03313590236482501,-0.0018859023648250123
0,0,0,0,1024,199,0.00390625,0.03313590236482501,-0.029229652364825012
0,0,0,0,2048,0,0.05419921875,0.03313590236482501,0.021063316385174988
0,0,0,0,2048,1,0.0439453125,0.03313590236482501,0.010809410135174988
0,0,0,0,2048,2,0.04248046875,0.03313590236482501,0.009344566385174988
0,0,0,0,2048,3,0.0263671875,0.03313590236482501,-0.006768714864825012
0,0,0,0,2048,4,0.0087890625,0.03313590236482501,-0.024346839864825012
0,0,0,0,2048,5,0.02294921875,0.03313590236482501,-0.010186683614825012
0,0,0,0,2048,6,-0.00927734375,0.03313590236482501,-0.04241324611482501
0,0,0,0,2048,7,0.02880859375,0.03313590236482501,-0.004327308614825012
0,0,0,0,2048,8,0.0419921875,0.03313590236482501,0.008856285135174988
0,0,0,0,2048,9,0.01708984375,0.03313590236482501,-0.016046058614825012
0,0,0,0,2048,10,0.02685546875,0.03313590236482501,-0.006280433614825012
0,0,0,0,2048,11,0.04345703125,0.03313590236482501,0.010321128885174988
0,0,0,0,2048,12,0.02685546875,0.03313590236482501,-0.006280433614825012
0,0,0,0,2048,13,0.02001953125,0.03313590236482501,-0.013116371114825012
0,0,0,0,2048,14,0.01953125,0.03313590236482501,-0.013604652364825012
0,0,0,0,2048,15,0.0,0.03313590236482501,-0.03313590236482501
0,0,0,0,2048,16,0.0341796875,0.03313590236482501,0.0010437851351749877
0,0,0,0,2048,17,0.0400390625,0.03313590236482501,0.006903160135174988
0,0,0,0,2048,18,0.03564453125,0.03313590236482501,0.0025086288851749877
0,0,0,0,2048,19,0.021484375,0.03313590236482501,-0.011651527364825012
0,0,0,0,2048,20,0.0498046875,0.03313590236482501,0.016668785135174988
0,0,0,0,2048,21,0.021484375,0.03313590236482501,-0.011651527364825012
0,0,0,0,2048,22,0.0517578125,0.03313590236482501,0.018621910135174988
0,0,0,0,2048,23,0.017578125,0.03313590236482501,-0.015557777364825012
0,0,0,0,2048,24,0.07373046875,0.03313590236482501,0.04059456638517499
0,0,0,0,2048,25,0.03271484375,0.03313590236482501,-0.0004210586148250123
0,0,0,0,2048,26,0.02001953125,0.03313590236482501,-0.013116371114825012
0,0,0,0,2048,27,0.03466796875,0.03313590236482501,0.0015320663851749877
0,0,0,0,2048,28,0.009765625,0.03313590236482501,-0.023370277364825012
0,0,0,0,2048,29,0.0361328125,0.03313590236482501,0.0029969101351749877
0,0,0,0,2048,30,0.01953125,0.03313590236482501,-0.013604652364825012
0,0,0,0,2048,31,0.0380859375,0.03313590236482501,0.004950035135174988
0,0,0,0,2048,32,0.0546875,0.03313590236482501,0.021551597635174988
0,0,0,0,2048,33,0.041015625,0.03313590236482501,0.007879722635174988
0,0,0,0,2048,34,0.05419921875,0.03313590236482501,0.021063316385174988
0,0,0,0,2048,35,0.048828125,0.03313590236482501,0.015692222635174988
0,0,0,0,2048,36,0.04052734375,0.03313590236482501,0.007391441385174988
0,0,0,0,2048,37,0.03369140625,0.03313590236482501,0.0005555038851749877
0,0,0,0,2048,38,0.02490234375,0.03313590236482501,-0.008233558614825012
0,0,0,0,2048,39,0.044921875,0.03313590236482501,0.011785972635174988
0,0,0,0,2048,40,0.00830078125,0.03313590236482501,-0.024835121114825012
0,0,0,0,2048,41,0.04638671875,0.03313590236482501,0.013250816385174988
0,0,0,0,2048,42,0.04296875,0.03313590236482501,0.009832847635174988
0,0,0,0,2048,43,0.017578125,0.03313590236482501,-0.015557777364825012
0,0,0,0,2048,44,0.02880859375,0.03313590236482501,-0.004327308614825012
0,0,0,0,2048,45,0.03515625,0.03313590236482501,0.0020203476351749877
0,0,0,0,2048,46,0.03515625,0.03313590236482501,0.0020203476351749877
0,0,0,0,2048,47,0.0322265625,0.03313590236482501,-0.0009093398648250123
0,0,0,0,2048,48,0.0078125,0.03313590236482501,-0.025323402364825012
0,0,0,0,2048,49,0.025390625,0.03313590236482501,-0.007745277364825012
0,0,0,0,2048,50,0.03369140625,0.03313590236482501,0.0005555038851749877
0,0,0,0,2048,51,0.04443359375,0.03313590236482501,0.011297691385174988
0,0,0,0,2048,52,0.0185546875,0.03313590236482501,-0.014581214864825012
0,0,0,0,2048,53,0.033203125,0.03313590236482501,6.722263517498772e-05
0,0,0,0,2048,54,0.03076171875,0.03313590236482501,-0.0023741836148250123
0,0,0,0,2048,55,0.03857421875,0.03313590236482501,0.005438316385174988
0,0,0,0,2048,56,0.013671875,0.03313590236482501,-0.019464027364825012
0,0,0,0,2048,57,0.037109375,0.03313590236482501,0.003973472635174988
0,0,0,0,2048,58,0.0322265625,0.03313590236482501,-0.0009093398648250123
0,0,0,0,2048,59,0.04443359375,0.03313590236482501,0.011297691385174988
0,0,0,0,2048,60,0.0341796875,0.03313590236482501,0.0010437851351749877
0,0,0,0,2048,61,0.03369140625,0.03313590236482501,0.0005555038851749877
0,0,0,0,2048,62,0.02587890625,0.03313590236482501,-0.007256996114825012
0,0,0,0,2048,63,0.05419921875,0.03313590236482501,0.021063316385174988
0,0,0,0,2048,64,0.02099609375,0.03313590236482501,-0.012139808614825012
0,0,0,0,2048,65,0.033203125,0.03313590236482501,6.722263517498772e-05
0,0,0,0,2048,66,0.04833984375,0.03313590236482501,0.015203941385174988
0,0,0,0,2048,67,0.0283203125,0.03313590236482501,-0.004815589864825012
0,0,0,0,2048,68,0.0244140625,0.03313590236482501,-0.008721839864825012
0,0,0,0,2048,69,0.0439453125,0.03313590236482501,0.010809410135174988
0,0,0,0,2048,70,0.0400390625,0.03313590236482501,0.006903160135174988
0,0,0,0,2048,71,0.01025390625,0.03313590236482501,-0.022881996114825012
0,0,0,0,2048,72,0.0380859375,0.03313590236482501,0.004950035135174988
0,0,0,0,2048,73,0.03515625,0.03313590236482501,0.0020203476351749877
0,0,0,0,2048,74,0.04833984375,0.03313590236482501,0.015203941385174988
0,0,0,0,2048,75,0.05322265625,0.03313590236482501,0.020086753885174988
0,0,0,0,2048,76,0.02978515625,0.03313590236482501,-0.0033507461148250123
0,0,0,0,2048,77,0.037109375,0.03313590236482501,0.003973472635174988
0,0,0,0,2048,78,0.0595703125,0.03313590236482501,0.026434410135174988
0,0,0,0,2048,79,0.0556640625,0.03313590236482501,0.022528160135174988
0,0,0,0,2048,80,0.0224609375,0.03313590236482501,-0.010674964864825012
0,0,0,0,2048,81,0.00830078125,0.03313590236482501,-0.024835121114825012
0,0,0,0,2048,82,0.04052734375,0.03313590236482501,0.007391441385174988
0,0,0,0,2048,83,0.041015625,0.03313590236482501,0.007879722635174988
0,0,0,0,2048,84,0.04638671875,0.03313590236482501,0.013250816385174988
0,0,0,0,2048,85,0.07080078125,0.03313590236482501,0.03766487888517499
0,0,0,0,2048,86,0.01708984375,0.03313590236482501,-0.016046058614825012
0,0,0,0,2048,87,0.02392578125,0.03313590236482501,-0.009210121114825012
0,0,0,0,2048,88,0.02783203125,0.03313590236482501,-0.005303871114825012
0,0,0,0,2048,89,0.03076171875,0.03313590236482501,-0.0023741836148250123
0,0,0,0,2048,90,0.0380859375,0.03313590236482501,0.004950035135174988
0,0,0,0,2048,91,0.03955078125,0.03313590236482501,0.006414878885174988
0,0,0,0,2048,92,0.0087890625,0.03313590236482501,-0.024346839864825012
0,0,0,0,2048,93,0.033203125,0.03313590236482501,6.722263517498772e-05
0,0,0,0,2048,94,0.03466796875,0.03313590236482501,0.0015320663851749877
0,0,0,0,2048,95,0.03857421875,0.03313590236482501,0.005438316385174988
0,0,0,0,2048,96,0.0458984375,0.03313590236482501,0.012762535135174988
0,0,0,0,2048,97,0.02783203125,0.03313590236482501,-0.005303871114825012
0,0,0,0,2048,98,0.0185546875,0.03313590236482501,-0.014581214864825012
0,0,0,0,2048,99,0.01953125,0.03313590236482501,-0.013604652364825012
0,0,0,0,2048,100,0.01513671875,0.03313590236482501,-0.017999183614825012
0,0,0,0,2048,101,0.03369140625,0.03313590236482501,0.0005555038851749877
0,0,0,0,2048,102,0.07763671875,0.03313590236482501,0.04450081638517499
0,0,0,0,2048,103,0.0185546875,0.03313590236482501,-0.014581214864825012
0,0,0,0,2048,104,0.03369140625,0.03313590236482501,0.0005555038851749877
0,0,0,0,2048,105,0.0478515625,0.03313590236482501,0.014715660135174988
0,0,0,0,2048,106,0.07861328125,0.03313590236482501,0.04547737888517499
0,0,0,0,2048,107,0.064453125,0.03313590236482501,0.03131722263517499
0,0,0,0,2048,108,0.02587890625,0.03313590236482501,-0.007256996114825012
0,0,0,0,2048,109,0.0498046875,0.03313590236482501,0.016668785135174988
0,0,0,0,2048,110,0.009765625,0.03313590236482501,-0.023370277364825012
0,0,0,0,2048,111,0.0390625,0.03313590236482501,0.005926597635174988
0,0,0,0,2048,112,0.02880859375,0.03313590236482501,-0.004327308614825012
0,0,0,0,2048,113,0.01171875,0.03313590236482501,-0.021417152364825012
0,0,0,0,2048,114,0.00927734375,0.03313590236482501,-0.023858558614825012
0,0,0,0,2048,115,0.03955078125,0.03313590236482501,0.006414878885174988
0,0,0,0,2048,116,0.03759765625,0.03313590236482501,0.004461753885174988
0,0,0,0,2048,117,0.0361328125,0.03313590236482501,0.0029969101351749877
0,0,0,0,2048,118,0.025390625,0.03313590236482501,-0.007745277364825012
0,0,0,0,2048,119,0.01806640625,0.03313590236482501,-0.015069496114825012
0,0,0,0,2048,120,0.0146484375,0.03313590236482501,-0.018487464864825012
0,0,0,0,2048,121,0.04443359375,0.03313590236482501,0.011297691385174988
0,0,0,0,2048,122,0.01904296875,0.03313590236482501,-0.014092933614825012
0,0,0,0,2048,123,0.00048828125,0.03313590236482501,-0.03264762111482501
0,0,0,0,2048,124,0.04833984375,0.03313590236482501,0.015203941385174988
0,0,0,0,2048,125,0.05517578125,0.03313590236482501,0.022039878885174988
0,0,0,0,2048,126,0.0380859375,0.03313590236482501,0.004950035135174988
0,0,0,0,2048,127,0.0283203125,0.03313590236482501,-0.004815589864825012
0,0,0,0,2048,128,0.04052734375,0.03313590236482501,0.007391441385174988
0,0,0,0,2048,129,0.009765625,0.03313590236482501,-0.023370277364825012
0,0,0,0,2048,130,0.021484375,0.03313590236482501,-0.011651527364825012
0,0,0,0,2048,131,0.06396484375,0.03313590236482501,0.030828941385174988
0,0,0,0,2048,132,0.02197265625,0.03313590236482501,-0.011163246114825012
0,0,0,0,2048,133,0.03173828125,0.03313590236482501,-0.0013976211148250123
0,0,0,0,2048,134,0.03955078125,0.03313590236482501,0.006414878885174988
0,0,0,0,2048,135,0.03271484375,0.03313590236482501,-0.0004210586148250123
0,0,0,0,2048,136,0.052734375,0.03313590236482501,0.019598472635174988
0,0,0,0,2048,137,0.0478515625,0.03313590236482501,0.014715660135174988
0,0,0,0,2048,138,0.06005859375,0.03313590236482501,0.026922691385174988
0,0,0,0,2048,139,0.01171875,0.03313590236482501,-0.021417152364825012
0,0,0,0,2048,140,0.03857421875,0.03313590236482501,0.005438316385174988
0,0,0,0,2048,141,0.0576171875,0.03313590236482501,0.024481285135174988
0,0,0,0,2048,142,0.04541015625,0.03313590236482501,0.012274253885174988
0,0,0,0,2048,143,0.04833984375,0.03313590236482501,0.015203941385174988
0,0,0,0,2048,144,0.03857421875,0.03313590236482501,0.005438316385174988
0,0,0,0,2048,145,0.03564453125,0.03313590236482501,0.0025086288851749877
0,0,0,0,2048,146,0.01513671875,0.03313590236482501,-0.017999183614825012
0,0,0,0,2048,147,-0.02197265625,0.03313590236482501,-0.05510855861482501
0,0,0,0,2048,148,0.02978515625,0.03313590236482501,-0.0033507461148250123
0,0,0,0,2048,149,0.01123046875,0.03313590236482501,-0.021905433614825012
0,0,0,0,2048,150,0.01953125,0.03313590236482501,-0.013604652364825012
0,0,0,0,2048,151,0.021484375,0.03313590236482501,-0.011651527364825012
0,0,0,0,2048,152,0.05810546875,0.03313590236482501,0.024969566385174988
0,0,0,0,2048,153,0.04541015625,0.03313590236482501,0.012274253885174988
0,0,0,0,2048,154,0.05029296875,0.03313590236482501,0.017157066385174988
0,0,0,0,2048,155,0.044921875,0.03313590236482501,0.011785972635174988
0,0,0,0,2048,156,0.06396484375,0.03313590236482501,0.030828941385174988
0,0,0,0,2048,157,0.033203125,0.03313590236482501,6.722263517498772e-05
0,0,0,0,2048,158,0.00244140625,0.03313590236482501,-0.030694496114825012
0,0,0,0,2048,159,0.01806640625,0.03313590236482501,-0.015069496114825012
0,0,0,0,2048,160,0.02685546875,0.03313590236482501,-0.006280433614825012
0,0,0,0,2048,161,0.03369140625,0.03313590236482501,0.0005555038851749877
0,0,0,0,2048,162,0.02197265625,0.03313590236482501,-0.011163246114825012
0,0,0,0,2048,163,0.0234375,0.03313590236482501,-0.009698402364825012
0,0,0,0,2048,164,0.03857421875,0.03313590236482501,0.005438316385174988
0,0,0,0,2048,165,0.02734375,0.03313590236482501,-0.005792152364825012
0,0,0,0,2048,166,0.04541015625,0.03313590236482501,0.012274253885174988
0,0,0,0,2048,167,0.03076171875,0.03313590236482501,-0.0023741836148250123
0,0,0,0,2048,168,0.06494140625,0.03313590236482501,0.03180550388517499
0,0,0,0,2048,169,0.03125,0.03313590236482501,-0.0018859023648250123
0,0,0,0,2048,170,0.0126953125,0.03313590236482501,-0.020440589864825012
0,0,0,0,2048,171,0.03759765625,0.03313590236482501,0.004461753885174988
0,0,0,0,2048,172,0.02734375,0.03313590236482501,-0.005792152364825012
0,0,0,0,2048,173,0.04443359375,0.03313590236482501,0.011297691385174988
0,0,0,0,2048,174,0.041015625,0.03313590236482501,0.007879722635174988
0,0,0,0,2048,175,0.0400390625,0.03313590236482501,0.006903160135174988
0,0,0,0,2048,176,0.0458984375,0.03313590236482501,0.012762535135174988
0,0,0,0,2048,177,0.03369140625,0.03313590236482501,0.0005555038851749877
0,0,0,0,2048,178,0.0087890625,0.03313590236482501,-0.024346839864825012
0,0,0,0,2048,179,0.0400390625,0.03313590236482501,0.006903160135174988
0,0,0,0,2048,180,0.04345703125,0.03313590236482501,0.010321128885174988
0,0,0,0,2048,181,0.0146484375,0.03313590236482501,-0.018487464864825012
0,0,0,0,2048,182,0.0068359375,0.03313590236482501,-0.026299964864825012
0,0,0,0,2048,183,0.02587890625,0.03313590236482501,-0.007256996114825012
0,0,0,0,2048,184,0.037109375,0.03313590236482501,0.003973472635174988
0,0,0,0,2048,185,0.033203125,0.03313590236482501,6.722263517498772e-05
0,0,0,0,2048,186,0.0185546875,0.03313590236482501,-0.014581214864825012
0,0,0,0,2048,187,0.03076171875,0.03313590236482501,-0.0023741836148250123
0,0,0,0,2048,188,0.00146484375,0.03313590236482501,-0.03167105861482501
0,0,0,0,2048,189,0.03515625,0.03313590236482501,0.0020203476351749877
0,0,0,0,2048,190,0.0234375,0.03313590236482501,-0.009698402364825012
0,0,0,0,2048,191,0.05419921875,0.03313590236482501,0.021063316385174988
0,0,0,0,2048,192,0.017578125,0.03313590236482501,-0.015557777364825012
0,0,0,0,2048,193,0.04638671875,0.03313590236482501,0.013250816385174988
0,0,0,0,2048,194,0.03125,0.03313590236482501,-0.0018859023648250123
0,0,0,0,2048,195,0.015625,0.03313590236482501,-0.017510902364825012
0,0,0,0,2048,196,0.0244140625,0.03313590236482501,-0.008721839864825012
0,0,0,0,2048,197,0.0302734375,0.03313590236482501,-0.0028624648648250123
0,0,0,0,2048,198,0.033203125,0.03313590236482501,6.722263517498772e-05
0,0,0,0,2048,199,0.015625,0.03313590236482501,-0.017510902364825012
6,1,0,0,64,0,-0.015625,-1.1709383462843448e-17,-0.015624999999999988
6,1,0,0,64,1,0.046875,-1.1709383462843448e-17,0.046875000000000014
6,1,0,0,64,2,-0.015625,-1.1709383462843448e-17,-0.015624999999999988
6,1,0,0,64,3,-0.0625,-1.1709383462843448e-17,-0.062499999999999986
6,1,0,0,64,4,-0.109375,-1.1709383462843448e-17,-0.10937499999999999
6,1,0,0,64,5,0.125,-1.1709383462843448e-17,0.125
6,1,0,0,64,6,0.0625,-1.1709383462843448e-17,0.06250000000000001
6,1,0,0,64,7,0.078125,-1.1709383462843448e-17,0.07812500000000001
6,1,0,0,64,8,-0.0625,-1.1709383462843448e-17,-0.062499999999999986
6,1,0,0,64,9,-0.0625,-1.1709383462843448e-17,-0.062499999999999986
6,1,0,0,64,10,0.09375,-1.1709383462843448e-17,0.09375000000000001
6,1,0,0,64,11,0.0,-1.1709383462843448e-17,1.1709383462843448e-17
6,1,0,0,64,12,0.0,-1.1709383462843448e-17,1.1709383462843448e-17
6,1,0,0,64,13,-0.078125,-1.1709383462843448e-17,-0.07812499999999999
6,1,0,0,64,14,-0.015625,-1.1709383462843448e-17,-0.015624999999999988
6,1,0,0,64,15,-0.046875,-1.1709383462843448e-17,-0.046874999999999986
6,1,0,0,64,16,0.09375,-1.1709383462843448e-17,0.09375000000000001
6,1,0,0,64,17,0.015625,-1.1709383462843448e-17,0.01562500000000001
6,1,0,0,64,18,0.09375,-1.1709383462843448e-17,0.09375000000000001
6,1,0,0,64,19,0.0,-1.1709383462843448e-17,1.1709383462843448e-17
6,1,0,0,64,20,0.109375,-1.1709383462843448e-17,0.10937500000000001
6,1,0,0,64,21,0.0,-1.1709383462843448e-17,1.1709383462843448e-17
6,1,0,0,64,22,0.171875,-1.1709383462843448e-17,0.171875
6,1,0,0,64,23,-0.125,-1.1709383462843448e-17,-0.12499999999999999
6,1,0,0,64,24,-0.0625,-1.1709383462843448e-17,-0.062499999999999986
6,1,0,0,64,25,-0.140625,-1.1709383462843448e-17,-0.140625
6,1,0,0,64,26,-0.15625,-1.1709383462843448e-17,-0.15625
6,1,0,0,64,27,0.0625,-1.1709383462843448e-17,0.06250000000000001
6,1,0,0,64,28,-0.03125,-1.1709383462843448e-17,-0.03124999999999999
6,1,0,0,64,29,0.015625,-1.1709383462843448e-17,0.01562500000000001
6,1,0,0,64,30,0.03125,-1.1709383462843448e-17,0.031250000000000014
6,1,0,0,64,31,0.109375,-1.1709383462843448e-17,0.10937500000000001
6,1,0,0,64,32,-0.109375,-1.1709383462843448e-17,-0.10937499999999999
6,1,0,0,64,33,-0.234375,-1.1709383462843448e-17,-0.234375
6,1,0,0,64,34,0.0,-1.1709383462843448e-17,1.1709383462843448e-17
6,1,0,0,64,35,-0.03125,-1.1709383462843448e-17,-0.03124999999999999
6,1,0,0,64,36,0.03125,-1.1709383462843448e-17,0.031250000000000014
6,1,0,0,64,37,-0.03125,-1.1709383462843448e-17,-0.03124999999999999
6,1,0,0,64,38,-0.0625,-1.1709383462843448e-17,-0.062499999999999986
6,1,0,0,64,39,-0.125,-1.1709383462843448e-17,-0.12499999999999999
6,1,0,0,64,40,-0.15625,-1.1709383462843448e-17,-0.15625
6,1,0,0,64,41,0.125,-1.1709383462843448e-17,0.125
6,1,0,0,64,42,0.03125,-1.1709383462843448e-17,0.031250000000000014
6,1,0,0,64,43,-0.125,-1.1709383462843448e-17,-0.12499999999999999
6,1,0,0,64,44,0.046875,-1.1709383462843448e-17,0.046875000000000014
6,1,0,0,64,45,0.0,-1.1709383462843448e-17,1.1709383462843448e-17
6,1,0,0,64,46,0.03125,-1.1709383462843448e-17,0.031250000000000014
6,1,0,0,64,47,0.171875,-1.1709383462843448e-17,0.171875
6,1,0,0,64,48,-0.0625,-1.1709383462843448e-17,-0.062499999999999986
6,1,0,0,64,49,-0.078125,-1.1709383462843448e-17,-0.07812499999999999
6,1,0,0,64,50,-0.109375,-1.1709383462843448e-17,-0.10937499999999999
6,1,0,0,64,51,0.078125,-1.1709383462843448e-17,0.07812500000000001
6,1,0,0,64,52,-0.09375,-1.1709383462843448e-17,-0.09374999999999999
6,1,0,0,64,53,0.140625,-1.1709383462843448e-17,0.140625
6,1,0,0,64,54,0.21875,-1.1709383462843448e-17,0.21875
6,1,0,0,64,55,-0.109375,-1.1709383462843448e-17,-0.10937499999999999
6,1,0,0,64,56,-0.015625,-1.1709383462843448e-17,-0.015624999999999988
6,1,0,0,64,57,-0.03125,-1.1709383462843448e-17,-0.03124999999999999
6,1,0,0,64,58,0.015625,-1.1709383462843448e-17,0.01562500000000001
6,1,0,0,64,59,0.078125,-1.1709383462843448e-17,0.07812500000000001
6,1,0,0,64,60,0.171875,-1.1709383462843448e-17,0.171875
6,1,0,0,64,61,0.015625,-1.1709383462843448e-17,0.01562500000000001
6,1,0,0,64,62,-0.203125,-1.1709383462843448e-17,-0.203125
6,1,0,0,64,63,0.0625,-1.1709383462843448e-17,0.06250000000000001
6,1,0,0,64,64,-0.0625,-1.1709383462843448e-17,-0.062499999999999986
6,1,0,0,64,65,0.171875,-1.1709383462843448e-17,0.171875
6,1,0,0,64,66,-0.09375,-1.1709383462843448e-17,-0.09374999999999999
6,1,0,0,64,67,0.0,-1.1709383462843448e-17,1.1709383462843448e-17
6,1,0,0,64,68,-0.015625,-1.1709383462843448e-17,-0.015624999999999988
6,1,0,0,64,69,-0.078125,-1.1709383462843448e-17,-0.07812499999999999
6,1,0,0,64,70,0.03125,-1.1709383462843448e-17,0.031250000000000014
6,1,0,0,64,71,0.03125,-1.1709383462843448e-17,0.031250000000000014
6,1,0,0,64,72,0.0625,-1.1709383462843448e-17,0.06250000000000001
6,1,0,0,64,73,0.09375,-1.1709383462843448e-17,0.09375000000000001
6,1,0,0,64,74,0.0,-1.1709383462843448e-17,1.1709383462843448e-17
6,1,0,0,64,75,0.09375,-1.1709383462843448e-17,0.09375000000000001
6,1,0,0,64,76,-0.03125,-1.1709383462843448e-17,-0.03124999999999999
6,1,0,0,64,77,-0.109375,-1.1709383462843448e-17,-0.10937499999999999
6,1,0,0,64,78,0.03125,-1.1709383462843448e-17,0.031250000000000014
6,1,0,0,64,79,-0.046875,-1.1709383462843448e-17,-0.046874999999999986
6,1,0,0,64,80,0.078125,-1.1709383462843448e-17,0.07812500000000001
6,1,0,0,64,81,0.0,-1.1709383462843448e-17,1.1709383462843448e-17
6,1,0,0,64,82,-0.125,-1.1709383462843448e-17,-0.12499999999999999
6,1,0,0,64,83,-0.03125,-1.1709383462843448e-17,-0.03124999999999999
6,1,0,0,64,84,-0.03125,-1.1709383462843448e-17,-0.03124999999999999
6,1,0,0,64,85,-0.046875,-1.1709383462843448e-17,-0.046874999999999986
6,1,0,0,64,86,0.046875,-1.1709383462843448e-17,0.046875000000000014
6,1,0,0,64,87,-0.015625,-1.1709383462843448e-17,-0.015624999999999988
6,1,0,0,64,88,0.09375,-1.1709383462843448e-17,0.09375000000000001
6,1,0,0,64,89,-0.140625,-1.1709383462843448e-17,-0.140625
6,1,0,0,64,90,0.0625,-1.1709383462843448e-17,0.06250000000000001
6,1,0,0,64,91,-0.03125,-1.1709383462843448e-17,-0.03124999999999999
6,1,0,0,64,92,-0.0625,-1.1709383462843448e-17,-0.062499999999999986
6,1,0,0,64,93,-0.0625,-1.1709383462843448e-17,-0.062499999999999986
6,1,0,0,64,94,0.03125,-1.1709383462843448e-17,0.031250000000000014
6,1,0,0,64,95,-0.046875,-1.1709383462843448e-17,-0.046874999999999986
6,1,0,0,64,96,-0.09375,-1.1709383462843448e-17,-0.09374999999999999
6,1,0,0,64,97,0.0625,-1.1709383462843448e-17,0.06250000000000001
6,1,0,0,64,98,0.015625,-1.1709383462843448e-17,0.01562500000000001
6,1,0,0,64,99,-0.09375,-1.1709383462843448e-17,-0.09374999999999999
6,1,0,0,64,100,-0.140625,-1.1709383462843448e-17,-0.140625
6,1,0,0,64,101,-0.078125,-1.1709383462843448e-17,-0.07812499999999999
6,1,0,0,64,102,0.109375,-1.1709383462843448e-17,0.10937500000000001
6,1,0,0,64,103,-0.125,-1.1709383462843448e-17,-0.12499999999999999
6,1,0,0,64,104,-0.03125,-1.1709383462843448e-17,-0.03124999999999999
6,1,0,0,64,105,0.078125,-1.1709383462843448e-17,0.07812500000000001
6,1,0,0,64,106,0.015625,-1.1709383462843448e-17,0.01562500000000001
6,1,0,0,64,107,0.078125,-1.1709383462843448e-17,0.07812500000000001
6,1,0,0,64,108,0.046875,-1.1709383462843448e-17,0.046875000000000014
6,1,0,0,64,109,-0.0625,-1.1709383462843448e-17,-0.062499999999999986
6,1,0,0,64,110,0.0,-1.1709383462843448e-17,1.1709383462843448e-17
6,1,0,0,64,111,-0.078125,-1.1709383462843448e-17,-0.07812499999999999
6,1,0,0,64,112,0.0,-1.1709383462843448e-17,1.1709383462843448e-17
6,1,0,0,64,113,-0.046875,-1.1709383462843448e-17,-0.046874999999999986
6,1,0,0,64,114,0.046875,-1.1709383462843448e-17,0.046875000000000014
6,1,0,0,64,115,0.0,-1.1709383462843448e-17,1.1709383462843448e-17
6,1,0,0,64,116,0.125,-1.1709383462843448e-17,0.125
6,1,0,0,64,117,-0.015625,-1.1709383462843448e-17,-0.015624999999999988
6,1,0,0,64,118,0.09375,-1.1709383462843448e-17,0.09375000000000001
6,1,0,0,64,119,0.046875,-1.1709383462843448e-17,0.046875000000000014
6,1,0,0,64,120,-0.109375,-1.1709383462843448e-17,-0.10937499999999999
6,1,0,0,64,121,0.09375,-1.1709383462843448e-17,0.09375000000000001
6,1,0,0,64,122,0.046875,-1.1709383462843448e-17,0.046875000000000014
6,1,0,0,64,123,-0.078125,-1.1709383462843448e-17,-0.07812499999999999
6,1,0,0,64,124,-0.015625,-1.1709383462843448e-17,-0.015624999999999988
6,1,0,0,64,125,-0.078125,-1.1709383462843448e-17,-0.07812499999999999
6,1,0,0,64,126,-0.015625,-1.1709383462843448e-17,-0.015624999999999988
6,1,0,0,64,127,0.015625,-1.1709383462843448e-17,0.01562500000000001
6,1,0,0,64,128,-0.015625,-1.1709383462843448e-17,-0.015624999999999988
6,1,0,0,64,129,-0.046875,-1.1709383462843448e-17,-0.046874999999999986
6,1,0,0,64,130,-0.046875,-1.1709383462843448e-17,-0.046874999999999986
6,1,0,0,64,131,-0.109375,-1.1709383462843448e-17,-0.10937499999999999
6,1,0,0,64,132,0.09375,-1.1709383462843448e-17,0.09375000000000001
6,1,0,0,64,133,0.046875,-1.1709383462843448e-17,0.046875000000000014
6,1,0,0,64,134,0.1875,-1.1709383462843448e-17,0.1875
6,1,0,0,64,135,0.015625,-1.1709383462843448e-17,0.01562500000000001
6,1,0,0,64,136,0.03125,-1.1709383462843448e-17,0.031250000000000014
6,1,0,0,64,137,-0.015625,-1.1709383462843448e-17,-0.015624999999999988
6,1,0,0,64,138,0.015625,-1.1709383462843448e-17,0.01562500000000001
6,1,0,0,64,139,-0.03125,-1.1709383462843448e-17,-0.03124999999999999
6,1,0,0,64,140,0.0,-1.1709383462843448e-17,1.1709383462843448e-17
6,1,0,0,64,141,0.0,-1.1709383462843448e-17,1.1709383462843448e-17
6,1,0,0,64,142,-0.015625,-1.1709383462843448e-17,-0.015624999999999988
6,1,0,0,64,143,0.03125,-1.1709383462843448e-17,0.031250000000000014
6,1,0,0,64,144,-0.1875,-1.1709383462843448e-17,-0.1875
6,1,0,0,64,145,0.171875,-1.1709383462843448e-17,0.171875
6,1,0,0,64,146,0.015625,-1.1709383462843448e-17,0.01562500000000001
6,1,0,0,64,147,0.0,-1.1709383462843448e-17,1.1709383462843448e-17
6,1,0,0,64,148,-0.09375,-1.1709383462843448e-17,-0.09374999999999999
6,1,0,0,64,149,0.046875,-1.1709383462843448e-17,0.046875000000000014
6,1,0,0,64,150,-0.078125,-1.1709383462843448e-17,-0.07812499999999999
6,1,0,0,64,151,0.046875,-1.1709383462843448e-17,0.046875000000000014
6,1,0,0,64,152,-0.078125,-1.1709383462843448e-17,-0.07812499999999999
6,1,0,0,64,153,-0.09375,-1.1709383462843448e-17,-0.09374999999999999
6,1,0,0,64,154,0.0625,-1.1709383462843448e-17,0.06250000000000001
6,1,0,0,64,155,0.078125,-1.1709383462843448e-17,0.07812500000000001
6,1,0,0,64,156,-0.109375,-1.1709383462843448e-17,-0.10937499999999999
6,1,0,0,64,157,-0.09375,-1.1709383462843448e-17,-0.09374999999999999
6,1,0,0,64,158,0.03125,-1.1709383462843448e-17,0.031250000000000014
6,1,0,0,64,159,0.0,-1.1709383462843448e-17,1.1709383462843448e-17
6,1,0,0,64,160,-0.03125,-1.1709383462843448e-17,-0.03124999999999999
6,1,0,0,64,161,0.0,-1.1709383462843448e-17,1.1709383462843448e-17
6,1,0,0,64,162,-0.09375,-1.1709383462843448e-17,-0.09374999999999999
6,1,0,0,64,163,0.046875,-1.1709383462843448e-17,0.046875000000000014
6,1,0,0,64,164,-0.21875,-1.1709383462843448e-17,-0.21875
6,1,0,0,64,165,0.109375,-1.1709383462843448e-17,0.10937500000000001
6,1,0,0,64,166,0.015625,-1.1709383462843448e-17,0.01562500000000001
6,1,0,0,64,167,0.03125,-1.1709383462843448e-17,0.031250000000000014
6,1,0,0,64,168,-0.15625,-1.1709383462843448e-17,-0.15625
6,1,0,0,64,169,-0.03125,-1.1709383462843448e-17,-0.03124999999999999
6,1,0,0,64,170,-0.03125,-1.1709383462843448e-17,-0.03124999999999999
6,1,0,0,64,171,0.0,-1.1709383462843448e-17,1.1709383462843448e-17
6,1,0,0,64,172,0.09375,-1.1709383462843448e-17,0.09375000000000001
6,1,0,0,64,173,-0.0625,-1.1709383462843448e-17,-0.062499999999999986
6,1,0,0,64,174,0.0625,-1.1709383462843448e-17,0.06250000000000001
6,1,0,0,64,175,0.03125,-1.1709383462843448e-17,0.031250000000000014
6,1,0,0,64,176,-0.09375,-1.1709383462843448e-17,-0.09374999999999999
6,1,0,0,64,177,0.109375,-1.1709383462843448e-17,0.10937500000000001
6,1,0,0,64,178,0.09375,-1.1709383462843448e-17,0.09375000000000001
6,1,0,0,64,179,0.03125,-1.1709383462843448e-17,0.031250000000000014
6,1,0,0,64,180,0.0,-1.1709383462843448e-17,1.1709383462843448e-17
6,1,0,0,64,181,0.0,-1.1709383462843448e-17,1.1709383462843448e-17
6,1,0,0,64,182,-0.234375,-1.1709383462843448e-17,-0.234375
6,1,0,0,64,183,0.078125,-1.1709383462843448e-17,0.07812500000000001
6,1,0,0,64,184,0.046875,-1.1709383462843448e-17,0.046875000000000014
6,1,0,0,64,185,-0.09375,-1.1709383462843448e-17,-0.09374999999999999
6,1,0,0,64,186,0.078125,-1.1709383462843448e-17,0.07812500000000001
6,1,0,0,64,187,-0.03125,-1.1709383462843448e-17,-0.03124999999999999
6,1,0,0,64,188,-0.078125,-1.1709383462843448e-17,-0.07812499999999999
6,1,0,0,64,189,-0.046875,-1.1709383462843448e-17,-0.046874999999999986
6,1,0,0,64,190,0.046875,-1.1709383462843448e-17,0.046875000000000014
6,1,0,0,64,191,0.03125,-1.1709383462843448e-17,0.031250000000000014
6,1,0,0,64,192,0.078125,-1.1709383462843448e-17,0.07812500000000001
6,1,0,0,64,193,0.09375,-1.1709383462843448e-17,0.09375000000000001
6,1,0,0,64,194,0.171875,-1.1709383462843448e-17,0.171875
6,1,0,0,64,195,-0.109375,-1.1709383462843448e-17,-0.10937499999999999
6,1,0,0,64,196,-0.078125,-1.1709383462843448e-17,-0.07812499999999999
6,1,0,0,64,197,0.1875,-1.1709383462843448e-17,0.1875
6,1,0,0,64,198,-0.0625,-1.1709383462843448e-17,-0.062499999999999986
6,1,0,0,64,199,-0.0625,-1.1709383462843448e-17,-0.062499999999999986
6,1,0,0,128,0,0.0,-1.1709383462843448e-17,1.1709383462843448e-17
6,1,0,0,128,1,-0.0234375,-1.1709383462843448e-17,-0.02343749999999999
6,1,0,0,128,2,-0.0546875,-1.1709383462843448e-17,-0.054687499999999986
6,1,0,0,128,3,0.0625,-1.1709383462843448e-17,0.06250000000000001
6,1,0,0,128,4,-0.0078125,-1.1709383462843448e-17,-0.007812499999999988
6,1,0,0,128,5,0.140625,-1.1709383462843448e-17,0.140625
6,1,0,0,128,6,-0.0234375,-1.1709383462843448e-17,-0.02343749999999999
6,1,0,0,128,7,-0.0703125,-1.1709383462843448e-17,-0.07031249999999999
6,1,0,0,128,8,0.09375,-1.1709383462843448e-17,0.09375000000000001
6,1,0,0,128,9,0.0625,-1.1709383462843448e-17,0.06250000000000001
6,1,0,0,128,10,0.15625,-1.1709383462843448e-17,0.15625
6,1,0,0,128,11,-0.015625,-1.1709383462843448e-17,-0.015624999999999988
6,1,0,0,128,12,-0.0234375,-1.1709383462843448e-17,-0.02343749999999999
6,1,0,0,128,13,0.1171875,-1.1709383462843448e-17,0.11718750000000001
6,1,0,0,128,14,0.078125,-1.1709383462843448e-17,0.07812500000000001
6,1,0,0,128,15,-0.046875,-1.1709383462843448e-17,-0.046874999999999986
6,1,0,0,128,16,0.0859375,-1.1709383462843448e-17,0.08593750000000001
6,1,0,0,128,17,-0.21875,-1.1709383462843448e-17,-0.21875
6,1,0,0,128,18,0.0703125,-1.1709383462843448e-17,0.07031250000000001
6,1,0,0,128,19,0.03125,-1.1709383462843448e-17,0.031250000000000014
6,1,0,0,128,20,-0.03125,-1.1709383462843448e-17,-0.03124999999999999
6,1,0,0,128,21,-0.140625,-1.1709383462843448e-17,-0.140625
6,1,0,0,128,22,0.03125,-1.1709383462843448e-17,0.031250000000000014
6,1,0,0,128,23,0.0078125,-1.1709383462843448e-17,0.007812500000000012
6,1,0,0,128,24,0.03125,-1.1709383462843448e-17,0.031250000000000014
6,1,0,0,128,25,0.0,-1.1709383462843448e-17,1.1709383462843448e-17
6,1,0,0,128,26,0.0078125,-1.1709383462843448e-17,0.007812500000000012
6,1,0,0,128,27,0.0859375,-1.1709383462843448e-17,0.08593750000000001
6,1,0,0,128,28,-0.0234375,-1.1709383462843448e-17,-0.02343749999999999
6,1,0,0,128,29,-0.0703125,-1.1709383462843448e-17,-0.07031249999999999
6,1,0,0,128,30,0.046875,-1.1709383462843448e-17,0.046875000000000014
6,1,0,0,128,31,0.0,-1.1709383462843448e-17,1.1709383462843448e-17
6,1,0,0,128,32,-0.0078125,-1.1709383462843448e-17,-0.007812499999999988
6,1,0,0,128,33,-0.0234375,-1.1709383462843448e-17,-0.02343749999999999
6,1,0,0,128,34,0.015625,-1.1709383462843448e-17,0.01562500000000001
6,1,0,0,128,35,-0.125,-1.1709383462843448e-17,-0.12499999999999999
6,1,0,0,128,36,-0.0390625,-1.1709383462843448e-17,-0.039062499999999986
6,1,0,0,128,37,-0.015625,-1.1709383462843448e-17,-0.015624999999999988
6,1,0,0,128,38,0.03125,-1.1709383462843448e-17,0.031250000000000014
6,1,0,0,128,39,0.1171875,-1.1709383462843448e-17,0.11718750000000001
6,1,0,0,128,40,-0.015625,-1.1709383462843448e-17,-0.015624999999999988
6,1,0,0,128,41,-0.1328125,-1.1709383462843448e-17,-0.1328125
6,1,0,0,128,42,-0.015625,-1.1709383462843448e-17,-0.015624999999999988
6,1,0,0,128,43,0.078125,-1.1709383462843448e-17,0.07812500000000001
6,1,0,0,128,44,0.0546875,-1.1709383462843448e-17,0.054687500000000014
6,1,0,0,128,45,0.0859375,-1.1709383462843448e-17,0.08593750000000001
6,1,0,0,128,46,0.09375,-1.1709383462843448e-17,0.09375000000000001
6,1,0,0,128,47,0.0,-1.1709383462843448e-17,1.1709383462843448e-17
6,1,0,0,128,48,0.0625,-1.1709383462843448e-17,0.06250000000000001
6,1,0,0,128,49,0.109375,-1.1709383462843448e-17,0.10937500000000001
6,1,0,0,128,50,0.015625,-1.1709383462843448e-17,0.01562500000000001
6,1,0,0,128,51,-0.046875,-1.1709383462843448e-17,-0.046874999999999986
6,1,0,0,128,52,0.03125,-1.1709383462843448e-17,0.031250000000000014
6,1,0,0,128,53,-0.0390625,-1.1709383462843448e-17,-0.039062499999999986
6,1,0,0,128,54,0.0546875,-1.1709383462843448e-17,0.054687500000000014
6,1,0,0,128,55,-0.0625,-1.1709383462843448e-17,-0.062499999999999986
6,1,0,0,128,56,-0.0234375,-1.1709383462843448e-17,-0.02343749999999999
6,1,0,0,128,57,0.0,-1.1709383462843448e-17,1.1709383462843448e-17
6,1,0,0,128,58,-0.0703125,-1.1709383462843448e-17,-0.07031249999999999
6,1,0,0,128,59,0.046875,-1.1709383462843448e-17,0.046875000000000014
6,1,0,0,128,60,0.0234375,-1.1709383462843448e-17,0.02343750000000001
6,1,0,0,128,61,0.0390625,-1.1709383462843448e-17,0.039062500000000014
6,1,0,0,128,62,-0.015625,-1.1709383462843448e-17,-0.015624999999999988
6,1,0,0,128,63,-0.0390625,-1.1709383462843448e-17,-0.039062499999999986
6,1,0,0,128,64,0.0234375,-1.1709383462843448e-17,0.02343750000000001
6,1,0,0,128,65,-0.046875,-1.1709383462843448e-17,-0.046874999999999986
6,1,0,0,128,66,0.0078125,-1.1709383462843448e-17,0.007812500000000012
6,1,0,0,128,67,0.0703125,-1.1709383462843448e-17,0.07031250000000001
6,1,0,0,128,68,0.0,-1.1709383462843448e-17,1.1709383462843448e-17
6,1,0,0,128,69,-0.0078125,-1.1709383462843448e-17,-0.007812499999999988
6,1,0,0,128,70,0.0625,-1.1709383462843448e-17,0.06250000000000001
6,1,0,0,128,71,-0.0078125,-1.1709383462843448e-17,-0.007812499999999988
6,1,0,0,128,72,0.046875,-1.1709383462843448e-17,0.046875000000000014
6,1,0,0,128,73,0.078125,-1.1709383462843448e-17,0.07812500000000001
6,1,0,0,128,74,-0.0078125,-1.1709383462843448e-17,-0.007812499999999988
6,1,0,0,128,75,0.0234375,-1.1709383462843448e-17,0.02343750000000001
6,1,0,0,128,76,-0.109375,-1.1709383462843448e-17,-0.10937499999999999
6,1,0,0,128,77,0.0546875,-1.1709383462843448e-17,0.054687500000000014
6,1,0,0,128,78,0.0,-1.1709383462843448e-17,1.1709383462843448e-17
6,1,0,0,128,79,-0.0390625,-1.1709383462843448e-17,-0.039062499999999986
6,1,0,0,128,80,-0.1015625,-1.1709383462843448e-17,-0.10156249999999999
6,1,0,0,128,81,0.0703125,-1.1709383462843448e-17,0.07031250000000001
6,1,0,0,128,82,-0.0546875,-1.1709383462843448e-17,-0.054687499999999986
6,1,0,0,128,83,-0.140625,-1.1709383462843448e-17,-0.140625
6,1,0,0,128,84,0.03125,-1.1709383462843448e-17,0.031250000000000014
6,1,0,0,128,85,0.0546875,-1.1709383462843448e-17,0.054687500000000014
6,1,0,0,128,86,-0.0234375,-1.1709383462843448e-17,-0.02343749999999999
6,1,0,0,128,87,-0.0390625,-1.1709383462843448e-17,-0.039062499999999986
6,1,0,0,128,88,0.046875,-1.1709383462843448e-17,0.046875000000000014
6,1,0,0,128,89,0.03125,-1.1709383462843448e-17,0.031250000000000014
6,1,0,0,128,90,0.203125,-1.1709383462843448e-17,0.203125
6,1,0,0,128,91,0.03125,-1.1709383462843448e-17,0.031250000000000014
6,1,0,0,128,92,-0.09375,-1.1709383462843448e-17,-0.09374999999999999
6,1,0,0,128,93,0.0,-1.1709383462843448e-17,1.1709383462843448e-17
6,1,0,0,128,94,-0.1015625,-1.1709383462843448e-17,-0.10156249999999999
6,1,0,0,128,95,-0.0078125,-1.1709383462843448e-17,-0.007812499999999988
6,1,0,0,128,96,-0.0234375,-1.1709383462843448e-17,-0.02343749999999999
6,1,0,0,128,97,0.0390625,-1.1709383462843448e-17,0.039062500000000014
6,1,0,0,128,98,-0.0625,-1.1709383462843448e-17,-0.062499999999999986
6,1,0,0,128,99,-0.0078125,-1.1709383462843448e-17,-0.007812499999999988
6,1,0,0,128,100,-0.0234375,-1.1709383462843448e-17,-0.02343749999999999
6,1,0,0,128,101,0.0078125,-1.1709383462843448e-17,0.007812500000000012
6,1,0,0,128,102,-0.015625,-1.1709383462843448e-17,-0.015624999999999988
6,1,0,0,128,103,0.015625,-1.1709383462843448e-17,0.01562500000000001
6,1,0,0,128,104,-0.0625,-1.1709383462843448e-17,-0.062499999999999986
6,1,0,0,128,105,0.0390625,-1.1709383462843448e-17,0.039062500000000014
6,1,0,0,128,106,-0.046875,-1.1709383462843448e-17,-0.046874999999999986
6,1,0,0,128,107,0.03125,-1.1709383462843448e-17,0.031250000000000014
6,1,0,0,128,108,0.015625,-1.1709383462843448e-17,0.01562500000000001
6,1,0,0,128,109,-0.078125,-1.1709383462843448e-17,-0.07812499999999999
6,1,0,0,128,110,0.0625,-1.1709383462843448e-17,0.06250000000000001
6,1,0,0,128,111,0.0546875,-1.1709383462843448e-17,0.054687500000000014
6,1,0,0,128,112,0.109375,-1.1709383462843448e-17,0.10937500000000001
6,1,0,0,128,113,-0.0390625,-1.1709383462843448e-17,-0.039062499999999986
6,1,0,0,128,114,-0.03125,-1.1709383462843448e-17,-0.03124999999999999
6,1,0,0,128,115,-0.0546875,-1.1709383462843448e-17,-0.054687499999999986
6,1,0,0,128,116,0.03125,-1.1709383462843448e-17,0.031250000000000014
6,1,0,0,128,117,0.1015625,-1.1709383462843448e-17,0.10156250000000001
6,1,0,0,128,118,-0.0625,-1.1709383462843448e-17,-0.062499999999999986
6,1,0,0,128,119,0.0234375,-1.1709383462843448e-17,0.02343750000000001
6,1,0,0,128,120,0.0390625,-1.1709383462843448e-17,0.039062500000000014
6,1,0,0,128,121,0.046875,-1.1709383462843448e-17,0.046875000000000014
6,1,0,0,128,122,-0.0625,-1.1709383462843448e-17,-0.062499999999999986
6,1,0,0,128,123,-0.0703125,-1.1709383462843448e-17,-0.07031249999999999
6,1,0,0,128,124,-0.03125,-1.1709383462843448e-17,-0.03124999999999999
6,1,0,0,128,125,-0.015625,-1.1709383462843448e-17,-0.015624999999999988
6,1,0,0,128,126,-0.046875,-1.1709383462843448e-17,-0.046874999999999986
6,1,0,0,128,127,-0.15625,-1.1709383462843448e-17,-0.15625
6,1,0,0,128,128,0.1484375,-1.1709383462843448e-17,0.1484375
6,1,0,0,128,129,0.078125,-1.1709383462843448e-17,0.07812500000000001
6,1,0,0,128,130,0.1015625,-1.1709383462843448e-17,0.10156250000000001
6,1,0,0,128,131,-0.046875,-1.1709383462843448e-17,-0.046874999999999986
6,1,0,0,128,132,-0.078125,-1.1709383462843448e-17,-0.07812499999999999
6,1,0,0,128,133,0.046875,-1.1709383462843448e-17,0.046875000000000014
6,1,0,0,128,134,0.1328125,-1.1709383462843448e-17,0.1328125
6,1,0,0,128,135,-0.046875,-1.1709383462843448e-17,-0.046874999999999986
6,1,0,0,128,136,-0.125,-1.1709383462843448e-17,-0.12499999999999999
6,1,0,0,128,137,0.015625,-1.1709383462843448e-17,0.01562500000000001
6,1,0,0,128,138,0.0,-1.1709383462843448e-17,1.1709383462843448e-17
6,1,0,0,128,139,-0.1015625,-1.1709383462843448e-17,-0.10156249999999999
6,1,0,0,128,140,-0.078125,-1.1709383462843448e-17,-0.07812499999999999
6,1,0,0,128,141,0.0390625,-1.1709383462843448e-17,0.039062500000000014
6,1,0,0,128,142,0.0078125,-1.1709383462843448e-17,0.007812500000000012
6,1,0,0,128,143,0.09375,-1.1709383462843448e-17,0.09375000000000001
6,1,0,0,128,144,-0.0625,-1.1709383462843448e-17,-0.062499999999999986
6,1,0,0,128,145,-0.03125,-1.1709383462843448e-17,-0.03124999999999999
6,1,0,0,128,146,-0.0390625,-1.1709383462843448e-17,-0.039062499999999986
6,1,0,0,128,147,0.046875,-1.1709383462843448e-17,0.046875000000000014
6,1,0,0,128,148,0.03125,-1.1709383462843448e-17,0.031250000000000014
6,1,0,0,128,149,-0.0078125,-1.1709383462843448e-17,-0.007812499999999988
6,1,0,0,128,150,0.03125,-1.1709383462843448e-17,0.031250000000000014
6,1,0,0,128,151,0.1640625,-1.1709383462843448e-17,0.1640625
6,1,0,0,128,152,0.015625,-1.1709383462843448e-17,0.01562500000000001
6,1,0,0,128,153,-0.078125,-1.1709383462843448e-17,-0.07812499999999999
6,1,0,0,128,154,0.03125,-1.1709383462843448e-17,0.031250000000000014
6,1,0,0,128,155,-0.0234375,-1.1709383462843448e-17,-0.02343749999999999
6,1,0,0,128,156,-0.046875,-1.1709383462843448e-17,-0.046874999999999986
6,1,0,0,128,157,-0.0546875,-1.1709383462843448e-17,-0.054687499999999986
6,1,0,0,128,158,0.015625,-1.1709383462843448e-17,0.01562500000000001
6,1,0,0,128,159,-0.015625,-1.1709383462843448e-17,-0.015624999999999988
6,1,0,0,128,160,0.0390625,-1.1709383462843448e-17,0.039062500000000014
6,1,0,0,128,161,-0.0234375,-1.1709383462843448e-17,-0.02343749999999999
6,1,0,0,128,162,-0.0234375,-1.1709383462843448e-17,-0.02343749999999999
6,1,0,0,128,163,0.03125,-1.1709383462843448e-17,0.031250000000000014
6,1,0,0,128,164,-0.0390625,-1.1709383462843448e-17,-0.039062499999999986
6,1,0,0,128,165,0.0703125,-1.1709383462843448e-17,0.07031250000000001
6,1,0,0,128,166,-0.015625,-1.1709383462843448e-17,-0.015624999999999988
6,1,0,0,128,167,0.0703125,-1.1709383462843448e-17,0.07031250000000001
6,1,0,0,128,168,0.0703125,-1.1709383462843448e-17,0.07031250000000001
6,1,0,0,128,169,0.0078125,-1.1709383462843448e-17,0.007812500000000012
6,1,0,0,128,170,-0.03125,-1.1709383462843448e-17,-0.03124999999999999
6,1,0,0,128,171,-0.015625,-1.1709383462843448e-17,-0.015624999999999988
6,1,0,0,128,172,-0.0390625,-1.1709383462843448e-17,-0.039062499999999986
6,1,0,0,128,173,0.0390625,-1.1709383462843448e-17,0.039062500000000014
6,1,0,0,128,174,0.0625,-1.1709383462843448e-17,0.06250000000000001
6,1,0,0,128,175,-0.046875,-1.1709383462843448e-17,-0.046874999999999986
6,1,0,0,128,176,0.078125,-1.1709383462843448e-17,0.07812500000000001
6,1,0,0,128,177,0.0546875,-1.1709383462843448e-17,0.054687500000000014
6,1,0,0,128,178,0.0625,-1.1709383462843448e-17,0.06250000000000001
6,1,0,0,128,179,0.015625,-1.1709383462843448e-17,0.01562500000000001
6,1,0,0,128,180,-0.078125,-1.1709383462843448e-17,-0.07812499999999999
6,1,0,0,128,181,0.0625,-1.1709383462843448e-17,0.06250000000000001
6,1,0,0,128,182,-0.0625,-1.1709383462843448e-17,-0.062499999999999986
6,1,0,0,128,183,0.0703125,-1.1709383462843448e-17,0.07031250000000001
6,1,0,0,128,184,-0.015625,-1.1709383462843448e-17,-0.015624999999999988
6,1,0,0,128,185,0.0546875,-1.1709383462843448e-17,0.054687500000000014
6,1,0,0,128,186,-0.0234375,-1.1709383462843448e-17,-0.02343749999999999
6,1,0,0,128,187,-0.046875,-1.1709383462843448e-17,-0.046874999999999986
6,1,0,0,128,188,-0.0390625,-1.1709383462843448e-17,-0.039062499999999986
6,1,0,0,128,189,0.078125,-1.1709383462843448e-17,0.07812500000000001
6,1,0,0,128,190,0.0546875,-1.1709383462843448e-17,0.054687500000000014
6,1,0,0,128,191,-0.015625,-1.1709383462843448e-17,-0.015624999999999988
6,1,0,0,128,192,0.0546875,-1.1709383462843448e-17,0.054687500000000014
6,1,0,0,128,193,-0.0390625,-1.1709383462843448e-17,-0.039062499999999986
6,1,0,0,128,194,-0.0390625,-1.1709383462843448e-17,-0.039062499999999986
6,1,0,0,128,195,-0.0625,-1.1709383462843448e-17,-0.062499999999999986
6,1,0,0,128,196,0.0703125,-1.1709383462843448e-17,0.07031250000000001
6,1,0,0,128,197,0.078125,-1.1709383462843448e-17,0.07812500000000001
6,1,0,0,128,198,0.0703125,-1.1709383462843448e-17,0.07031250000000001
6,1,0,0,128,199,0.0390625,-1.1709383462843448e-17,0.039062500000000014
6,1,0,0,256,0,0.0390625,-1.1709383462843448e-17,0.039062500000000014
6,1,0,0,256,1,-0.0546875,-1.1709383462843448e-17,-0.054687499999999986
6,1,0,0,256,2,0.00390625,-1.1709383462843448e-17,0.003906250000000012
6,1,0,0,256,3,0.0390625,-1.1709383462843448e-17,0.039062500000000014
6,1,0,0,256,4,-0.05859375,-1.1709383462843448e-17,-0.058593749999999986
6,1,0,0,256,5,0.01953125,-1.1709383462843448e-17,0.01953125000000001
6,1,0,0,256,6,0.04296875,-1.1709383462843448e-17,0.042968750000000014
6,1,0,0,256,7,-0.0078125,-1.1709383462843448e-17,-0.007812499999999988
6,1,0,0,256,8,0.0,-1.1709383462843448e-17,1.1709383462843448e-17
6,1,0,0,256,9,-0.0546875,-1.1709383462843448e-17,-0.054687499999999986
6,1,0,0,256,10,0.046875,-1.1709383462843448e-17,0.046875000000000014
6,1,0,0,256,11,0.08984375,-1.1709383462843448e-17,0.08984375000000001
6,1,0,0,256,12,-0.02734375,-1.1709383462843448e-17,-0.02734374999999999
6,1,0,0,256,13,0.0078125,-1.1709383462843448e-17,0.007812500000000012
6,1,0,0,256,14,0.00390625,-1.1709383462843448e-17,0.003906250000000012
6,1,0,0,256,15,-0.0078125,-1.1709383462843448e-17,-0.007812499999999988
6,1,0,0,256,16,0.015625,-1.1709383462843448e-17,0.01562500000000001
6,1,0,0,256,17,0.0,-1.1709383462843448e-17,1.1709383462843448e-17
6,1,0,0,256,18,-0.03125,-1.1709383462843448e-17,-0.03124999999999999
6,1,0,0,256,19,-0.0546875,-1.1709383462843448e-17,-0.054687499999999986
6,1,0,0,256,20,-0.046875,-1.1709383462843448e-17,-0.046874999999999986
6,1,0,0,256,21,0.0078125,-1.1709383462843448e-17,0.007812500000000012
6,1,0,0,256,22,0.01953125,-1.1709383462843448e-17,0.01953125000000001
6,1,0,0,256,23,0.0234375,-1.1709383462843448e-17,0.02343750000000001
6,1,0,0,256,24,0.05078125,-1.1709383462843448e-17,0.050781250000000014
6,1,0,0,256,25,-0.00390625,-1.1709383462843448e-17,-0.0039062499999999883
6,1,0,0,256,26,-0.00390625,-1.1709383462843448e-17,-0.0039062499999999883
6,1,0,0,256,27,0.015625,-1.1709383462843448e-17,0.01562500000000001
6,1,0,0,256,28,0.06640625,-1.1709383462843448e-17,0.06640625000000001
6,1,0,0,256,29,0.04296875,-1.1709383462843448e-17,0.042968750000000014
6,1,0,0,256,30,0.03125,-1.1709383462843448e-17,0.031250000000000014
6,1,0,0,256,31,-0.05078125,-1.1709383462843448e-17,-0.050781249999999986
6,1,0,0,256,32,0.0078125,-1.1709383462843448e-17,0.007812500000000012
6,1,0,0,256,33,0.03515625,-1.1709383462843448e-17,0.035156250000000014
6,1,0,0,256,34,-0.09765625,-1.1709383462843448e-17,-0.09765624999999999
6,1,0,0,256,35,0.00390625,-1.1709383462843448e-17,0.003906250000000012
6,1,0,0,256,36,-0.046875,-1.1709383462843448e-17,-0.046874999999999986
6,1,0,0,256,37,-0.00390625,-1.1709383462843448e-17,-0.0039062499999999883
6,1,0,0,256,38,0.03515625,-1.1709383462843448e-17,0.035156250000000014
6,1,0,0,256,39,-0.00390625,-1.1709383462843448e-17,-0.0039062499999999883
6,1,0,0,256,40,0.01171875,-1.1709383462843448e-17,0.011718750000000012
6,1,0,0,256,41,-0.02734375,-1.1709383462843448e-17,-0.02734374999999999
6,1,0,0,256,42,-0.03515625,-1.1709383462843448e-17,-0.035156249999999986
6,1,0,0,256,43,0.109375,-1.1709383462843448e-17,0.10937500000000001
6,1,0,0,256,44,0.06640625,-1.1709383462843448e-17,0.06640625000000001
6,1,0,0,256,45,0.01171875,-1.1709383462843448e-17,0.011718750000000012
6,1,0,0,256,46,-0.05078125,-1.1709383462843448e-17,-0.050781249999999986
6,1,0,0,256,47,-0.0234375,-1.1709383462843448e-17,-0.02343749999999999
6,1,0,0,256,48,-0.0546875,-1.1709383462843448e-17,-0.054687499999999986
6,1,0,0,256,49,-0.0234375,-1.1709383462843448e-17,-0.02343749999999999
6,1,0,0,256,50,-0.0703125,-1.1709383462843448e-17,-0.07031249999999999
6,1,0,0,256,51,0.03515625,-1.1709383462843448e-17,0.035156250000000014
6,1,0,0,256,52,0.05859375,-1.1709383462843448e-17,0.058593750000000014
6,1,0,0,256,53,0.015625,-1.1709383462843448e-17,0.01562500000000001
6,1,0,0,256,54,-0.09765625,-1.1709383462843448e-17,-0.09765624999999999
6,1,0,0,256,55,0.05078125,-1.1709383462843448e-17,0.050781250000000014
6,1,0,0,256,56,-0.11328125,-1.1709383462843448e-17,-0.11328124999999999
6,1,0,0,256,57,-0.07421875,-1.1709383462843448e-17,-0.07421874999999999
6,1,0,0,256,58,-0.078125,-1.1709383462843448e-17,-0.07812499999999999
6,1,0,0,256,59,-0.02734375,-1.1709383462843448e-17,-0.02734374999999999
6,1,0,0,256,60,0.0390625,-1.1709383462843448e-17,0.039062500000000014
6,1,0,0,256,61,-0.0625,-1.1709383462843448e-17,-0.062499999999999986
6,1,0,0,256,62,-0.05859375,-1.1709383462843448e-17,-0.058593749999999986
6,1,0,0,256,63,-0.00390625,-1.1709383462843448e-17,-0.0039062499999999883
6,1,0,0,256,64,-0.02734375,-1.1709383462843448e-17,-0.02734374999999999
6,1,0,0,256,65,-0.01171875,-1.1709383462843448e-17,-0.011718749999999988
6,1,0,0,256,66,-0.07421875,-1.1709383462843448e-17,-0.07421874999999999
6,1,0,0,256,67,-0.01171875,-1.1709383462843448e-17,-0.011718749999999988
6,1,0,0,256,68,-0.01953125,-1.1709383462843448e-17,-0.01953124999999999
6,1,0,0,256,69,0.01171875,-1.1709383462843448e-17,0.011718750000000012
6,1,0,0,256,70,-0.02734375,-1.1709383462843448e-17,-0.02734374999999999
6,1,0,0,256,71,0.015625,-1.1709383462843448e-17,0.01562500000000001
6,1,0,0,256,72,-0.015625,-1.1709383462843448e-17,-0.015624999999999988
6,1,0,0,256,73,0.0,-1.1709383462843448e-17,1.1709383462843448e-17
6,1,0,0,256,74,0.03125,-1.1709383462843448e-17,0.031250000000000014
6,1,0,0,256,75,0.0,-1.1709383462843448e-17,1.1709383462843448e-17
6,1,0,0,256,76,0.0390625,-1.1709383462843448e-17,0.039062500000000014
6,1,0,0,256,77,-0.01953125,-1.1709383462843448e-17,-0.01953124999999999
6,1,0,0,256,78,0.015625,-1.1709383462843448e-17,0.01562500000000001
6,1,0,0,256,79,0.06640625,-1.1709383462843448e-17,0.06640625000000001
6,1,0,0,256,80,0.01171875,-1.1709383462843448e-17,0.011718750000000012
6,1,0,0,256,81,-0.05859375,-1.1709383462843448e-17,-0.058593749999999986
6,1,0,0,256,82,-0.0078125,-1.1709383462843448e-17,-0.007812499999999988
6,1,0,0,256,83,-0.0078125,-1.1709383462843448e-17,-0.007812499999999988
6,1,0,0,256,84,-0.0546875,-1.1709383462843448e-17,-0.054687499999999986
6,1,0,0,256,85,0.00390625,-1.1709383462843448e-17,0.003906250000000012
6,1,0,0,256,86,-0.01953125,-1.1709383462843448e-17,-0.01953124999999999
6,1,0,0,256,87,-0.02734375,-1.1709383462843448e-17,-0.02734374999999999
6,1,0,0,256,88,0.0234375,-1.1709383462843448e-17,0.02343750000000001
6,1,0,0,256,89,0.08203125,-1.1709383462843448e-17,0.08203125000000001
6,1,0,0,256,90,0.01171875,-1.1709383462843448e-17,0.011718750000000012
6,1,0,0,256,91,-0.03515625,-1.1709383462843448e-17,-0.035156249999999986
6,1,0,0,256,92,-0.01171875,-1.1709383462843448e-17,-0.011718749999999988
6,1,0,0,256,93,-0.0078125,-1.1709383462843448e-17,-0.007812499999999988
6,1,0,0,256,94,-0.08203125,-1.1709383462843448e-17,-0.08203124999999999
6,1,0,0,256,95,0.015625,-1.1709383462843448e-17,0.01562500000000001
6,1,0,0,256,96,-0.015625,-1.1709383462843448e-17,-0.015624999999999988
6,1,0,0,256,97,0.01171875,-1.1709383462843448e-17,0.011718750000000012
6,1,0,0,256,98,0.0,-1.1709383462843448e-17,1.1709383462843448e-17
6,1,0,0,256,99,0.03515625,-1.1709383462843448e-17,0.035156250000000014
6,1,0,0,256,100,-0.0390625,-1.1709383462843448e-17,-0.039062499999999986
6,1,0,0,256,101,-0.02734375,-1.1709383462843448e-17,-0.02734374999999999
6,1,0,0,256,102,0.0078125,-1.1709383462843448e-17,0.007812500000000012
6,1,0,0,256,103,-0.01171875,-1.1709383462843448e-17,-0.011718749999999988
6,1,0,0,256,104,0.0234375,-1.1709383462843448e-17,0.02343750000000001
6,1,0,0,256,105,-0.0078125,-1.1709383462843448e-17,-0.007812499999999988
6,1,0,0,256,106,0.05078125,-1.1709383462843448e-17,0.050781250000000014
6,1,0,0,256,107,0.015625,-1.1709383462843448e-17,0.01562500000000001
6,1,0,0,256,108,0.015625,-1.1709383462843448e-17,0.01562500000000001
6,1,0,0,256,109,-0.03515625,-1.1709383462843448e-17,-0.035156249999999986
6,1,0,0,256,110,-0.0234375,-1.1709383462843448e-17,-0.02343749999999999
6,1,0,0,256,111,-0.01953125,-1.1709383462843448e-17,-0.01953124999999999
6,1,0,0,256,112,-0.015625,-1.1709383462843448e-17,-0.015624999999999988
6,1,0,0,256,113,-0.0390625,-1.1709383462843448e-17,-0.039062499999999986
6,1,0,0,256,114,0.01953125,-1.1709383462843448e-17,0.01953125000000001
6,1,0,0,256,115,-0.02734375,-1.1709383462843448e-17,-0.02734374999999999
6,1,0,0,256,116,0.05078125,-1.1709383462843448e-17,0.050781250000000014
6,1,0,0,256,117,-0.03125,-1.1709383462843448e-17,-0.03124999999999999
6,1,0,0,256,118,0.05078125,-1.1709383462843448e-17,0.050781250000000014
6,1,0,0,256,119,0.0390625,-1.1709383462843448e-17,0.039062500000000014
6,1,0,0,256,120,0.0546875,-1.1709383462843448e-17,0.054687500000000014
6,1,0,0,256,121,-0.1171875,-1.1709383462843448e-17,-0.11718749999999999
6,1,0,0,256,122,0.01171875,-1.1709383462843448e-17,0.011718750000000012
6,1,0,0,256,123,0.0546875,-1.1709383462843448e-17,0.054687500000000014
6,1,0,0,256,124,0.07421875,-1.1709383462843448e-17,0.07421875000000001
6,1,0,0,256,125,-0.01171875,-1.1709383462843448e-17,-0.011718749999999988
6,1,0,0,256,126,-0.02734375,-1.1709383462843448e-17,-0.02734374999999999
6,1,0,0,256,127,-0.0625,-1.1709383462843448e-17,-0.062499999999999986
6,1,0,0,256,128,0.046875,-1.1709383462843448e-17,0.046875000000000014
6,1,0,0,256,129,-0.0390625,-1.1709383462843448e-17,-0.039062499999999986
6,1,0,0,256,130,0.03125,-1.1709383462843448e-17,0.031250000000000014
6,1,0,0,256,131,0.0234375,-1.1709383462843448e-17,0.02343750000000001
6,1,0,0,256,132,-0.0546875,-1.1709383462843448e-17,-0.054687499999999986
6,1,0,0,256,133,-0.0625,-1.1709383462843448e-17,-0.062499999999999986
6,1,0,0,256,134,0.0078125,-1.1709383462843448e-17,0.007812500000000012
6,1,0,0,256,135,0.0,-1.1709383462843448e-17,1.1709383462843448e-17
6,1,0,0,256,136,-0.02734375,-1.1709383462843448e-17,-0.02734374999999999
6,1,0,0,256,137,-0.046875,-1.1709383462843448e-17,-0.046874999999999986
6,1,0,0,256,138,0.0,-1.1709383462843448e-17,1.1709383462843448e-17
6,1,0,0,256,139,-0.00390625,-1.1709383462843448e-17,-0.0039062499999999883
6,1,0,0,256,140,0.04296875,-1.1709383462843448e-17,0.042968750000000014
6,1,0,0,256,141,-0.0390625,-1.1709383462843448e-17,-0.039062499999999986
6,1,0,0,256,142,-0.02734375,-1.1709383462843448e-17,-0.02734374999999999
6,1,0,0,256,143,0.015625,-1.1709383462843448e-17,0.01562500000000001
6,1,0,0,256,144,-0.0234375,-1.1709383462843448e-17,-0.02343749999999999
6,1,0,0,256,145,-0.015625,-1.1709383462843448e-17,-0.015624999999999988
6,1,0,0,256,146,0.01171875,-1.1709383462843448e-17,0.011718750000000012
6,1,0,0,256,147,0.08984375,-1.1709383462843448e-17,0.08984375000000001
6,1,0,0,256,148,-0.078125,-1.1709383462843448e-17,-0.07812499999999999
6,1,0,0,256,149,-0.05859375,-1.1709383462843448e-17,-0.058593749999999986
6,1,0,0,256,150,0.046875,-1.1709383462843448e-17,0.046875000000000014
6,1,0,0,256,151,0.04296875,-1.1709383462843448e-17,0.042968750000000014
6,1,0,0,256,152,-0.02734375,-1.1709383462843448e-17,-0.02734374999999999
6,1,0,0,256,153,0.0234375,-1.1709383462843448e-17,0.02343750000000001
6,1,0,0,256,154,-0.00390625,-1.1709383462843448e-17,-0.0039062499999999883
6,1,0,0,256,155,-0.02734375,-1.1709383462843448e-17,-0.02734374999999999
6,1,0,0,256,156,0.03125,-1.1709383462843448e-17,0.031250000000000014
6,1,0,0,256,157,-0.0234375,-1.1709383462843448e-17,-0.02343749999999999
6,1,0,0,256,158,-0.05078125,-1.1709383462843448e-17,-0.050781249999999986
6,1,0,0,256,159,0.03515625,-1.1709383462843448e-17,0.035156250000000014
6,1,0,0,256,160,0.0,-1.1709383462843448e-17,1.1709383462843448e-17
6,1,0,0,256,161,-0.046875,-1.1709383462843448e-17,-0.046874999999999986
6,1,0,0,256,162,-0.07421875,-1.1709383462843448e-17,-0.07421874999999999
6,1,0,0,256,163,0.0078125,-1.1709383462843448e-17,0.007812500000000012
6,1,0,0,256,164,0.0546875,-1.1709383462843448e-17,0.054687500000000014
6,1,0,0,256,165,0.0,-1.1709383462843448e-17,1.1709383462843448e-17
6,1,0,0,256,166,-0.03125,-1.1709383462843448e-17,-0.03124999999999999
6,1,0,0,256,167,0.02734375,-1.1709383462843448e-17,0.02734375000000001
6,1,0,0,256,168,-0.01953125,-1.1709383462843448e-17,-0.01953124999999999
6,1,0,0,256,169,0.0078125,-1.1709383462843448e-17,0.007812500000000012
6,1,0,0,256,170,0.0,-1.1709383462843448e-17,1.1709383462843448e-17
6,1,0,0,256,171,-0.02734375,-1.1709383462843448e-17,-0.02734374999999999
6,1,0,0,256,172,-0.01171875,-1.1709383462843448e-17,-0.011718749999999988
6,1,0,0,256,173,-0.05859375,-1.1709383462843448e-17,-0.058593749999999986
6,1,0,0,256,174,0.00390625,-1.1709383462843448e-17,0.003906250000000012
6,1,0,0,256,175,0.00390625,-1.1709383462843448e-17,0.003906250000000012
6,1,0,0,256,176,0.0234375,-1.1709383462843448e-17,0.02343750000000001
6,1,0,0,256,177,-0.0234375,-1.1709383462843448e-17,-0.02343749999999999
6,1,0,0,256,178,-0.046875,-1.1709383462843448e-17,-0.046874999999999986
6,1,0,0,256,179,0.015625,-1.1709383462843448e-17,0.01562500000000001
6,1,0,0,256,180,-0.015625,-1.1709383462843448e-17,-0.015624999999999988
6,1,0,0,256,181,0.0234375,-1.1709383462843448e-17,0.02343750000000001
6,1,0,0,256,182,-0.0546875,-1.1709383462843448e-17,-0.054687499999999986
6,1,0,0,256,183,0.01953125,-1.1709383462843448e-17,0.01953125000000001
6,1,0,0,256,184,0.0390625,-1.1709383462843448e-17,0.039062500000000014
6,1,0,0,256,185,-0.015625,-1.1709383462843448e-17,-0.015624999999999988
6,1,0,0,256,186,-0.015625,-1.1709383462843448e-17,-0.015624999999999988
6,1,0,0,256,187,0.0390625,-1.1709383462843448e-17,0.039062500000000014
6,1,0,0,256,188,0.08203125,-1.1709383462843448e-17,0.08203125000000001
6,1,0,0,256,189,0.00390625,-1.1709383462843448e-17,0.003906250000000012
6,1,0,0,256,190,-0.0703125,-1.1709383462843448e-17,-0.07031249999999999
6,1,0,0,256,191,0.01171875,-1.1709383462843448e-17,0.011718750000000012
6,1,0,0,256,192,-0.01171875,-1.1709383462843448e-17,-0.011718749999999988
6,1,0,0,256,193,0.02734375,-1.1709383462843448e-17,0.02734375000000001
6,1,0,0,256,194,-0.00390625,-1.1709383462843448e-17,-0.0039062499999999883
6,1,0,0,256,195,0.0078125,-1.1709383462843448e-17,0.007812500000000012
6,1,0,0,256,196,0.04296875,-1.1709383462843448e-17,0.042968750000000014
6,1,0,0,256,197,0.0,-1.1709383462843448e-17,1.1709383462843448e-17
6,1,0,0,256,198,0.03125,-1.1709383462843448e-17,0.031250000000000014
6,1,0,0,256,199,0.01953125,-1.1709383462843448e-17,0.01953125000000001
6,1,0,0,512,0,-0.01953125,-1.1709383462843448e-17,-0.01953124999999999
6,1,0,0,512,1,0.015625,-1.1709383462843448e-17,0.01562500000000001
6,1,0,0,512,2,0.001953125,-1.1709383462843448e-17,0.0019531250000000117
6,1,0,0,512,3,-0.05078125,-1.1709383462843448e-17,-0.050781249999999986
6,1,0,0,512,4,0.01953125,-1.1709383462843448e-17,0.01953125000000001
6,1,0,0,512,5,0.03125,-1.1709383462843448e-17,0.031250000000000014
6,1,0,0,512,6,-0.0078125,-1.1709383462843448e-17,-0.007812499999999988
6,1,0,0,512,7,-0.04296875,-1.1709383462843448e-17,-0.042968749999999986
6,1,0,0,512,8,-0.017578125,-1.1709383462843448e-17,-0.01757812499999999
6,1,0,0,512,9,0.0,-1.1709383462843448e-17,1.1709383462843448e-17
6,1,0,0,512,10,0.03125,-1.1709383462843448e-17,0.031250000000000014
6,1,0,0,512,11,-0.03125,-1.1709383462843448e-17,-0.03124999999999999
6,1,0,0,512,12,-0.0234375,-1.1709383462843448e-17,-0.02343749999999999
6,1,0,0,512,13,-0.015625,-1.1709383462843448e-17,-0.015624999999999988
6,1,0,0,512,14,0.01171875,-1.1709383462843448e-17,0.011718750000000012
6,1,0,0,512,15,0.015625,-1.1709383462843448e-17,0.01562500000000001
6,1,0,0,512,16,0.048828125,-1.1709383462843448e-17,0.048828125000000014
6,1,0,0,512,17,-0.041015625,-1.1709383462843448e-17,-0.041015624999999986
6,1,0,0,512,18,0.02734375,-1.1709383462843448e-17,0.02734375000000001
6,1,0,0,512,19,0.009765625,-1.1709383462843448e-17,0.009765625000000012
6,1,0,0,512,20,-0.0390625,-1.1709383462843448e-17,-0.039062499999999986
6,1,0,0,512,21,-0.03125,-1.1709383462843448e-17,-0.03124999999999999
6,1,0,0,512,22,0.017578125,-1.1709383462843448e-17,0.01757812500000001
6,1,0,0,512,23,-0.0390625,-1.1709383462843448e-17,-0.039062499999999986
6,1,0,0,512,24,-0.017578125,-1.1709383462843448e-17,-0.01757812499999999
6,1,0,0,512,25,-0.048828125,-1.1709383462843448e-17,-0.048828124999999986
6,1,0,0,512,26,0.0,-1.1709383462843448e-17,1.1709383462843448e-17
6,1,0,0,512,27,-0.001953125,-1.1709383462843448e-17,-0.0019531249999999883
6,1,0,0,512,28,0.02734375,-1.1709383462843448e-17,0.02734375000000001
6,1,0,0,512,29,0.03515625,-1.1709383462843448e-17,0.035156250000000014
6,1,0,0,512,30,0.029296875,-1.1709383462843448e-17,0.02929687500000001
6,1,0,0,512,31,-0.015625,-1.1709383462843448e-17,-0.015624999999999988
6,1,0,0,512,32,-0.033203125,-1.1709383462843448e-17,-0.033203124999999986
6,1,0,0,512,33,0.041015625,-1.1709383462843448e-17,0.041015625000000014
6,1,0,0,512,34,0.0078125,-1.1709383462843448e-17,0.007812500000000012
6,1,0,0,512,35,0.078125,-1.1709383462843448e-17,0.07812500000000001
6,1,0,0,512,36,0.01953125,-1.1709383462843448e-17,0.01953125000000001
6,1,0,0,512,37,0.046875,-1.1709383462843448e-17,0.046875000000000014
6,1,0,0,512,38,-0.091796875,-1.1709383462843448e-17,-0.09179687499999999
6,1,0,0,512,39,-0.0390625,-1.1709383462843448e-17,-0.039062499999999986
6,1,0,0,512,40,-0.07421875,-1.1709383462843448e-17,-0.07421874999999999
6,1,0,0,512,41,-0.013671875,-1.1709383462843448e-17,-0.013671874999999988
6,1,0,0,512,42,0.064453125,-1.1709383462843448e-17,0.06445312500000001
6,1,0,0,512,43,-0.080078125,-1.1709383462843448e-17,-0.08007812499999999
6,1,0,0,512,44,-0.046875,-1.1709383462843448e-17,-0.046874999999999986
6,1,0,0,512,45,0.005859375,-1.1709383462843448e-17,0.005859375000000012
6,1,0,0,512,46,-0.00390625,-1.1709383462843448e-17,-0.0039062499999999883
6,1,0,0,512,47,0.0546875,-1.1709383462843448e-17,0.054687500000000014
6,1,0,0,512,48,-0.0546875,-1.1709383462843448e-17,-0.054687499999999986
6,1,0,0,512,49,-0.015625,-1.1709383462843448e-17,-0.015624999999999988
6,1,0,0,512,50,0.001953125,-1.1709383462843448e-17,0.0019531250000000117
6,1,0,0,512,51,0.03125,-1.1709383462843448e-17,0.031250000000000014
6,1,0,0,512,52,0.013671875,-1.1709383462843448e-17,0.013671875000000012
6,1,0,0,512,53,0.029296875,-1.1709383462843448e-17,0.02929687500000001
6,1,0,0,512,54,-0.021484375,-1.1709383462843448e-17,-0.02148437499999999
6,1,0,0,512,55,0.025390625,-1.1709383462843448e-17,0.02539062500000001
6,1,0,0,512,56,0.001953125,-1.1709383462843448e-17,0.0019531250000000117
6,1,0,0,512,57,0.0,-1.1709383462843448e-17,1.1709383462843448e-17
6,1,0,0,512,58,-0.037109375,-1.1709383462843448e-17,-0.037109374999999986
6,1,0,0,512,59,0.015625,-1.1709383462843448e-17,0.01562500000000001
6,1,0,0,512,60,-0.021484375,-1.1709383462843448e-17,-0.02148437499999999
6,1,0,0,512,61,-0.015625,-1.1709383462843448e-17,-0.015624999999999988
6,1,0,0,512,62,0.001953125,-1.1709383462843448e-17,0.0019531250000000117
6,1,0,0,512,63,0.017578125,-1.1709383462843448e-17,0.01757812500000001
6,1,0,0,512,64,-0.052734375,-1.1709383462843448e-17,-0.052734374999999986
6,1,0,0,512,65,0.01953125,-1.1709383462843448e-17,0.01953125000000001
6,1,0,0,512,66,0.0390625,-1.1709383462843448e-17,0.039062500000000014
6,1,0,0,512,67,0.009765625,-1.1709383462843448e-17,0.009765625000000012
6,1,0,0,512,68,-0.0390625,-1.1709383462843448e-17,-0.039062499999999986
6,1,0,0,512,69,0.021484375,-1.1709383462843448e-17,0.02148437500000001
6,1,0,0,512,70,-0.015625,-1.1709383462843448e-17,-0.015624999999999988
6,1,0,0,512,71,-0.01953125,-1.1709383462843448e-17,-0.01953124999999999
6,1,0,0,512,72,0.001953125,-1.1709383462843448e-17,0.0019531250000000117
6,1,0,0,512,73,0.00390625,-1.1709383462843448e-17,0.003906250000000012
6,1,0,0,512,74,0.03125,-1.1709383462843448e-17,0.031250000000000014
6,1,0,0,512,75,-0.033203125,-1.1709383462843448e-17,-0.033203124999999986
6,1,0,0,512,76,-0.00390625,-1.1709383462843448e-17,-0.0039062499999999883
6,1,0,0,512,77,0.01953125,-1.1709383462843448e-17,0.01953125000000001
6,1,0,0,512,78,-0.01953125,-1.1709383462843448e-17,-0.01953124999999999
6,1,0,0,512,79,-0.0390625,-1.1709383462843448e-17,-0.039062499999999986
6,1,0,0,512,80,-0.076171875,-1.1709383462843448e-17,-0.07617187499999999
6,1,0,0,512,81,-0.005859375,-1.1709383462843448e-17,-0.005859374999999988
6,1,0,0,512,82,-0.037109375,-1.1709383462843448e-17,-0.037109374999999986
6,1,0,0,512,83,-0.015625,-1.1709383462843448e-17,-0.015624999999999988
6,1,0,0,512,84,0.037109375,-1.1709383462843448e-17,0.037109375000000014
6,1,0,0,512,85,-0.03515625,-1.1709383462843448e-17,-0.035156249999999986
6,1,0,0,512,86,-0.025390625,-1.1709383462843448e-17,-0.02539062499999999
6,1,0,0,512,87,0.029296875,-1.1709383462843448e-17,0.02929687500000001
6,1,0,0,512,88,0.021484375,-1.1709383462843448e-17,0.02148437500000001
6,1,0,0,512,89,0.046875,-1.1709383462843448e-17,0.046875000000000014
6,1,0,0,512,90,-0.033203125,-1.1709383462843448e-17,-0.033203124999999986
6,1,0,0,512,91,0.009765625,-1.1709383462843448e-17,0.009765625000000012
6,1,0,0,512,92,-0.03125,-1.1709383462843448e-17,-0.03124999999999999
6,1,0,0,512,93,0.03125,-1.1709383462843448e-17,0.031250000000000014
6,1,0,0,512,94,0.005859375,-1.1709383462843448e-17,0.005859375000000012
6,1,0,0,512,95,0.046875,-1.1709383462843448e-17,0.046875000000000014
6,1,0,0,512,96,-0.03125,-1.1709383462843448e-17,-0.03124999999999999
6,1,0,0,512,97,-0.0234375,-1.1709383462843448e-17,-0.02343749999999999
6,1,0,0,512,98,-0.056640625,-1.1709383462843448e-17,-0.056640624999999986
6,1,0,0,512,99,-0.033203125,-1.1709383462843448e-17,-0.033203124999999986
6,1,0,0,512,100,-0.0390625,-1.1709383462843448e-17,-0.039062499999999986
6,1,0,0,512,101,0.03125,-1.1709383462843448e-17,0.031250000000000014
6,1,0,0,512,102,0.04296875,-1.1709383462843448e-17,0.042968750000000014
6,1,0,0,512,103,0.044921875,-1.1709383462843448e-17,0.044921875000000014
6,1,0,0,512,104,0.0078125,-1.1709383462843448e-17,0.007812500000000012
6,1,0,0,512,105,0.015625,-1.1709383462843448e-17,0.01562500000000001
6,1,0,0,512,106,0.013671875,-1.1709383462843448e-17,0.013671875000000012
6,1,0,0,512,107,-0.0078125,-1.1709383462843448e-17,-0.007812499999999988
6,1,0,0,512,108,-0.01171875,-1.1709383462843448e-17,-0.011718749999999988
6,1,0,0,512,109,0.013671875,-1.1709383462843448e-17,0.013671875000000012
6,1,0,0,512,110,0.06640625,-1.1709383462843448e-17,0.06640625000000001
6,1,0,0,512,111,0.00390625,-1.1709383462843448e-17,0.003906250000000012
6,1,0,0,512,112,0.04296875,-1.1709383462843448e-17,0.042968750000000014
6,1,0,0,512,113,-0.00390625,-1.1709383462843448e-17,-0.0039062499999999883
6,1,0,0,512,114,-0.0078125,-1.1709383462843448e-17,-0.007812499999999988
6,1,0,0,512,115,0.015625,-1.1709383462843448e-17,0.01562500000000001
6,1,0,0,512,116,0.00390625,-1.1709383462843448e-17,0.003906250000000012
6,1,0,0,512,117,-0.083984375,-1.1709383462843448e-17,-0.08398437499999999
6,1,0,0,512,118,0.02734375,-1.1709383462843448e-17,0.02734375000000001
6,1,0,0,512,119,-0.052734375,-1.1709383462843448e-17,-0.052734374999999986
6,1,0,0,512,120,-0.0078125,-1.1709383462843448e-17,-0.007812499999999988
6,1,0,0,512,121,-0.033203125,-1.1709383462843448e-17,-0.033203124999999986
6,1,0,0,512,122,0.033203125,-1.1709383462843448e-17,0.033203125000000014
6,1,0,0,512,123,0.013671875,-1.1709383462843448e-17,0.013671875000000012
6,1,0,0,512,124,0.021484375,-1.1709383462843448e-17,0.02148437500000001
6,1,0,0,512,125,0.05859375,-1.1709383462843448e-17,0.058593750000000014
6,1,0,0,512,126,0.0,-1.1709383462843448e-17,1.1709383462843448e-17
6,1,0,0,512,127,0.013671875,-1.1709383462843448e-17,0.013671875000000012
6,1,0,0,512,128,-0.017578125,-1.1709383462843448e-17,-0.01757812499999999
6,1,0,0,512,129,-0.041015625,-1.1709383462843448e-17,-0.041015624999999986
6,1,0,0,512,130,-0.013671875,-1.1709383462843448e-17,-0.013671874999999988
6,1,0,0,512,131,0.009765625,-1.1709383462843448e-17,0.009765625000000012
6,1,0,0,512,132,0.0390625,-1.1709383462843448e-17,0.039062500000000014
6,1,0,0,512,133,0.01953125,-1.1709383462843448e-17,0.01953125000000001
6,1,0,0,512,134,0.05078125,-1.1709383462843448e-17,0.050781250000000014
6,1,0,0,512,135,0.00390625,-1.1709383462843448e-17,0.003906250000000012
6,1,0,0,512,136,0.025390625,-1.1709383462843448e-17,0.02539062500000001
6,1,0,0,512,137,-0.015625,-1.1709383462843448e-17,-0.015624999999999988
6,1,0,0,512,138,0.029296875,-1.1709383462843448e-17,0.02929687500000001
6,1,0,0,512,139,0.060546875,-1.1709383462843448e-17,0.060546875000000014
6,1,0,0,512,140,-0.064453125,-1.1709383462843448e-17,-0.06445312499999999
6,1,0,0,512,141,-0.009765625,-1.1709383462843448e-17,-0.009765624999999988
6,1,0,0,512,142,0.03125,-1.1709383462843448e-17,0.031250000000000014
6,1,0,0,512,143,0.0,-1.1709383462843448e-17,1.1709383462843448e-17
6,1,0,0,512,144,0.001953125,-1.1709383462843448e-17,0.0019531250000000117
6,1,0,0,512,145,-0.01953125,-1.1709383462843448e-17,-0.01953124999999999
6,1,0,0,512,146,-0.021484375,-1.1709383462843448e-17,-0.02148437499999999
6,1,0,0,512,147,-0.001953125,-1.1709383462843448e-17,-0.0019531249999999883
6,1,0,0,512,148,-0.03515625,-1.1709383462843448e-17,-0.035156249999999986
6,1,0,0,512,149,-0.029296875,-1.1709383462843448e-17,-0.02929687499999999
6,1,0,0,512,150,-0.009765625,-1.1709383462843448e-17,-0.009765624999999988
6,1,0,0,512,151,0.01171875,-1.1709383462843448e-17,0.011718750000000012
6,1,0,0,512,152,0.005859375,-1.1709383462843448e-17,0.005859375000000012
6,1,0,0,512,153,-0.01171875,-1.1709383462843448e-17,-0.011718749999999988
6,1,0,0,512,154,0.01953125,-1.1709383462843448e-17,0.01953125000000001
6,1,0,0,512,155,0.01171875,-1.1709383462843448e-17,0.011718750000000012
6,1,0,0,512,156,-0.0390625,-1.1709383462843448e-17,-0.039062499999999986
6,1,0,0,512,157,0.001953125,-1.1709383462843448e-17,0.0019531250000000117
6,1,0,0,512,158,0.044921875,-1.1709383462843448e-17,0.044921875000000014
6,1,0,0,512,159,0.009765625,-1.1709383462843448e-17,0.009765625000000012
6,1,0,0,512,160,0.009765625,-1.1709383462843448e-17,0.009765625000000012
6,1,0,0,512,161,-0.03125,-1.1709383462843448e-17,-0.03124999999999999
6,1,0,0,512,162,0.02734375,-1.1709383462843448e-17,0.02734375000000001
6,1,0,0,512,163,0.015625,-1.1709383462843448e-17,0.01562500000000001
6,1,0,0,512,164,0.025390625,-1.1709383462843448e-17,0.02539062500000001
6,1,0,0,512,165,0.009765625,-1.1709383462843448e-17,0.009765625000000012
6,1,0,0,512,166,0.03515625,-1.1709383462843448e-17,0.035156250000000014
6,1,0,0,512,167,-0.0078125,-1.1709383462843448e-17,-0.007812499999999988
6,1,0,0,512,168,0.02734375,-1.1709383462843448e-17,0.02734375000000001
6,1,0,0,512,169,0.0,-1.1709383462843448e-17,1.1709383462843448e-17
6,1,0,0,512,170,0.0,-1.1709383462843448e-17,1.1709383462843448e-17
6,1,0,0,512,171,0.01171875,-1.1709383462843448e-17,0.011718750000000012
6,1,0,0,512,172,0.044921875,-1.1709383462843448e-17,0.044921875000000014
6,1,0,0,512,173,0.009765625,-1.1709383462843448e-17,0.009765625000000012
6,1,0,0,512,174,-0.021484375,-1.1709383462843448e-17,-0.02148437499999999
6,1,0,0,512,175,-0.00390625,-1.1709383462843448e-17,-0.0039062499999999883
6,1,0,0,512,176,-0.0390625,-1.1709383462843448e-17,-0.039062499999999986
6,1,0,0,512,177,0.080078125,-1.1709383462843448e-17,0.08007812500000001
6,1,0,0,512,178,-0.017578125,-1.1709383462843448e-17,-0.01757812499999999
6,1,0,0,512,179,-0.0078125,-1.1709383462843448e-17,-0.007812499999999988
6,1,0,0,512,180,-0.005859375,-1.1709383462843448e-17,-0.005859374999999988
6,1,0,0,512,181,-0.013671875,-1.1709383462843448e-17,-0.013671874999999988
6,1,0,0,512,182,-0.001953125,-1.1709383462843448e-17,-0.0019531249999999883
6,1,0,0,512,183,-0.037109375,-1.1709383462843448e-17,-0.037109374999999986
6,1,0,0,512,184,0.0,-1.1709383462843448e-17,1.1709383462843448e-17
6,1,0,0,512,185,-0.01953125,-1.1709383462843448e-17,-0.01953124999999999
6,1,0,0,512,186,-0.00390625,-1.1709383462843448e-17,-0.0039062499999999883
6,1,0,0,512,187,0.03125,-1.1709383462843448e-17,0.031250000000000014
6,1,0,0,512,188,-0.01171875,-1.1709383462843448e-17,-0.011718749999999988
6,1,0,0,512,189,0.0,-1.1709383462843448e-17,1.1709383462843448e-17
6,1,0,0,512,190,0.06640625,-1.1709383462843448e-17,0.06640625000000001
6,1,0,0,512,191,0.0,-1.1709383462843448e-17,1.1709383462843448e-17
6,1,0,0,512,192,0.037109375,-1.1709383462843448e-17,0.037109375000000014
6,1,0,0,512,193,-0.005859375,-1.1709383462843448e-17,-0.005859374999999988
6,1,0,0,512,194,0.017578125,-1.1709383462843448e-17,0.01757812500000001
6,1,0,0,512,195,0.00390625,-1.1709383462843448e-17,0.003906250000000012
6,1,0,0,512,196,0.02734375,-1.1709383462843448e-17,0.02734375000000001
6,1,0,0,512,197,0.009765625,-1.1709383462843448e-17,0.009765625000000012
6,1,0,0,512,198,-0.06640625,-1.1709383462843448e-17,-0.06640624999999999
6,1,0,0,512,199,0.0234375,-1.1709383462843448e-17,0.02343750000000001
6,1,0,0,1024,0,0.0185546875,-1.1709383462843448e-17,0.01855468750000001
6,1,0,0,1024,1,-0.0234375,-1.1709383462843448e-17,-0.02343749999999999
6,1,0,0,1024,2,0.0302734375,-1.1709383462843448e-17,0.03027343750000001
6,1,0,0,1024,3,0.015625,-1.1709383462843448e-17,0.01562500000000001
6,1,0,0,1024,4,0.0009765625,-1.1709383462843448e-17,0.0009765625000000117
6,1,0,0,1024,5,-0.03125,-1.1709383462843448e-17,-0.03124999999999999
6,1,0,0,1024,6,0.0048828125,-1.1709383462843448e-17,0.004882812500000012
6,1,0,0,1024,7,-0.00390625,-1.1709383462843448e-17,-0.0039062499999999883
6,1,0,0,1024,8,0.017578125,-1.1709383462843448e-17,0.01757812500000001
6,1,0,0,1024,9,0.017578125,-1.1709383462843448e-17,0.01757812500000001
6,1,0,0,1024,10,0.0126953125,-1.1709383462843448e-17,0.012695312500000012
6,1,0,0,1024,11,-0.013671875,-1.1709383462843448e-17,-0.013671874999999988
6,1,0,0,1024,12,0.02734375,-1.1709383462843448e-17,0.02734375000000001
6,1,0,0,1024,13,0.0205078125,-1.1709383462843448e-17,0.02050781250000001
6,1,0,0,1024,14,0.0224609375,-1.1709383462843448e-17,0.02246093750000001
6,1,0,0,1024,15,-0.0068359375,-1.1709383462843448e-17,-0.006835937499999988
6,1,0,0,1024,16,-0.021484375,-1.1709383462843448e-17,-0.02148437499999999
6,1,0,0,1024,17,-0.0009765625,-1.1709383462843448e-17,-0.0009765624999999883
6,1,0,0,1024,18,-0.0009765625,-1.1709383462843448e-17,-0.0009765624999999883
6,1,0,0,1024,19,-0.0126953125,-1.1709383462843448e-17,-0.012695312499999988
6,1,0,0,1024,20,-0.0234375,-1.1709383462843448e-17,-0.02343749999999999
6,1,0,0,1024,21,0.0048828125,-1.1709383462843448e-17,0.004882812500000012
6,1,0,0,1024,22,-0.001953125,-1.1709383462843448e-17,-0.0019531249999999883
6,1,0,0,1024,23,-0.017578125,-1.1709383462843448e-17,-0.01757812499999999
6,1,0,0,1024,24,0.013671875,-1.1709383462843448e-17,0.013671875000000012
6,1,0,0,1024,25,-0.0078125,-1.1709383462843448e-17,-0.007812499999999988
6,1,0,0,1024,26,0.041015625,-1.1709383462843448e-17,0.041015625000000014
6,1,0,0,1024,27,-0.013671875,-1.1709383462843448e-17,-0.013671874999999988
6,1,0,0,1024,28,0.0234375,-1.1709383462843448e-17,0.02343750000000001
6,1,0,0,1024,29,0.04296875,-1.1709383462843448e-17,0.042968750000000014
6,1,0,0,1024,30,0.00390625,-1.1709383462843448e-17,0.003906250000000012
6,1,0,0,1024,31,0.0361328125,-1.1709383462843448e-17,0.036132812500000014
6,1,0,0,1024,32,-0.013671875,-1.1709383462843448e-17,-0.013671874999999988
6,1,0,0,1024,33,0.0244140625,-1.1709383462843448e-17,0.02441406250000001
6,1,0,0,1024,34,0.033203125,-1.1709383462843448e-17,0.033203125000000014
6,1,0,0,1024,35,0.00390625,-1.1709383462843448e-17,0.003906250000000012
6,1,0,0,1024,36,0.0009765625,-1.1709383462843448e-17,0.0009765625000000117
6,1,0,0,1024,37,0.0029296875,-1.1709383462843448e-17,0.0029296875000000117
6,1,0,0,1024,38,-0.0048828125,-1.1709383462843448e-17,-0.004882812499999988
6,1,0,0,1024,39,-0.0146484375,-1.1709383462843448e-17,-0.014648437499999988
6,1,0,0,1024,40,-0.0048828125,-1.1709383462843448e-17,-0.004882812499999988
6,1,0,0,1024,41,-0.0078125,-1.1709383462843448e-17,-0.007812499999999988
6,1,0,0,1024,42,0.03515625,-1.1709383462843448e-17,0.035156250000000014
6,1,0,0,1024,43,0.017578125,-1.1709383462843448e-17,0.01757812500000001
6,1,0,0,1024,44,-0.01171875,-1.1709383462843448e-17,-0.011718749999999988
6,1,0,0,1024,45,0.0205078125,-1.1709383462843448e-17,0.02050781250000001
6,1,0,0,1024,46,-0.009765625,-1.1709383462843448e-17,-0.009765624999999988
6,1,0,0,1024,47,0.060546875,-1.1709383462843448e-17,0.060546875000000014
6,1,0,0,1024,48,0.0107421875,-1.1709383462843448e-17,0.010742187500000012
6,1,0,0,1024,49,0.0185546875,-1.1709383462843448e-17,0.01855468750000001
6,1,0,0,1024,50,0.0185546875,-1.1709383462843448e-17,0.01855468750000001
6,1,0,0,1024,51,0.01171875,-1.1709383462843448e-17,0.011718750000000012
6,1,0,0,1024,52,0.0107421875,-1.1709383462843448e-17,0.010742187500000012
6,1,0,0,1024,53,0.0146484375,-1.1709383462843448e-17,0.014648437500000012
6,1,0,0,1024,54,0.021484375,-1.1709383462843448e-17,0.02148437500000001
6,1,0,0,1024,55,-0.0390625,-1.1709383462843448e-17,-0.039062499999999986
6,1,0,0,1024,56,-0.0283203125,-1.1709383462843448e-17,-0.02832031249999999
6,1,0,0,1024,57,-0.0634765625,-1.1709383462843448e-17,-0.06347656249999999
6,1,0,0,1024,58,-0.0205078125,-1.1709383462843448e-17,-0.02050781249999999
6,1,0,0,1024,59,-0.001953125,-1.1709383462843448e-17,-0.0019531249999999883
6,1,0,0,1024,60,-0.013671875,-1.1709383462843448e-17,-0.013671874999999988
6,1,0,0,1024,61,-0.0009765625,-1.1709383462843448e-17,-0.0009765624999999883
6,1,0,0,1024,62,0.0087890625,-1.1709383462843448e-17,0.008789062500000012
6,1,0,0,1024,63,0.0009765625,-1.1709383462843448e-17,0.0009765625000000117
6,1,0,0,1024,64,-0.03125,-1.1709383462843448e-17,-0.03124999999999999
6,1,0,0,1024,65,0.0,-1.1709383462843448e-17,1.1709383462843448e-17
6,1,0,0,1024,66,-0.0263671875,-1.1709383462843448e-17,-0.02636718749999999
6,1,0,0,1024,67,-0.0244140625,-1.1709383462843448e-17,-0.02441406249999999
6,1,0,0,1024,68,-0.0146484375,-1.1709383462843448e-17,-0.014648437499999988
6,1,0,0,1024,69,-0.0068359375,-1.1709383462843448e-17,-0.006835937499999988
6,1,0,0,1024,70,-0.0107421875,-1.1709383462843448e-17,-0.010742187499999988
6,1,0,0,1024,71,0.0068359375,-1.1709383462843448e-17,0.006835937500000012
6,1,0,0,1024,72,0.0146484375,-1.1709383462843448e-17,0.014648437500000012
6,1,0,0,1024,73,-0.013671875,-1.1709383462843448e-17,-0.013671874999999988
6,1,0,0,1024,74,-0.005859375,-1.1709383462843448e-17,-0.005859374999999988
6,1,0,0,1024,75,0.0048828125,-1.1709383462843448e-17,0.004882812500000012
6,1,0,0,1024,76,-0.001953125,-1.1709383462843448e-17,-0.0019531249999999883
6,1,0,0,1024,77,0.0029296875,-1.1709383462843448e-17,0.0029296875000000117
6,1,0,0,1024,78,0.0126953125,-1.1709383462843448e-17,0.012695312500000012
6,1,0,0,1024,79,0.044921875,-1.1709383462843448e-17,0.044921875000000014
6,1,0,0,1024,80,0.0126953125,-1.1709383462843448e-17,0.012695312500000012
6,1,0,0,1024,81,0.001953125,-1.1709383462843448e-17,0.0019531250000000117
6,1,0,0,1024,82,0.0166015625,-1.1709383462843448e-17,0.01660156250000001
6,1,0,0,1024,83,0.0146484375,-1.1709383462843448e-17,0.014648437500000012
6,1,0,0,1024,84,0.03125,-1.1709383462843448e-17,0.031250000000000014
6,1,0,0,1024,85,-0.009765625,-1.1709383462843448e-17,-0.009765624999999988
6,1,0,0,1024,86,0.0,-1.1709383462843448e-17,1.1709383462843448e-17
6,1,0,0,1024,87,0.0185546875,-1.1709383462843448e-17,0.01855468750000001
6,1,0,0,1024,88,-0.00390625,-1.1709383462843448e-17,-0.0039062499999999883
6,1,0,0,1024,89,-0.001953125,-1.1709383462843448e-17,-0.0019531249999999883
6,1,0,0,1024,90,0.0087890625,-1.1709383462843448e-17,0.008789062500000012
6,1,0,0,1024,91,-0.0205078125,-1.1709383462843448e-17,-0.02050781249999999
6,1,0,0,1024,92,0.0205078125,-1.1709383462843448e-17,0.02050781250000001
6,1,0,0,1024,93,-0.0048828125,-1.1709383462843448e-17,-0.004882812499999988
6,1,0,0,1024,94,0.033203125,-1.1709383462843448e-17,0.033203125000000014
6,1,0,0,1024,95,0.01953125,-1.1709383462843448e-17,0.01953125000000001
6,1,0,0,1024,96,-0.025390625,-1.1709383462843448e-17,-0.02539062499999999
6,1,0,0,1024,97,0.0146484375,-1.1709383462843448e-17,0.014648437500000012
6,1,0,0,1024,98,-0.02734375,-1.1709383462843448e-17,-0.02734374999999999
6,1,0,0,1024,99,-0.0126953125,-1.1709383462843448e-17,-0.012695312499999988
6,1,0,0,1024,100,0.0078125,-1.1709383462843448e-17,0.007812500000000012
6,1,0,0,1024,101,-0.0068359375,-1.1709383462843448e-17,-0.006835937499999988
6,1,0,0,1024,102,-0.0126953125,-1.1709383462843448e-17,-0.012695312499999988
6,1,0,0,1024,103,0.0205078125,-1.1709383462843448e-17,0.02050781250000001
6,1,0,0,1024,104,0.037109375,-1.1709383462843448e-17,0.037109375000000014
6,1,0,0,1024,105,-0.0166015625,-1.1709383462843448e-17,-0.01660156249999999
6,1,0,0,1024,106,0.0322265625,-1.1709383462843448e-17,0.032226562500000014
6,1,0,0,1024,107,0.0244140625,-1.1709383462843448e-17,0.02441406250000001
6,1,0,0,1024,108,0.015625,-1.1709383462843448e-17,0.01562500000000001
6,1,0,0,1024,109,0.029296875,-1.1709383462843448e-17,0.02929687500000001
6,1,0,0,1024,110,-0.00390625,-1.1709383462843448e-17,-0.0039062499999999883
6,1,0,0,1024,111,0.0126953125,-1.1709383462843448e-17,0.012695312500000012
6,1,0,0,1024,112,-0.0048828125,-1.1709383462843448e-17,-0.004882812499999988
6,1,0,0,1024,113,-0.0361328125,-1.1709383462843448e-17,-0.036132812499999986
6,1,0,0,1024,114,0.025390625,-1.1709383462843448e-17,0.02539062500000001
6,1,0,0,1024,115,0.0205078125,-1.1709383462843448e-17,0.02050781250000001
6,1,0,0,1024,116,-0.0185546875,-1.1709383462843448e-17,-0.01855468749999999
6,1,0,0,1024,117,-0.001953125,-1.1709383462843448e-17,-0.0019531249999999883
6,1,0,0,1024,118,0.0146484375,-1.1709383462843448e-17,0.014648437500000012
6,1,0,0,1024,119,0.0302734375,-1.1709383462843448e-17,0.03027343750000001
6,1,0,0,1024,120,-0.0009765625,-1.1709383462843448e-17,-0.0009765624999999883
6,1,0,0,1024,121,-0.00390625,-1.1709383462843448e-17,-0.0039062499999999883
6,1,0,0,1024,122,0.0302734375,-1.1709383462843448e-17,0.03027343750000001
6,1,0,0,1024,123,-0.017578125,-1.1709383462843448e-17,-0.01757812499999999
6,1,0,0,1024,124,-0.02734375,-1.1709383462843448e-17,-0.02734374999999999
6,1,0,0,1024,125,0.03515625,-1.1709383462843448e-17,0.035156250000000014
6,1,0,0,1024,126,-0.03515625,-1.1709383462843448e-17,-0.035156249999999986
6,1,0,0,1024,127,0.015625,-1.1709383462843448e-17,0.01562500000000001
6,1,0,0,1024,128,-0.0341796875,-1.1709383462843448e-17,-0.034179687499999986
6,1,0,0,1024,129,-0.021484375,-1.1709383462843448e-17,-0.02148437499999999
6,1,0,0,1024,130,-0.0029296875,-1.1709383462843448e-17,-0.0029296874999999883
6,1,0,0,1024,131,0.0166015625,-1.1709383462843448e-17,0.01660156250000001
6,1,0,0,1024,132,0.0576171875,-1.1709383462843448e-17,0.057617187500000014
6,1,0,0,1024,133,-0.0068359375,-1.1709383462843448e-17,-0.006835937499999988
6,1,0,0,1024,134,0.015625,-1.1709383462843448e-17,0.01562500000000001
6,1,0,0,1024,135,-0.0537109375,-1.1709383462843448e-17,-0.053710937499999986
6,1,0,0,1024,136,-0.0078125,-1.1709383462843448e-17,-0.007812499999999988
6,1,0,0,1024,137,-0.041015625,-1.1709383462843448e-17,-0.041015624999999986
6,1,0,0,1024,138,0.00390625,-1.1709383462843448e-17,0.003906250000000012
6,1,0,0,1024,139,0.017578125,-1.1709383462843448e-17,0.01757812500000001
6,1,0,0,1024,140,0.0126953125,-1.1709383462843448e-17,0.012695312500000012
6,1,0,0,1024,141,-0.0078125,-1.1709383462843448e-17,-0.007812499999999988
6,1,0,0,1024,142,-0.025390625,-1.1709383462843448e-17,-0.02539062499999999
6,1,0,0,1024,143,0.017578125,-1.1709383462843448e-17,0.01757812500000001
6,1,0,0,1024,144,0.0283203125,-1.1709383462843448e-17,0.02832031250000001
6,1,0,0,1024,145,0.009765625,-1.1709383462843448e-17,0.009765625000000012
6,1,0,0,1024,146,0.0224609375,-1.1709383462843448e-17,0.02246093750000001
6,1,0,0,1024,147,-0.01953125,-1.1709383462843448e-17,-0.01953124999999999
6,1,0,0,1024,148,0.0380859375,-1.1709383462843448e-17,0.038085937500000014
6,1,0,0,1024,149,0.00390625,-1.1709383462843448e-17,0.003906250000000012
6,1,0,0,1024,150,-0.0234375,-1.1709383462843448e-17,-0.02343749999999999
6,1,0,0,1024,151,0.0341796875,-1.1709383462843448e-17,0.034179687500000014
6,1,0,0,1024,152,0.060546875,-1.1709383462843448e-17,0.060546875000000014
6,1,0,0,1024,153,0.0380859375,-1.1709383462843448e-17,0.038085937500000014
6,1,0,0,1024,154,-0.005859375,-1.1709383462843448e-17,-0.005859374999999988
6,1,0,0,1024,155,-0.001953125,-1.1709383462843448e-17,-0.0019531249999999883
6,1,0,0,1024,156,0.005859375,-1.1709383462843448e-17,0.005859375000000012
6,1,0,0,1024,157,0.0205078125,-1.1709383462843448e-17,0.02050781250000001
6,1,0,0,1024,158,0.0048828125,-1.1709383462843448e-17,0.004882812500000012
6,1,0,0,1024,159,0.001953125,-1.1709383462843448e-17,0.0019531250000000117
6,1,0,0,1024,160,-0.00390625,-1.1709383462843448e-17,-0.0039062499999999883
6,1,0,0,1024,161,0.005859375,-1.1709383462843448e-17,0.005859375000000012
6,1,0,0,1024,162,-0.00390625,-1.1709383462843448e-17,-0.0039062499999999883
6,1,0,0,1024,163,-0.0068359375,-1.1709383462843448e-17,-0.006835937499999988
6,1,0,0,1024,164,0.001953125,-1.1709383462843448e-17,0.0019531250000000117
6,1,0,0,1024,165,0.0244140625,-1.1709383462843448e-17,0.02441406250000001
6,1,0,0,1024,166,-0.0078125,-1.1709383462843448e-17,-0.007812499999999988
6,1,0,0,1024,167,0.0107421875,-1.1709383462843448e-17,0.010742187500000012
6,1,0,0,1024,168,0.0458984375,-1.1709383462843448e-17,0.045898437500000014
6,1,0,0,1024,169,0.01953125,-1.1709383462843448e-17,0.01953125000000001
6,1,0,0,1024,170,0.0048828125,-1.1709383462843448e-17,0.004882812500000012
6,1,0,0,1024,171,0.009765625,-1.1709383462843448e-17,0.009765625000000012
6,1,0,0,1024,172,0.0380859375,-1.1709383462843448e-17,0.038085937500000014
6,1,0,0,1024,173,-0.0234375,-1.1709383462843448e-17,-0.02343749999999999
6,1,0,0,1024,174,-0.005859375,-1.1709383462843448e-17,-0.005859374999999988
6,1,0,0,1024,175,-0.03125,-1.1709383462843448e-17,-0.03124999999999999
6,1,0,0,1024,176,0.015625,-1.1709383462843448e-17,0.01562500000000001
6,1,0,0,1024,177,0.01953125,-1.1709383462843448e-17,0.01953125000000001
6,1,0,0,1024,178,-0.0205078125,-1.1709383462843448e-17,-0.02050781249999999
6,1,0,0,1024,179,-0.0185546875,-1.1709383462843448e-17,-0.01855468749999999
6,1,0,0,1024,180,-0.01171875,-1.1709383462843448e-17,-0.011718749999999988
6,1,0,0,1024,181,0.0107421875,-1.1709383462843448e-17,0.010742187500000012
6,1,0,0,1024,182,-0.0126953125,-1.1709383462843448e-17,-0.012695312499999988
6,1,0,0,1024,183,-0.0341796875,-1.1709383462843448e-17,-0.034179687499999986
6,1,0,0,1024,184,-0.00390625,-1.1709383462843448e-17,-0.0039062499999999883
6,1,0,0,1024,185,-0.0009765625,-1.1709383462843448e-17,-0.0009765624999999883
6,1,0,0,1024,186,0.02734375,-1.1709383462843448e-17,0.02734375000000001
6,1,0,0,1024,187,0.009765625,-1.1709383462843448e-17,0.009765625000000012
6,1,0,0,1024,188,-0.01953125,-1.1709383462843448e-17,-0.01953124999999999
6,1,0,0,1024,189,-0.0009765625,-1.1709383462843448e-17,-0.0009765624999999883
6,1,0,0,1024,190,0.0009765625,-1.1709383462843448e-17,0.0009765625000000117
6,1,0,0,1024,191,-0.0146484375,-1.1709383462843448e-17,-0.014648437499999988
6,1,0,0,1024,192,0.0126953125,-1.1709383462843448e-17,0.012695312500000012
6,1,0,0,1024,193,-0.0234375,-1.1709383462843448e-17,-0.02343749999999999
6,1,0,0,1024,194,0.0126953125,-1.1709383462843448e-17,0.012695312500000012
6,1,0,0,1024,195,0.0146484375,-1.1709383462843448e-17,0.014648437500000012
6,1,0,0,1024,196,-0.0126953125,-1.1709383462843448e-17,-0.012695312499999988
6,1,0,0,1024,197,-0.0126953125,-1.1709383462843448e-17,-0.012695312499999988
6,1,0,0,1024,198,-0.0361328125,-1.1709383462843448e-17,-0.036132812499999986
6,1,0,0,1024,199,-0.0068359375,-1.1709383462843448e-17,-0.006835937499999988
6,1,0,0,2048,0,-0.02099609375,-1.1709383462843448e-17,-0.02099609374999999
6,1,0,0,2048,1,0.03271484375,-1.1709383462843448e-17,0.032714843750000014
6,1,0,0,2048,2,0.0302734375,-1.1709383462843448e-17,0.03027343750000001
6,1,0,0,2048,3,-0.01123046875,-1.1709383462843448e-17,-0.011230468749999988
6,1,0,0,2048,4,0.009765625,-1.1709383462843448e-17,0.009765625000000012
6,1,0,0,2048,5,0.00439453125,-1.1709383462843448e-17,0.004394531250000012
6,1,0,0,2048,6,-0.01611328125,-1.1709383462843448e-17,-0.01611328124999999
6,1,0,0,2048,7,0.00732421875,-1.1709383462843448e-17,0.007324218750000012
6,1,0,0,2048,8,-0.01220703125,-1.1709383462843448e-17,-0.012207031249999988
6,1,0,0,2048,9,-0.00634765625,-1.1709383462843448e-17,-0.006347656249999988
6,1,0,0,2048,10,-0.00244140625,-1.1709383462843448e-17,-0.0024414062499999883
6,1,0,0,2048,11,0.001953125,-1.1709383462843448e-17,0.0019531250000000117
6,1,0,0,2048,12,0.00341796875,-1.1709383462843448e-17,0.0034179687500000117
6,1,0,0,2048,13,-0.0341796875,-1.1709383462843448e-17,-0.034179687499999986
6,1,0,0,2048,14,0.005859375,-1.1709383462843448e-17,0.005859375000000012
6,1,0,0,2048,15,0.01513671875,-1.1709383462843448e-17,0.015136718750000012
6,1,0,0,2048,16,-0.01318359375,-1.1709383462843448e-17,-0.013183593749999988
6,1,0,0,2048,17,0.0107421875,-1.1709383462843448e-17,0.010742187500000012
6,1,0,0,2048,18,-0.0087890625,-1.1709383462843448e-17,-0.008789062499999988
6,1,0,0,2048,19,0.00830078125,-1.1709383462843448e-17,0.008300781250000012
6,1,0,0,2048,20,-0.01123046875,-1.1709383462843448e-17,-0.011230468749999988
6,1,0,0,2048,21,0.0048828125,-1.1709383462843448e-17,0.004882812500000012
6,1,0,0,2048,22,-0.01806640625,-1.1709383462843448e-17,-0.01806640624999999
6,1,0,0,2048,23,-0.0185546875,-1.1709383462843448e-17,-0.01855468749999999
6,1,0,0,2048,24,0.00732421875,-1.1709383462843448e-17,0.007324218750000012
6,1,0,0,2048,25,0.00634765625,-1.1709383462843448e-17,0.006347656250000012
6,1,0,0,2048,26,0.009765625,-1.1709383462843448e-17,0.009765625000000012
6,1,0,0,2048,27,-0.01708984375,-1.1709383462843448e-17,-0.01708984374999999
6,1,0,0,2048,28,-0.0087890625,-1.1709383462843448e-17,-0.008789062499999988
6,1,0,0,2048,29,-0.01171875,-1.1709383462843448e-17,-0.011718749999999988
6,1,0,0,2048,30,0.0224609375,-1.1709383462843448e-17,0.02246093750000001
6,1,0,0,2048,31,-0.00341796875,-1.1709383462843448e-17,-0.0034179687499999883
6,1,0,0,2048,32,-0.00439453125,-1.1709383462843448e-17,-0.004394531249999988
6,1,0,0,2048,33,-0.01611328125,-1.1709383462843448e-17,-0.01611328124999999
6,1,0,0,2048,34,0.00634765625,-1.1709383462843448e-17,0.006347656250000012
6,1,0,0,2048,35,-0.025390625,-1.1709383462843448e-17,-0.02539062499999999
6,1,0,0,2048,36,-0.02587890625,-1.1709383462843448e-17,-0.02587890624999999
6,1,0,0,2048,37,0.02587890625,-1.1709383462843448e-17,0.02587890625000001
6,1,0,0,2048,38,-0.01708984375,-1.1709383462843448e-17,-0.01708984374999999
6,1,0,0,2048,39,-0.021484375,-1.1709383462843448e-17,-0.02148437499999999
6,1,0,0,2048,40,0.001953125,-1.1709383462843448e-17,0.0019531250000000117
6,1,0,0,2048,41,0.0087890625,-1.1709383462843448e-17,0.008789062500000012
6,1,0,0,2048,42,0.00244140625,-1.1709383462843448e-17,0.0024414062500000117
6,1,0,0,2048,43,-0.02001953125,-1.1709383462843448e-17,-0.02001953124999999
6,1,0,0,2048,44,-0.0078125,-1.1709383462843448e-17,-0.007812499999999988
6,1,0,0,2048,45,-0.01416015625,-1.1709383462843448e-17,-0.014160156249999988
6,1,0,0,2048,46,-0.02099609375,-1.1709383462843448e-17,-0.02099609374999999
6,1,0,0,2048,47,-0.00830078125,-1.1709383462843448e-17,-0.008300781249999988
6,1,0,0,2048,48,-0.0087890625,-1.1709383462843448e-17,-0.008789062499999988
6,1,0,0,2048,49,-0.001953125,-1.1709383462843448e-17,-0.0019531249999999883
6,1,0,0,2048,50,-0.02001953125,-1.1709383462843448e-17,-0.02001953124999999
6,1,0,0,2048,51,-0.00732421875,-1.1709383462843448e-17,-0.007324218749999988
6,1,0,0,2048,52,0.00146484375,-1.1709383462843448e-17,0.0014648437500000117
6,1,0,0,2048,53,-0.00146484375,-1.1709383462843448e-17,-0.0014648437499999883
6,1,0,0,2048,54,0.0078125,-1.1709383462843448e-17,0.007812500000000012
6,1,0,0,2048,55,-0.00537109375,-1.1709383462843448e-17,-0.005371093749999988
6,1,0,0,2048,56,0.00146484375,-1.1709383462843448e-17,0.0014648437500000117
6,1,0,0,2048,57,0.02490234375,-1.1709383462843448e-17,0.02490234375000001
6,1,0,0,2048,58,-0.0146484375,-1.1709383462843448e-17,-0.014648437499999988
6,1,0,0,2048,59,-0.0390625,-1.1709383462843448e-17,-0.039062499999999986
6,1,0,0,2048,60,-0.01171875,-1.1709383462843448e-17,-0.011718749999999988
6,1,0,0,2048,61,0.0048828125,-1.1709383462843448e-17,0.004882812500000012
6,1,0,0,2048,62,-0.017578125,-1.1709383462843448e-17,-0.01757812499999999
6,1,0,0,2048,63,-0.01220703125,-1.1709383462843448e-17,-0.012207031249999988
6,1,0,0,2048,64,-0.0107421875,-1.1709383462843448e-17,-0.010742187499999988
6,1,0,0,2048,65,-0.0009765625,-1.1709383462843448e-17,-0.0009765624999999883
6,1,0,0,2048,66,0.005859375,-1.1709383462843448e-17,0.005859375000000012
6,1,0,0,2048,67,-0.00048828125,-1.1709383462843448e-17,-0.0004882812499999883
6,1,0,0,2048,68,-0.0146484375,-1.1709383462843448e-17,-0.014648437499999988
6,1,0,0,2048,69,-0.01806640625,-1.1709383462843448e-17,-0.01806640624999999
6,1,0,0,2048,70,0.01708984375,-1.1709383462843448e-17,0.01708984375000001
6,1,0,0,2048,71,0.01171875,-1.1709383462843448e-17,0.011718750000000012
6,1,0,0,2048,72,0.0224609375,-1.1709383462843448e-17,0.02246093750000001
6,1,0,0,2048,73,-0.02685546875,-1.1709383462843448e-17,-0.02685546874999999
6,1,0,0,2048,74,-0.00439453125,-1.1709383462843448e-17,-0.004394531249999988
6,1,0,0,2048,75,-0.0166015625,-1.1709383462843448e-17,-0.01660156249999999
6,1,0,0,2048,76,0.017578125,-1.1709383462843448e-17,0.01757812500000001
6,1,0,0,2048,77,-0.00341796875,-1.1709383462843448e-17,-0.0034179687499999883
6,1,0,0,2048,78,0.0048828125,-1.1709383462843448e-17,0.004882812500000012
6,1,0,0,2048,79,-0.0087890625,-1.1709383462843448e-17,-0.008789062499999988
6,1,0,0,2048,80,-0.00927734375,-1.1709383462843448e-17,-0.009277343749999988
6,1,0,0,2048,81,-0.02099609375,-1.1709383462843448e-17,-0.02099609374999999
6,1,0,0,2048,82,-0.005859375,-1.1709383462843448e-17,-0.005859374999999988
6,1,0,0,2048,83,-0.00390625,-1.1709383462843448e-17,-0.0039062499999999883
6,1,0,0,2048,84,-0.03369140625,-1.1709383462843448e-17,-0.033691406249999986
6,1,0,0,2048,85,0.00341796875,-1.1709383462843448e-17,0.0034179687500000117
6,1,0,0,2048,86,-0.02099609375,-1.1709383462843448e-17,-0.02099609374999999
6,1,0,0,2048,87,0.00537109375,-1.1709383462843448e-17,0.005371093750000012
6,1,0,0,2048,88,-0.00244140625,-1.1709383462843448e-17,-0.0024414062499999883
6,1,0,0,2048,89,0.005859375,-1.1709383462843448e-17,0.005859375000000012
6,1,0,0,2048,90,0.0,-1.1709383462843448e-17,1.1709383462843448e-17
6,1,0,0,2048,91,-0.0009765625,-1.1709383462843448e-17,-0.0009765624999999883
6,1,0,0,2048,92,-0.0166015625,-1.1709383462843448e-17,-0.01660156249999999
6,1,0,0,2048,93,0.01123046875,-1.1709383462843448e-17,0.011230468750000012
6,1,0,0,2048,94,0.00244140625,-1.1709383462843448e-17,0.0024414062500000117
6,1,0,0,2048,95,-0.01513671875,-1.1709383462843448e-17,-0.015136718749999988
6,1,0,0,2048,96,0.01123046875,-1.1709383462843448e-17,0.011230468750000012
6,1,0,0,2048,97,0.01123046875,-1.1709383462843448e-17,0.011230468750000012
6,1,0,0,2048,98,0.03857421875,-1.1709383462843448e-17,0.038574218750000014
6,1,0,0,2048,99,-0.00537109375,-1.1709383462843448e-17,-0.005371093749999988
6,1,0,0,2048,100,-0.0146484375,-1.1709383462843448e-17,-0.014648437499999988
6,1,0,0,2048,101,-0.00732421875,-1.1709383462843448e-17,-0.007324218749999988
6,1,0,0,2048,102,0.005859375,-1.1709383462843448e-17,0.005859375000000012
6,1,0,0,2048,103,0.013671875,-1.1709383462843448e-17,0.013671875000000012
6,1,0,0,2048,104,-0.0126953125,-1.1709383462843448e-17,-0.012695312499999988
6,1,0,0,2048,105,0.0078125,-1.1709383462843448e-17,0.007812500000000012
6,1,0,0,2048,106,-0.0009765625,-1.1709383462843448e-17,-0.0009765624999999883
6,1,0,0,2048,107,0.00634765625,-1.1709383462843448e-17,0.006347656250000012
6,1,0,0,2048,108,0.009765625,-1.1709383462843448e-17,0.009765625000000012
6,1,0,0,2048,109,0.0,-1.1709383462843448e-17,1.1709383462843448e-17
6,1,0,0,2048,110,0.00927734375,-1.1709383462843448e-17,0.009277343750000012
6,1,0,0,2048,111,-0.00732421875,-1.1709383462843448e-17,-0.007324218749999988
6,1,0,0,2048,112,0.0087890625,-1.1709383462843448e-17,0.008789062500000012
6,1,0,0,2048,113,0.00390625,-1.1709383462843448e-17,0.003906250000000012
6,1,0,0,2048,114,-0.00244140625,-1.1709383462843448e-17,-0.0024414062499999883
6,1,0,0,2048,115,-0.013671875,-1.1709383462843448e-17,-0.013671874999999988
6,1,0,0,2048,116,0.017578125,-1.1709383462843448e-17,0.01757812500000001
6,1,0,0,2048,117,-0.01171875,-1.1709383462843448e-17,-0.011718749999999988
6,1,0,0,2048,118,0.0185546875,-1.1709383462843448e-17,0.01855468750000001
6,1,0,0,2048,119,0.01025390625,-1.1709383462843448e-17,0.010253906250000012
6,1,0,0,2048,120,0.02294921875,-1.1709383462843448e-17,0.02294921875000001
6,1,0,0,2048,121,-0.01708984375,-1.1709383462843448e-17,-0.01708984374999999
6,1,0,0,2048,122,0.02587890625,-1.1709383462843448e-17,0.02587890625000001
6,1,0,0,2048,123,0.02880859375,-1.1709383462843448e-17,0.02880859375000001
6,1,0,0,2048,124,-0.0263671875,-1.1709383462843448e-17,-0.02636718749999999
6,1,0,0,2048,125,0.005859375,-1.1709383462843448e-17,0.005859375000000012
6,1,0,0,2048,126,0.01416015625,-1.1709383462843448e-17,0.014160156250000012
6,1,0,0,2048,127,-0.0068359375,-1.1709383462843448e-17,-0.006835937499999988
6,1,0,0,2048,128,0.00927734375,-1.1709383462843448e-17,0.009277343750000012
6,1,0,0,2048,129,0.00390625,-1.1709383462843448e-17,0.003906250000000012
6,1,0,0,2048,130,-0.0029296875,-1.1709383462843448e-17,-0.0029296874999999883
6,1,0,0,2048,131,0.02392578125,-1.1709383462843448e-17,0.02392578125000001
6,1,0,0,2048,132,-0.00732421875,-1.1709383462843448e-17,-0.007324218749999988
6,1,0,0,2048,133,-0.00146484375,-1.1709383462843448e-17,-0.0014648437499999883
6,1,0,0,2048,134,0.01318359375,-1.1709383462843448e-17,0.013183593750000012
6,1,0,0,2048,135,-0.0048828125,-1.1709383462843448e-17,-0.004882812499999988
6,1,0,0,2048,136,-0.0166015625,-1.1709383462843448e-17,-0.01660156249999999
6,1,0,0,2048,137,-0.03125,-1.1709383462843448e-17,-0.03124999999999999
6,1,0,0,2048,138,0.03955078125,-1.1709383462843448e-17,0.039550781250000014
6,1,0,0,2048,139,-0.01220703125,-1.1709383462843448e-17,-0.012207031249999988
6,1,0,0,2048,140,-0.00341796875,-1.1709383462843448e-17,-0.0034179687499999883
6,1,0,0,2048,141,0.02490234375,-1.1709383462843448e-17,0.02490234375000001
6,1,0,0,2048,142,-0.01318359375,-1.1709383462843448e-17,-0.013183593749999988
6,1,0,0,2048,143,-0.0224609375,-1.1709383462843448e-17,-0.02246093749999999
6,1,0,0,2048,144,-0.001953125,-1.1709383462843448e-17,-0.0019531249999999883
6,1,0,0,2048,145,-0.001953125,-1.1709383462843448e-17,-0.0019531249999999883
6,1,0,0,2048,146,0.0205078125,-1.1709383462843448e-17,0.02050781250000001
6,1,0,0,2048,147,-0.005859375,-1.1709383462843448e-17,-0.005859374999999988
6,1,0,0,2048,148,-0.0126953125,-1.1709383462843448e-17,-0.012695312499999988
6,1,0,0,2048,149,-0.0185546875,-1.1709383462843448e-17,-0.01855468749999999
6,1,0,0,2048,150,-0.00146484375,-1.1709383462843448e-17,-0.0014648437499999883
6,1,0,0,2048,151,-0.01904296875,-1.1709383462843448e-17,-0.01904296874999999
6,1,0,0,2048,152,0.02734375,-1.1709383462843448e-17,0.02734375000000001
6,1,0,0,2048,153,-0.01416015625,-1.1709383462843448e-17,-0.014160156249999988
6,1,0,0,2048,154,0.00146484375,-1.1709383462843448e-17,0.0014648437500000117
6,1,0,0,2048,155,0.00439453125,-1.1709383462843448e-17,0.004394531250000012
6,1,0,0,2048,156,-0.005859375,-1.1709383462843448e-17,-0.005859374999999988
6,1,0,0,2048,157,-0.00634765625,-1.1709383462843448e-17,-0.006347656249999988
6,1,0,0,2048,158,0.02001953125,-1.1709383462843448e-17,0.02001953125000001
6,1,0,0,2048,159,0.00048828125,-1.1709383462843448e-17,0.0004882812500000117
6,1,0,0,2048,160,-0.0048828125,-1.1709383462843448e-17,-0.004882812499999988
6,1,0,0,2048,161,-0.01513671875,-1.1709383462843448e-17,-0.015136718749999988
6,1,0,0,2048,162,-0.00048828125,-1.1709383462843448e-17,-0.0004882812499999883
6,1,0,0,2048,163,-0.025390625,-1.1709383462843448e-17,-0.02539062499999999
6,1,0,0,2048,164,-0.0302734375,-1.1709383462843448e-17,-0.03027343749999999
6,1,0,0,2048,165,-0.00048828125,-1.1709383462843448e-17,-0.0004882812499999883
6,1,0,0,2048,166,0.0087890625,-1.1709383462843448e-17,0.008789062500000012
6,1,0,0,2048,167,-0.00634765625,-1.1709383462843448e-17,-0.006347656249999988
6,1,0,0,2048,168,-0.001953125,-1.1709383462843448e-17,-0.0019531249999999883
6,1,0,0,2048,169,-0.01025390625,-1.1709383462843448e-17,-0.010253906249999988
6,1,0,0,2048,170,-0.03759765625,-1.1709383462843448e-17,-0.037597656249999986
6,1,0,0,2048,171,-0.00390625,-1.1709383462843448e-17,-0.0039062499999999883
6,1,0,0,2048,172,-0.00634765625,-1.1709383462843448e-17,-0.006347656249999988
6,1,0,0,2048,173,0.00244140625,-1.1709383462843448e-17,0.0024414062500000117
6,1,0,0,2048,174,0.021484375,-1.1709383462843448e-17,0.02148437500000001
6,1,0,0,2048,175,0.0048828125,-1.1709383462843448e-17,0.004882812500000012
6,1,0,0,2048,176,-0.0029296875,-1.1709383462843448e-17,-0.0029296874999999883
6,1,0,0,2048,177,0.02294921875,-1.1709383462843448e-17,0.02294921875000001
6,1,0,0,2048,178,0.00732421875,-1.1709383462843448e-17,0.007324218750000012
6,1,0,0,2048,179,0.015625,-1.1709383462843448e-17,0.01562500000000001
6,1,0,0,2048,180,0.0029296875,-1.1709383462843448e-17,0.0029296875000000117
6,1,0,0,2048,181,-0.01171875,-1.1709383462843448e-17,-0.011718749999999988
6,1,0,0,2048,182,-0.01416015625,-1.1709383462843448e-17,-0.014160156249999988
6,1,0,0,2048,183,0.04541015625,-1.1709383462843448e-17,0.045410156250000014
6,1,0,0,2048,184,-0.01708984375,-1.1709383462843448e-17,-0.01708984374999999
6,1,0,0,2048,185,0.0029296875,-1.1709383462843448e-17,0.0029296875000000117
6,1,0,0,2048,186,-0.00146484375,-1.1709383462843448e-17,-0.0014648437499999883
6,1,0,0,2048,187,0.01513671875,-1.1709383462843448e-17,0.015136718750000012
6,1,0,0,2048,188,-0.03515625,-1.1709383462843448e-17,-0.035156249999999986
6,1,0,0,2048,189,0.02197265625,-1.1709383462843448e-17,0.02197265625000001
6,1,0,0,2048,190,-0.021484375,-1.1709383462843448e-17,-0.02148437499999999
6,1,0,0,2048,191,0.01220703125,-1.1709383462843448e-17,0.012207031250000012
6,1,0,0,2048,192,0.04443359375,-1.1709383462843448e-17,0.044433593750000014
6,1,0,0,2048,193,-0.0068359375,-1.1709383462843448e-17,-0.006835937499999988
6,1,0,0,2048,194,0.001953125,-1.1709383462843448e-17,0.0019531250000000117
6,1,0,0,2048,195,-0.01220703125,-1.1709383462843448e-17,-0.012207031249999988
6,1,0,0,2048,196,0.02978515625,-1.1709383462843448e-17,0.02978515625000001
6,1,0,0,2048,197,-0.0146484375,-1.1709383462843448e-17,-0.014648437499999988
6,1,0,0,2048,198,0.01904296875,-1.1709383462843448e-17,0.01904296875000001
6,1,0,0,2048,199,0.015625,-1.1709383462843448e-17,0.01562500000000001
11,1,2,1,64,0,0.046875,8.223066085447988e-18,0.04687499999999999
11,1,2,1,64,1,-0.046875,8.223066085447988e-18,-0.04687500000000001
11,1,2,1,64,2,0.15625,8.223066085447988e-18,0.15625
11,1,2,1,64,3,-0.0625,8.223066085447988e-18,-0.06250000000000001
11,1,2,1,64,4,-0.125,8.223066085447988e-18,-0.125
11,1,2,1,64,5,0.109375,8.223066085447988e-18,0.10937499999999999
11,1,2,1,64,6,-0.21875,8.223066085447988e-18,-0.21875
11,1,2,1,64,7,-0.109375,8.223066085447988e-18,-0.10937500000000001
11,1,2,1,64,8,-0.03125,8.223066085447988e-18,-0.03125000000000001
11,1,2,1,64,9,-0.125,8.223066085447988e-18,-0.125
11,1,2,1,64,10,0.0,8.223066085447988e-18,-8.223066085447988e-18
11,1,2,1,64,11,-0.015625,8.223066085447988e-18,-0.015625000000000007
11,1,2,1,64,12,0.140625,8.223066085447988e-18,0.140625
11,1,2,1,64,13,0.046875,8.223066085447988e-18,0.04687499999999999
11,1,2,1,64,14,-0.203125,8.223066085447988e-18,-0.203125
11,1,2,1,64,15,-0.046875,8.223066085447988e-18,-0.04687500000000001
11,1,2,1,64,16,0.0,8.223066085447988e-18,-8.223066085447988e-18
11,1,2,1,64,17,0.09375,8.223066085447988e-18,0.09374999999999999
11,1,2,1,64,18,-0.046875,8.223066085447988e-18,-0.04687500000000001
11,1,2,1,64,19,-0.09375,8.223066085447988e-18,-0.09375000000000001
11,1,2,1,64,20,0.046875,8.223066085447988e-18,0.04687499999999999
11,1,2,1,64,21,0.0625,8.223066085447988e-18,0.06249999999999999
11,1,2,1,64,22,-0.234375,8.223066085447988e-18,-0.234375
11,1,2,1,64,23,-0.09375,8.223066085447988e-18,-0.09375000000000001
11,1,2,1,64,24,-0.046875,8.223066085447988e-18,-0.04687500000000001
11,1,2,1,64,25,-0.09375,8.223066085447988e-18,-0.09375000000000001
11,1,2,1,64,26,0.109375,8.223066085447988e-18,0.10937499999999999
11,1,2,1,64,27,0.015625,8.223066085447988e-18,0.015624999999999991
11,1,2,1,64,28,0.0,8.223066085447988e-18,-8.223066085447988e-18
11,1,2,1,64,29,-0.0625,8.223066085447988e-18,-0.06250000000000001
11,1,2,1,64,30,0.03125,8.223066085447988e-18,0.031249999999999993
11,1,2,1,64,31,-0.09375,8.223066085447988e-18,-0.09375000000000001
11,1,2,1,64,32,-0.078125,8.223066085447988e-18,-0.07812500000000001
11,1,2,1,64,33,-0.15625,8.223066085447988e-18,-0.15625
11,1,2,1,64,34,-0.03125,8.223066085447988e-18,-0.03125000000000001
11,1,2,1,64,35,-0.046875,8.223066085447988e-18,-0.04687500000000001
11,1,2,1,64,36,-0.015625,8.223066085447988e-18,-0.015625000000000007
11,1,2,1,64,37,0.046875,8.223066085447988e-18,0.04687499999999999
11,1,2,1,64,38,-0.109375,8.223066085447988e-18,-0.10937500000000001
11,1,2,1,64,39,-0.09375,8.223066085447988e-18,-0.09375000000000001
11,1,2,1,64,40,0.0,8.223066085447988e-18,-8.223066085447988e-18
11,1,2,1,64,41,0.125,8.223066085447988e-18,0.12499999999999999
11,1,2,1,64,42,0.0625,8.223066085447988e-18,0.06249999999999999
11,1,2,1,64,43,-0.078125,8.223066085447988e-18,-0.07812500000000001
11,1,2,1,64,44,0.046875,8.223066085447988e-18,0.04687499999999999
11,1,2,1,64,45,0.03125,8.223066085447988e-18,0.031249999999999993
11,1,2,1,64,46,-0.171875,8.223066085447988e-18,-0.171875
11,1,2,1,64,47,0.015625,8.223066085447988e-18,0.015624999999999991
11,1,2,1,64,48,-0.0625,8.223066085447988e-18,-0.06250000000000001
11,1,2,1,64,49,-0.015625,8.223066085447988e-18,-0.015625000000000007
11,1,2,1,64,50,0.046875,8.223066085447988e-18,0.04687499999999999
11,1,2,1,64,51,-0.125,8.223066085447988e-18,-0.125
11,1,2,1,64,52,-0.046875,8.223066085447988e-18,-0.04687500000000001
11,1,2,1,64,53,0.109375,8.223066085447988e-18,0.10937499999999999
11,1,2,1,64,54,0.046875,8.223066085447988e-18,0.04687499999999999
11,1,2,1,64,55,0.03125,8.223066085447988e-18,0.031249999999999993
11,1,2,1,64,56,-0.140625,8.223066085447988e-18,-0.140625
11,1,2,1,64,57,-0.078125,8.223066085447988e-18,-0.07812500000000001
11,1,2,1,64,58,-0.171875,8.223066085447988e-18,-0.171875
11,1,2,1,64,59,0.015625,8.223066085447988e-18,0.015624999999999991
11,1,2,1,64,60,-0.03125,8.223066085447988e-18,-0.03125000000000001
11,1,2,1,64,61,-0.0625,8.223066085447988e-18,-0.06250000000000001
11,1,2,1,64,62,0.078125,8.223066085447988e-18,0.07812499999999999
11,1,2,1,64,63,-0.109375,8.223066085447988e-18,-0.10937500000000001
11,1,2,1,64,64,0.140625,8.223066085447988e-18,0.140625
11,1,2,1,64,65,-0.015625,8.223066085447988e-18,-0.015625000000000007
11,1,2,1,64,66,-0.0625,8.223066085447988e-18,-0.06250000000000001
11,1,2,1,64,67,-0.015625,8.223066085447988e-18,-0.015625000000000007
11,1,2,1,64,68,-0.1875,8.223066085447988e-18,-0.1875
11,1,2,1,64,69,0.015625,8.223066085447988e-18,0.015624999999999991
11,1,2,1,64,70,0.0,8.223066085447988e-18,-8.223066085447988e-18
11,1,2,1,64,71,-0.0625,8.223066085447988e-18,-0.06250000000000001
11,1,2,1,64,72,0.03125,8.223066085447988e-18,0.031249999999999993
11,1,2,1,64,73,0.15625,8.223066085447988e-18,0.15625
11,1,2,1,64,74,0.09375,8.223066085447988e-18,0.09374999999999999
11,1,2,1,64,75,-0.203125,8.223066085447988e-18,-0.203125
11,1,2,1,64,76,0.0625,8.223066085447988e-18,0.06249999999999999
11,1,2,1,64,77,0.125,8.223066085447988e-18,0.12499999999999999
11,1,2,1,64,78,-0.046875,8.223066085447988e-18,-0.04687500000000001
11,1,2,1,64,79,-0.046875,8.223066085447988e-18,-0.04687500000000001
11,1,2,1,64,80,-0.015625,8.223066085447988e-18,-0.015625000000000007
11,1,2,1,64,81,-0.09375,8.223066085447988e-18,-0.09375000000000001
11,1,2,1,64,82,-0.046875,8.223066085447988e-18,-0.04687500000000001
11,1,2,1,64,83,-0.046875,8.223066085447988e-18,-0.04687500000000001
11,1,2,1,64,84,-0.203125,8.223066085447988e-18,-0.203125
11,1,2,1,64,85,0.078125,8.223066085447988e-18,0.07812499999999999
11,1,2,1,64,86,-0.046875,8.223066085447988e-18,-0.04687500000000001
11,1,2,1,64,87,0.03125,8.223066085447988e-18,0.031249999999999993
11,1,2,1,64,88,-0.03125,8.223066085447988e-18,-0.03125000000000001
11,1,2,1,64,89,-0.15625,8.223066085447988e-18,-0.15625
11,1,2,1,64,90,0.046875,8.223066085447988e-18,0.04687499999999999
11,1,2,1,64,91,-0.078125,8.223066085447988e-18,-0.07812500000000001
11,1,2,1,64,92,-0.078125,8.223066085447988e-18,-0.07812500000000001
11,1,2,1,64,93,0.046875,8.223066085447988e-18,0.04687499999999999
11,1,2,1,64,94,-0.0625,8.223066085447988e-18,-0.06250000000000001
11,1,2,1,64,95,0.046875,8.223066085447988e-18,0.04687499999999999
11,1,2,1,64,96,0.03125,8.223066085447988e-18,0.031249999999999993
11,1,2,1,64,97,0.0625,8.223066085447988e-18,0.06249999999999999
11,1,2,1,64,98,-0.015625,8.223066085447988e-18,-0.015625000000000007
11,1,2,1,64,99,0.0,8.223066085447988e-18,-8.223066085447988e-18
11,1,2,1,64,100,-0.015625,8.223066085447988e-18,-0.015625000000000007
11,1,2,1,64,101,0.078125,8.223066085447988e-18,0.07812499999999999
11,1,2,1,64,102,-0.03125,8.223066085447988e-18,-0.03125000000000001
11,1,2,1,64,103,-0.03125,8.223066085447988e-18,-0.03125000000000001
11,1,2,1,64,104,0.046875,8.223066085447988e-18,0.04687499999999999
11,1,2,1,64,105,0.046875,8.223066085447988e-18,0.04687499999999999
11,1,2,1,64,106,0.015625,8.223066085447988e-18,0.015624999999999991
11,1,2,1,64,107,-0.125,8.223066085447988e-18,-0.125
11,1,2,1,64,108,0.015625,8.223066085447988e-18,0.015624999999999991
11,1,2,1,64,109,0.078125,8.223066085447988e-18,0.07812499999999999
11,1,2,1,64,110,-0.0625,8.223066085447988e-18,-0.06250000000000001
11,1,2,1,64,111,-0.125,8.223066085447988e-18,-0.125
11,1,2,1,64,112,0.015625,8.223066085447988e-18,0.015624999999999991
11,1,2,1,64,113,-0.140625,8.223066085447988e-18,-0.140625
11,1,2,1,64,114,0.078125,8.223066085447988e-18,0.07812499999999999
11,1,2,1,64,115,0.046875,8.223066085447988e-18,0.04687499999999999
11,1,2,1,64,116,0.1875,8.223066085447988e-18,0.1875
11,1,2,1,64,117,0.0625,8.223066085447988e-18,0.06249999999999999
11,1,2,1,64,118,-0.015625,8.223066085447988e-18,-0.015625000000000007
11,1,2,1,64,119,-0.078125,8.223066085447988e-18,-0.07812500000000001
11,1,2,1,64,120,0.0,8.223066085447988e-18,-8.223066085447988e-18
11,1,2,1,64,121,-0.15625,8.223066085447988e-18,-0.15625
11,1,2,1,64,122,-0.125,8.223066085447988e-18,-0.125
11,1,2,1,64,123,0.046875,8.223066085447988e-18,0.04687499999999999
11,1,2,1,64,124,0.046875,8.223066085447988e-18,0.04687499999999999
11,1,2,1,64,125,-0.125,8.223066085447988e-18,-0.125
11,1,2,1,64,126,0.1875,8.223066085447988e-18,0.1875
11,1,2,1,64,127,-0.046875,8.223066085447988e-18,-0.04687500000000001
11,1,2,1,64,128,0.0,8.223066085447988e-18,-8.223066085447988e-18
11,1,2,1,64,129,-0.203125,8.223066085447988e-18,-0.203125
11,1,2,1,64,130,0.09375,8.223066085447988e-18,0.09374999999999999
11,1,2,1,64,131,0.03125,8.223066085447988e-18,0.031249999999999993
11,1,2,1,64,132,0.03125,8.223066085447988e-18,0.031249999999999993
11,1,2,1,64,133,0.078125,8.223066085447988e-18,0.07812499999999999
11,1,2,1,64,134,-0.09375,8.223066085447988e-18,-0.09375000000000001
11,1,2,1,64,135,-0.140625,8.223066085447988e-18,-0.140625
11,1,2,1,64,136,0.09375,8.223066085447988e-18,0.09374999999999999
11,1,2,1,64,137,0.0,8.223066085447988e-18,-8.223066085447988e-18
11,1,2,1,64,138,0.03125,8.223066085447988e-18,0.031249999999999993
11,1,2,1,64,139,-0.078125,8.223066085447988e-18,-0.07812500000000001
11,1,2,1,64,140,-0.171875,8.223066085447988e-18,-0.171875
11,1,2,1,64,141,0.015625,8.223066085447988e-18,0.015624999999999991
11,1,2,1,64,142,-0.03125,8.223066085447988e-18,-0.03125000000000001
11,1,2,1,64,143,0.0,8.223066085447988e-18,-8.223066085447988e-18
11,1,2,1,64,144,0.234375,8.223066085447988e-18,0.234375
11,1,2,1,64,145,0.125,8.223066085447988e-18,0.12499999999999999
11,1,2,1,64,146,-0.015625,8.223066085447988e-18,-0.015625000000000007
11,1,2,1,64,147,0.0625,8.223066085447988e-18,0.06249999999999999
11,1,2,1,64,148,0.03125,8.223066085447988e-18,0.031249999999999993
11,1,2,1,64,149,-0.125,8.223066085447988e-18,-0.125
11,1,2,1,64,150,0.0,8.223066085447988e-18,-8.223066085447988e-18
11,1,2,1,64,151,-0.109375,8.223066085447988e-18,-0.10937500000000001
11,1,2,1,64,152,-0.078125,8.223066085447988e-18,-0.07812500000000001
11,1,2,1,64,153,0.03125,8.223066085447988e-18,0.031249999999999993
11,1,2,1,64,154,-0.15625,8.223066085447988e-18,-0.15625
11,1,2,1,64,155,0.0,8.223066085447988e-18,-8.223066085447988e-18
11,1,2,1,64,156,0.03125,8.223066085447988e-18,0.031249999999999993
11,1,2,1,64,157,0.203125,8.223066085447988e-18,0.203125
11,1,2,1,64,158,0.015625,8.223066085447988e-18,0.015624999999999991
11,1,2,1,64,159,0.046875,8.223066085447988e-18,0.04687499999999999
11,1,2,1,64,160,0.140625,8.223066085447988e-18,0.140625
11,1,2,1,64,161,-0.046875,8.223066085447988e-18,-0.04687500000000001
11,1,2,1,64,162,-0.09375,8.223066085447988e-18,-0.09375000000000001
11,1,2,1,64,163,-0.03125,8.223066085447988e-18,-0.03125000000000001
11,1,2,1,64,164,-0.046875,8.223066085447988e-18,-0.04687500000000001
11,1,2,1,64,165,0.015625,8.223066085447988e-18,0.015624999999999991
11,1,2,1,64,166,0.015625,8.223066085447988e-18,0.015624999999999991
11,1,2,1,64,167,-0.0625,8.223066085447988e-18,-0.06250000000000001
11,1,2,1,64,168,0.140625,8.223066085447988e-18,0.140625
11,1,2,1,64,169,-0.15625,8.223066085447988e-18,-0.15625
11,1,2,1,64,170,0.0625,8.223066085447988e-18,0.06249999999999999
11,1,2,1,64,171,-0.03125,8.223066085447988e-18,-0.03125000000000001
11,1,2,1,64,172,-0.03125,8.223066085447988e-18,-0.03125000000000001
11,1,2,1,64,173,0.078125,8.223066085447988e-18,0.07812499999999999
11,1,2,1,64,174,0.0,8.223066085447988e-18,-8.223066085447988e-18
11,1,2,1,64,175,0.0625,8.223066085447988e-18,0.06249999999999999
11,1,2,1,64,176,0.0,8.223066085447988e-18,-8.223066085447988e-18
11,1,2,1,64,177,-0.09375,8.223066085447988e-18,-0.09375000000000001
11,1,2,1,64,178,-0.015625,8.223066085447988e-18,-0.015625000000000007
11,1,2,1,64,179,0.015625,8.223066085447988e-18,0.015624999999999991
11,1,2,1,64,180,0.109375,8.223066085447988e-18,0.10937499999999999
11,1,2,1,64,181,0.046875,8.223066085447988e-18,0.04687499999999999
11,1,2,1,64,182,0.0,8.223066085447988e-18,-8.223066085447988e-18
11,1,2,1,64,183,0.0625,8.223066085447988e-18,0.06249999999999999
11,1,2,1,64,184,-0.03125,8.223066085447988e-18,-0.03125000000000001
11,1,2,1,64,185,-0.109375,8.223066085447988e-18,-0.10937500000000001
11,1,2,1,64,186,0.125,8.223066085447988e-18,0.12499999999999999
11,1,2,1,64,187,-0.0625,8.223066085447988e-18,-0.06250000000000001
11,1,2,1,64,188,0.046875,8.223066085447988e-18,0.04687499999999999
11,1,2,1,64,189,0.15625,8.223066085447988e-18,0.15625
11,1,2,1,64,190,0.0625,8.223066085447988e-18,0.06249999999999999
11,1,2,1,64,191,-0.046875,8.223066085447988e-18,-0.04687500000000001
11,1,2,1,64,192,0.015625,8.223066085447988e-18,0.015624999999999991
11,1,2,1,64,193,-0.0625,8.223066085447988e-18,-0.06250000000000001
11,1,2,1,64,194,-0.046875,8.223066085447988e-18,-0.04687500000000001
11,1,2,1,64,195,-0.03125,8.223066085447988e-18,-0.03125000000000001
11,1,2,1,64,196,0.0625,8.223066085447988e-18,0.06249999999999999
11,1,2,1,64,197,-0.125,8.223066085447988e-18,-0.125
11,1,2,1,64,198,0.140625,8.223066085447988e-18,0.140625
11,1,2,1,64,199,0.0625,8.223066085447988e-18,0.06249999999999999
11,1,2,1,128,0,0.078125,8.223066085447988e-18,0.07812499999999999
11,1,2,1,128,1,-0.0546875,8.223066085447988e-18,-0.05468750000000001
11,1,2,1,128,2,0.0078125,8.223066085447988e-18,0.007812499999999992
11,1,2,1,128,3,0.0078125,8.223066085447988e-18,0.007812499999999992
11,1,2,1,128,4,-0.109375,8.223066085447988e-18,-0.10937500000000001
11,1,2,1,128,5,-0.1171875,8.223066085447988e-18,-0.11718750000000001
11,1,2,1,128,6,0.09375,8.223066085447988e-18,0.09374999999999999
11,1,2,1,128,7,0.0703125,8.223066085447988e-18,0.07031249999999999
11,1,2,1,128,8,0.1328125,8.223066085447988e-18,0.1328125
11,1,2,1,128,9,0.015625,8.223066085447988e-18,0.015624999999999991
11,1,2,1,128,10,-0.03125,8.223066085447988e-18,-0.03125000000000001
11,1,2,1,128,11,0.078125,8.223066085447988e-18,0.07812499999999999
11,1,2,1,128,12,0.0703125,8.223066085447988e-18,0.07031249999999999
11,1,2,1,128,13,-0.0234375,8.223066085447988e-18,-0.023437500000000007
11,1,2,1,128,14,-0.0078125,8.223066085447988e-18,-0.007812500000000009
11,1,2,1,128,15,0.0078125,8.223066085447988e-18,0.007812499999999992
11,1,2,1,128,16,0.0546875,8.223066085447988e-18,0.05468749999999999
11,1,2,1,128,17,0.015625,8.223066085447988e-18,0.015624999999999991
11,1,2,1,128,18,-0.1171875,8.223066085447988e-18,-0.11718750000000001
11,1,2,1,128,19,-0.09375,8.223066085447988e-18,-0.09375000000000001
11,1,2,1,128,20,0.03125,8.223066085447988e-18,0.031249999999999993
11,1,2,1,128,21,-0.0625,8.223066085447988e-18,-0.06250000000000001
11,1,2,1,128,22,0.0703125,8.223066085447988e-18,0.07031249999999999
11,1,2,1,128,23,0.0546875,8.223066085447988e-18,0.05468749999999999
11,1,2,1,128,24,0.046875,8.223066085447988e-18,0.04687499999999999
11,1,2,1,128,25,-0.03125,8.223066085447988e-18,-0.03125000000000001
11,1,2,1,128,26,0.046875,8.223066085447988e-18,0.04687499999999999
11,1,2,1,128,27,-0.015625,8.223066085447988e-18,-0.015625000000000007
11,1,2,1,128,28,-0.046875,8.223066085447988e-18,-0.04687500000000001
11,1,2,1,128,29,-0.03125,8.223066085447988e-18,-0.03125000000000001
11,1,2,1,128,30,-0.0390625,8.223066085447988e-18,-0.03906250000000001
11,1,2,1,128,31,-0.046875,8.223066085447988e-18,-0.04687500000000001
11,1,2,1,128,32,-0.0859375,8.223066085447988e-18,-0.08593750000000001
11,1,2,1,128,33,0.0546875,8.223066085447988e-18,0.05468749999999999
11,1,2,1,128,34,0.0078125,8.223066085447988e-18,0.007812499999999992
11,1,2,1,128,35,-0.0234375,8.223066085447988e-18,-0.023437500000000007
11,1,2,1,128,36,0.1328125,8.223066085447988e-18,0.1328125
11,1,2,1,128,37,-0.0390625,8.223066085447988e-18,-0.03906250000000001
11,1,2,1,128,38,0.03125,8.223066085447988e-18,0.031249999999999993
11,1,2,1,128,39,-0.015625,8.223066085447988e-18,-0.015625000000000007
11,1,2,1,128,40,-0.0625,8.223066085447988e-18,-0.06250000000000001
11,1,2,1,128,41,0.0546875,8.223066085447988e-18,0.05468749999999999
11,1,2,1,128,42,0.09375,8.223066085447988e-18,0.09374999999999999
11,1,2,1,128,43,0.0234375,8.223066085447988e-18,0.023437499999999993
11,1,2,1,128,44,0.046875,8.223066085447988e-18,0.04687499999999999
11,1,2,1,128,45,0.0078125,8.223066085447988e-18,0.007812499999999992
11,1,2,1,128,46,-0.0078125,8.223066085447988e-18,-0.007812500000000009
11,1,2,1,128,47,0.0234375,8.223066085447988e-18,0.023437499999999993
11,1,2,1,128,48,-0.03125,8.223066085447988e-18,-0.03125000000000001
11,1,2,1,128,49,-0.125,8.223066085447988e-18,-0.125
11,1,2,1,128,50,-0.109375,8.223066085447988e-18,-0.10937500000000001
11,1,2,1,128,51,0.0703125,8.223066085447988e-18,0.07031249999999999
11,1,2,1,128,52,-0.0390625,8.223066085447988e-18,-0.03906250000000001
11,1,2,1,128,53,0.015625,8.223066085447988e-18,0.015624999999999991
11,1,2,1,128,54,-0.0234375,8.223066085447988e-18,-0.023437500000000007
11,1,2,1,128,55,-0.078125,8.223066085447988e-18,-0.07812500000000001
11,1,2,1,128,56,-0.03125,8.223066085447988e-18,-0.03125000000000001
11,1,2,1,128,57,-0.09375,8.223066085447988e-18,-0.09375000000000001
11,1,2,1,128,58,0.0703125,8.223066085447988e-18,0.07031249999999999
11,1,2,1,128,59,0.0859375,8.223066085447988e-18,0.08593749999999999
11,1,2,1,128,60,0.046875,8.223066085447988e-18,0.04687499999999999
11,1,2,1,128,61,0.0390625,8.223066085447988e-18,0.03906249999999999
11,1,2,1,128,62,-0.0078125,8.223066085447988e-18,-0.007812500000000009
11,1,2,1,128,63,-0.109375,8.223066085447988e-18,-0.10937500000000001
11,1,2,1,128,64,0.015625,8.223066085447988e-18,0.015624999999999991
11,1,2,1,128,65,0.0703125,8.223066085447988e-18,0.07031249999999999
11,1,2,1,128,66,-0.0703125,8.223066085447988e-18,-0.07031250000000001
11,1,2,1,128,67,-0.0390625,8.223066085447988e-18,-0.03906250000000001
11,1,2,1,128,68,0.140625,8.223066085447988e-18,0.140625
11,1,2,1,128,69,-0.0234375,8.223066085447988e-18,-0.023437500000000007
11,1,2,1,128,70,0.0234375,8.223066085447988e-18,0.023437499999999993
11,1,2,1,128,71,0.125,8.223066085447988e-18,0.12499999999999999
11,1,2,1,128,72,0.0078125,8.223066085447988e-18,0.007812499999999992
11,1,2,1,128,73,-0.0078125,8.223066085447988e-18,-0.007812500000000009
11,1,2,1,128,74,0.015625,8.223066085447988e-18,0.015624999999999991
11,1,2,1,128,75,-0.046875,8.223066085447988e-18,-0.04687500000000001
11,1,2,1,128,76,0.0703125,8.223066085447988e-18,0.07031249999999999
11,1,2,1,128,77,0.0234375,8.223066085447988e-18,0.023437499999999993
11,1,2,1,128,78,-0.0390625,8.223066085447988e-18,-0.03906250000000001
11,1,2,1,128,79,0.0,8.223066085447988e-18,-8.223066085447988e-18
11,1,2,1,128,80,-0.125,8.223066085447988e-18,-0.125
11,1,2,1,128,81,0.0078125,8.223066085447988e-18,0.007812499999999992
11,1,2,1,128,82,0.046875,8.223066085447988e-18,0.04687499999999999
11,1,2,1,128,83,-0.0234375,8.223066085447988e-18,-0.023437500000000007
11,1,2,1,128,84,-0.03125,8.223066085447988e-18,-0.03125000000000001
11,1,2,1,128,85,-0.03125,8.223066085447988e-18,-0.03125000000000001
11,1,2,1,128,86,0.1328125,8.223066085447988e-18,0.1328125
11,1,2,1,128,87,-0.078125,8.223066085447988e-18,-0.07812500000000001
11,1,2,1,128,88,-0.0546875,8.223066085447988e-18,-0.05468750000000001
11,1,2,1,128,89,0.0390625,8.223066085447988e-18,0.03906249999999999
11,1,2,1,128,90,-0.015625,8.223066085447988e-18,-0.015625000000000007
11,1,2,1,128,91,0.03125,8.223066085447988e-18,0.031249999999999993
11,1,2,1,128,92,-0.0078125,8.223066085447988e-18,-0.007812500000000009
11,1,2,1,128,93,0.0390625,8.223066085447988e-18,0.03906249999999999
11,1,2,1,128,94,-0.0546875,8.223066085447988e-18,-0.05468750000000001
11,1,2,1,128,95,-0.015625,8.223066085447988e-18,-0.015625000000000007
11,1,2,1,128,96,-0.0078125,8.223066085447988e-18,-0.007812500000000009
11,1,2,1,128,97,0.0859375,8.223066085447988e-18,0.08593749999999999
11,1,2,1,128,98,-0.0390625,8.223066085447988e-18,-0.03906250000000001
11,1,2,1,128,99,0.0390625,8.223066085447988e-18,0.03906249999999999
11,1,2,1,128,100,-0.03125,8.223066085447988e-18,-0.03125000000000001
11,1,2,1,128,101,-0.0546875,8.223066085447988e-18,-0.05468750000000001
11,1,2,1,128,102,-0.0234375,8.223066085447988e-18,-0.023437500000000007
11,1,2,1,128,103,0.0,8.223066085447988e-18,-8.223066085447988e-18
11,1,2,1,128,104,-0.078125,8.223066085447988e-18,-0.07812500000000001
11,1,2,1,128,105,0.09375,8.223066085447988e-18,0.09374999999999999
11,1,2,1,128,106,0.0,8.223066085447988e-18,-8.223066085447988e-18
11,1,2,1,128,107,0.0078125,8.223066085447988e-18,0.007812499999999992
11,1,2,1,128,108,0.0,8.223066085447988e-18,-8.223066085447988e-18
11,1,2,1,128,109,-0.046875,8.223066085447988e-18,-0.04687500000000001
11,1,2,1,128,110,0.046875,8.223066085447988e-18,0.04687499999999999
11,1,2,1,128,111,0.0234375,8.223066085447988e-18,0.023437499999999993
11,1,2,1,128,112,0.0,8.223066085447988e-18,-8.223066085447988e-18
11,1,2,1,128,113,0.0078125,8.223066085447988e-18,0.007812499999999992
11,1,2,1,128,114,-0.0234375,8.223066085447988e-18,-0.023437500000000007
11,1,2,1,128,115,0.015625,8.223066085447988e-18,0.015624999999999991
11,1,2,1,128,116,-0.0078125,8.223066085447988e-18,-0.007812500000000009
11,1,2,1,128,117,-0.1484375,8.223066085447988e-18,-0.1484375
11,1,2,1,128,118,-0.1015625,8.223066085447988e-18,-0.10156250000000001
11,1,2,1,128,119,0.0,8.223066085447988e-18,-8.223066085447988e-18
11,1,2,1,128,120,0.0390625,8.223066085447988e-18,0.03906249999999999
11,1,2,1,128,121,0.046875,8.223066085447988e-18,0.04687499999999999
11,1,2,1,128,122,0.0078125,8.223066085447988e-18,0.007812499999999992
11,1,2,1,128,123,-0.0078125,8.223066085447988e-18,-0.007812500000000009
11,1,2,1,128,124,0.03125,8.223066085447988e-18,0.031249999999999993
11,1,2,1,128,125,0.0625,8.223066085447988e-18,0.06249999999999999
11,1,2,1,128,126,0.0625,8.223066085447988e-18,0.06249999999999999
11,1,2,1,128,127,-0.015625,8.223066085447988e-18,-0.015625000000000007
11,1,2,1,128,128,-0.0234375,8.223066085447988e-18,-0.023437500000000007
11,1,2,1,128,129,-0.0703125,8.223066085447988e-18,-0.07031250000000001
11,1,2,1,128,130,-0.046875,8.223066085447988e-18,-0.04687500000000001
11,1,2,1,128,131,-0.0234375,8.223066085447988e-18,-0.023437500000000007
11,1,2,1,128,132,0.0234375,8.223066085447988e-18,0.023437499999999993
11,1,2,1,128,133,-0.046875,8.223066085447988e-18,-0.04687500000000001
11,1,2,1,128,134,-0.0234375,8.223066085447988e-18,-0.023437500000000007
11,1,2,1,128,135,-0.109375,8.223066085447988e-18,-0.10937500000000001
11,1,2,1,128,136,0.0859375,8.223066085447988e-18,0.08593749999999999
11,1,2,1,128,137,0.0234375,8.223066085447988e-18,0.023437499999999993
11,1,2,1,128,138,0.0,8.223066085447988e-18,-8.223066085447988e-18
11,1,2,1,128,139,0.0,8.223066085447988e-18,-8.223066085447988e-18
11,1,2,1,128,140,0.0859375,8.223066085447988e-18,0.08593749999999999
11,1,2,1,128,141,-0.0234375,8.223066085447988e-18,-0.023437500000000007
11,1,2,1,128,142,-0.0625,8.223066085447988e-18,-0.06250000000000001
11,1,2,1,128,143,0.015625,8.223066085447988e-18,0.015624999999999991
11,1,2,1,128,144,0.0,8.223066085447988e-18,-8.223066085447988e-18
11,1,2,1,128,145,-0.1171875,8.223066085447988e-18,-0.11718750000000001
11,1,2,1,128,146,-0.0546875,8.223066085447988e-18,-0.05468750000000001
11,1,2,1,128,147,0.0546875,8.223066085447988e-18,0.05468749999999999
11,1,2,1,128,148,-0.015625,8.223066085447988e-18,-0.015625000000000007
11,1,2,1,128,149,-0.03125,8.223066085447988e-18,-0.03125000000000001
11,1,2,1,128,150,-0.1484375,8.223066085447988e-18,-0.1484375
11,1,2,1,128,151,0.0390625,8.223066085447988e-18,0.03906249999999999
11,1,2,1,128,152,-0.015625,8.223066085447988e-18,-0.015625000000000007
11,1,2,1,128,153,0.0546875,8.223066085447988e-18,0.05468749999999999
11,1,2,1,128,154,-0.0703125,8.223066085447988e-18,-0.07031250000000001
11,1,2,1,128,155,0.0078125,8.223066085447988e-18,0.007812499999999992
11,1,2,1,128,156,-0.046875,8.223066085447988e-18,-0.04687500000000001
11,1,2,1,128,157,0.09375,8.223066085447988e-18,0.09374999999999999
11,1,2,1,128,158,0.0390625,8.223066085447988e-18,0.03906249999999999
11,1,2,1,128,159,0.0078125,8.223066085447988e-18,0.007812499999999992
11,1,2,1,128,160,0.0390625,8.223066085447988e-18,0.03906249999999999
11,1,2,1,128,161,-0.0390625,8.223066085447988e-18,-0.03906250000000001
11,1,2,1,128,162,0.0390625,8.223066085447988e-18,0.03906249999999999
11,1,2,1,128,163,-0.0625,8.223066085447988e-18,-0.06250000000000001
11,1,2,1,128,164,0.0234375,8.223066085447988e-18,0.023437499999999993
11,1,2,1,128,165,0.0078125,8.223066085447988e-18,0.007812499999999992
11,1,2,1,128,166,0.0390625,8.223066085447988e-18,0.03906249999999999
11,1,2,1,128,167,0.0703125,8.223066085447988e-18,0.07031249999999999
11,1,2,1,128,168,0.09375,8.223066085447988e-18,0.09374999999999999
11,1,2,1,128,169,0.046875,8.223066085447988e-18,0.04687499999999999
11,1,2,1,128,170,0.140625,8.223066085447988e-18,0.140625
11,1,2,1,128,171,-0.015625,8.223066085447988e-18,-0.015625000000000007
11,1,2,1,128,172,-0.015625,8.223066085447988e-18,-0.015625000000000007
11,1,2,1,128,173,-0.046875,8.223066085447988e-18,-0.04687500000000001
11,1,2,1,128,174,0.0703125,8.223066085447988e-18,0.07031249999999999
11,1,2,1,128,175,0.0234375,8.223066085447988e-18,0.023437499999999993
11,1,2,1,128,176,-0.0390625,8.223066085447988e-18,-0.03906250000000001
11,1,2,1,128,177,-0.046875,8.223066085447988e-18,-0.04687500000000001
11,1,2,1,128,178,-0.0859375,8.223066085447988e-18,-0.08593750000000001
11,1,2,1,128,179,0.0,8.223066085447988e-18,-8.223066085447988e-18
11,1,2,1,128,180,-0.0078125,8.223066085447988e-18,-0.007812500000000009
11,1,2,1,128,181,0.0078125,8.223066085447988e-18,0.007812499999999992
11,1,2,1,128,182,-0.03125,8.223066085447988e-18,-0.03125000000000001
11,1,2,1,128,183,0.0703125,8.223066085447988e-18,0.07031249999999999
11,1,2,1,128,184,0.046875,8.223066085447988e-18,0.04687499999999999
11,1,2,1,128,185,0.078125,8.223066085447988e-18,0.07812499999999999
11,1,2,1,128,186,-0.09375,8.223066085447988e-18,-0.09375000000000001
11,1,2,1,128,187,0.109375,8.223066085447988e-18,0.10937499999999999
11,1,2,1,128,188,0.03125,8.223066085447988e-18,0.031249999999999993
11,1,2,1,128,189,-0.09375,8.223066085447988e-18,-0.09375000000000001
11,1,2,1,128,190,0.0,8.223066085447988e-18,-8.223066085447988e-18
11,1,2,1,128,191,-0.046875,8.223066085447988e-18,-0.04687500000000001
11,1,2,1,128,192,-0.046875,8.223066085447988e-18,-0.04687500000000001
11,1,2,1,128,193,0.0234375,8.223066085447988e-18,0.023437499999999993
11,1,2,1,128,194,-0.1328125,8.223066085447988e-18,-0.1328125
11,1,2,1,128,195,-0.0859375,8.223066085447988e-18,-0.08593750000000001
11,1,2,1,128,196,-0.078125,8.223066085447988e-18,-0.07812500000000001
11,1,2,1,128,197,-0.03125,8.223066085447988e-18,-0.03125000000000001
11,1,2,1,128,198,0.0703125,8.223066085447988e-18,0.07031249999999999
11,1,2,1,128,199,0.0078125,8.223066085447988e-18,0.007812499999999992
11,1,2,1,256,0,-0.03125,8.223066085447988e-18,-0.03125000000000001
11,1,2,1,256,1,0.0234375,8.223066085447988e-18,0.023437499999999993
11,1,2,1,256,2,0.01171875,8.223066085447988e-18,0.011718749999999991
11,1,2,1,256,3,0.03125,8.223066085447988e-18,0.031249999999999993
11,1,2,1,256,4,0.02734375,8.223066085447988e-18,0.027343749999999993
11,1,2,1,256,5,-0.0234375,8.223066085447988e-18,-0.023437500000000007
11,1,2,1,256,6,-0.015625,8.223066085447988e-18,-0.015625000000000007
11,1,2,1,256,7,0.02734375,8.223066085447988e-18,0.027343749999999993
11,1,2,1,256,8,-0.05078125,8.223066085447988e-18,-0.05078125000000001
11,1,2,1,256,9,-0.01953125,8.223066085447988e-18,-0.019531250000000007
11,1,2,1,256,10,-0.0078125,8.223066085447988e-18,-0.007812500000000009
11,1,2,1,256,11,-0.0078125,8.223066085447988e-18,-0.007812500000000009
11,1,2,1,256,12,-0.07421875,8.223066085447988e-18,-0.07421875000000001
11,1,2,1,256,13,-0.0546875,8.223066085447988e-18,-0.05468750000000001
11,1,2,1,256,14,-0.0078125,8.223066085447988e-18,-0.007812500000000009
11,1,2,1,256,15,-0.0078125,8.223066085447988e-18,-0.007812500000000009
11,1,2,1,256,16,0.015625,8.223066085447988e-18,0.015624999999999991
11,1,2,1,256,17,0.0078125,8.223066085447988e-18,0.007812499999999992
11,1,2,1,256,18,0.06640625,8.223066085447988e-18,0.06640624999999999
11,1,2,1,256,19,-0.08203125,8.223066085447988e-18,-0.08203125000000001
11,1,2,1,256,20,-0.078125,8.223066085447988e-18,-0.07812500000000001
11,1,2,1,256,21,0.05859375,8.223066085447988e-18,0.05859374999999999
11,1,2,1,256,22,0.03515625,8.223066085447988e-18,0.03515624999999999
11,1,2,1,256,23,-0.0625,8.223066085447988e-18,-0.06250000000000001
11,1,2,1,256,24,-0.04296875,8.223066085447988e-18,-0.04296875000000001
11,1,2,1,256,25,-0.0546875,8.223066085447988e-18,-0.05468750000000001
11,1,2,1,256,26,-0.12109375,8.223066085447988e-18,-0.12109375000000001
11,1,2,1,256,27,0.0625,8.223066085447988e-18,0.06249999999999999
11,1,2,1,256,28,0.03125,8.223066085447988e-18,0.031249999999999993
11,1,2,1,256,29,-0.0234375,8.223066085447988e-18,-0.023437500000000007
11,1,2,1,256,30,0.0,8.223066085447988e-18,-8.223066085447988e-18
11,1,2,1,256,31,-0.0078125,8.223066085447988e-18,-0.007812500000000009
11,1,2,1,256,32,-0.046875,8.223066085447988e-18,-0.04687500000000001
11,1,2,1,256,33,0.04296875,8.223066085447988e-18,0.04296874999999999
11,1,2,1,256,34,0.03515625,8.223066085447988e-18,0.03515624999999999
11,1,2,1,256,35,-0.02734375,8.223066085447988e-18,-0.027343750000000007
11,1,2,1,256,36,0.015625,8.223066085447988e-18,0.015624999999999991
11,1,2,1,256,37,-0.0234375,8.223066085447988e-18,-0.023437500000000007
11,1,2,1,256,38,-0.06640625,8.223066085447988e-18,-0.06640625000000001
11,1,2,1,256,39,0.0546875,8.223066085447988e-18,0.05468749999999999
11,1,2,1,256,40,-0.0078125,8.223066085447988e-18,-0.007812500000000009
11,1,2,1,256,41,0.03125,8.223066085447988e-18,0.031249999999999993
11,1,2,1,256,42,0.0546875,8.223066085447988e-18,0.05468749999999999
11,1,2,1,256,43,-0.0546875,8.223066085447988e-18,-0.05468750000000001
11,1,2,1,256,44,-0.0234375,8.223066085447988e-18,-0.023437500000000007
11,1,2,1,256,45,0.1015625,8.223066085447988e-18,0.10156249999999999
11,1,2,1,256,46,-0.015625,8.223066085447988e-18,-0.015625000000000007
11,1,2,1,256,47,0.02734375,8.223066085447988e-18,0.027343749999999993
11,1,2,1,256,48,0.0,8.223066085447988e-18,-8.223066085447988e-18
11,1,2,1,256,49,-0.01171875,8.223066085447988e-18,-0.011718750000000009
11,1,2,1,256,50,-0.00390625,8.223066085447988e-18,-0.003906250000000008
11,1,2,1,256,51,-0.00390625,8.223066085447988e-18,-0.003906250000000008
11,1,2,1,256,52,-0.0390625,8.223066085447988e-18,-0.03906250000000001
11,1,2,1,256,53,0.0078125,8.223066085447988e-18,0.007812499999999992
11,1,2,1,256,54,-0.01171875,8.223066085447988e-18,-0.011718750000000009
11,1,2,1,256,55,0.05859375,8.223066085447988e-18,0.05859374999999999
11,1,2,1,256,56,-0.0390625,8.223066085447988e-18,-0.03906250000000001
11,1,2,1,256,57,0.015625,8.223066085447988e-18,0.015624999999999991
11,1,2,1,256,58,0.0390625,8.223066085447988e-18,0.03906249999999999
11,1,2,1,256,59,0.01953125,8.223066085447988e-18,0.019531249999999993
11,1,2,1,256,60,0.03515625,8.223066085447988e-18,0.03515624999999999
11,1,2,1,256,61,-0.03125,8.223066085447988e-18,-0.03125000000000001
11,1,2,1,256,62,-0.01953125,8.223066085447988e-18,-0.019531250000000007
11,1,2,1,256,63,-0.01953125,8.223066085447988e-18,-0.019531250000000007
11,1,2,1,256,64,-0.0703125,8.223066085447988e-18,-0.07031250000000001
11,1,2,1,256,65,0.07421875,8.223066085447988e-18,0.07421874999999999
11,1,2,1,256,66,-0.05078125,8.223066085447988e-18,-0.05078125000000001
11,1,2,1,256,67,0.0546875,8.223066085447988e-18,0.05468749999999999
11,1,2,1,256,68,0.07421875,8.223066085447988e-18,0.07421874999999999
11,1,2,1,256,69,-0.03125,8.223066085447988e-18,-0.03125000000000001
11,1,2,1,256,70,0.0078125,8.223066085447988e-18,0.007812499999999992
11,1,2,1,256,71,-0.0390625,8.223066085447988e-18,-0.03906250000000001
11,1,2,1,256,72,-0.0390625,8.223066085447988e-18,-0.03906250000000001
11,1,2,1,256,73,-0.015625,8.223066085447988e-18,-0.015625000000000007
11,1,2,1,256,74,-0.046875,8.223066085447988e-18,-0.04687500000000001
11,1,2,1,256,75,0.015625,8.223066085447988e-18,0.015624999999999991
11,1,2,1,256,76,0.0546875,8.223066085447988e-18,0.05468749999999999
11,1,2,1,256,77,0.02734375,8.223066085447988e-18,0.027343749999999993
11,1,2,1,256,78,-0.03125,8.223066085447988e-18,-0.03125000000000001
11,1,2,1,256,79,0.02734375,8.223066085447988e-18,0.027343749999999993
11,1,2,1,256,80,-0.10546875,8.223066085447988e-18,-0.10546875000000001
11,1,2,1,256,81,-0.0078125,8.223066085447988e-18,-0.007812500000000009
11,1,2,1,256,82,-0.0234375,8.223066085447988e-18,-0.023437500000000007
11,1,2,1,256,83,0.01171875,8.223066085447988e-18,0.011718749999999991
11,1,2,1,256,84,0.0234375,8.223066085447988e-18,0.023437499999999993
11,1,2,1,256,85,0.02734375,8.223066085447988e-18,0.027343749999999993
11,1,2,1,256,86,0.05078125,8.223066085447988e-18,0.05078124999999999
11,1,2,1,256,87,0.01171875,8.223066085447988e-18,0.011718749999999991
11,1,2,1,256,88,-0.0078125,8.223066085447988e-18,-0.007812500000000009
11,1,2,1,256,89,0.0234375,8.223066085447988e-18,0.023437499999999993
11,1,2,1,256,90,-0.01171875,8.223066085447988e-18,-0.011718750000000009
11,1,2,1,256,91,0.09375,8.223066085447988e-18,0.09374999999999999
11,1,2,1,256,92,0.078125,8.223066085447988e-18,0.07812499999999999
11,1,2,1,256,93,-0.0625,8.223066085447988e-18,-0.06250000000000001
11,1,2,1,256,94,0.01953125,8.223066085447988e-18,0.019531249999999993
11,1,2,1,256,95,0.0390625,8.223066085447988e-18,0.03906249999999999
11,1,2,1,256,96,-0.05078125,8.223066085447988e-18,-0.05078125000000001
11,1,2,1,256,97,-0.00390625,8.223066085447988e-18,-0.003906250000000008
11,1,2,1,256,98,0.02734375,8.223066085447988e-18,0.027343749999999993
11,1,2,1,256,99,0.0546875,8.223066085447988e-18,0.05468749999999999
11,1,2,1,256,100,0.04296875,8.223066085447988e-18,0.04296874999999999
11,1,2,1,256,101,0.0390625,8.223066085447988e-18,0.03906249999999999
11,1,2,1,256,102,-0.05859375,8.223066085447988e-18,-0.05859375000000001
11,1,2,1,256,103,-0.01953125,8.223066085447988e-18,-0.019531250000000007
11,1,2,1,256,104,-0.02734375,8.223066085447988e-18,-0.027343750000000007
11,1,2,1,256,105,0.0,8.223066085447988e-18,-8.223066085447988e-18
11,1,2,1,256,106,0.0234375,8.223066085447988e-18,0.023437499999999993
11,1,2,1,256,107,0.0,8.223066085447988e-18,-8.223066085447988e-18
11,1,2,1,256,108,0.02734375,8.223066085447988e-18,0.027343749999999993
11,1,2,1,256,109,-0.02734375,8.223066085447988e-18,-0.027343750000000007
11,1,2,1,256,110,-0.05859375,8.223066085447988e-18,-0.05859375000000001
11,1,2,1,256,111,-0.07421875,8.223066085447988e-18,-0.07421875000000001
11,1,2,1,256,112,0.0,8.223066085447988e-18,-8.223066085447988e-18
11,1,2,1,256,113,0.08203125,8.223066085447988e-18,0.08203124999999999
11,1,2,1,256,114,-0.0703125,8.223066085447988e-18,-0.07031250000000001
11,1,2,1,256,115,-0.00390625,8.223066085447988e-18,-0.003906250000000008
11,1,2,1,256,116,-0.01171875,8.223066085447988e-18,-0.011718750000000009
11,1,2,1,256,117,0.078125,8.223066085447988e-18,0.07812499999999999
11,1,2,1,256,118,-0.08203125,8.223066085447988e-18,-0.08203125000000001
11,1,2,1,256,119,-0.05078125,8.223066085447988e-18,-0.05078125000000001
11,1,2,1,256,120,-0.03515625,8.223066085447988e-18,-0.03515625000000001
11,1,2,1,256,121,-0.00390625,8.223066085447988e-18,-0.003906250000000008
11,1,2,1,256,122,0.02734375,8.223066085447988e-18,0.027343749999999993
11,1,2,1,256,123,-0.08203125,8.223066085447988e-18,-0.08203125000000001
11,1,2,1,256,124,0.02734375,8.223066085447988e-18,0.027343749999999993
11,1,2,1,256,125,0.02734375,8.223066085447988e-18,0.027343749999999993
11,1,2,1,256,126,0.00390625,8.223066085447988e-18,0.0039062499999999918
11,1,2,1,256,127,-0.0703125,8.223066085447988e-18,-0.07031250000000001
11,1,2,1,256,128,0.0234375,8.223066085447988e-18,0.023437499999999993
11,1,2,1,256,129,-0.02734375,8.223066085447988e-18,-0.027343750000000007
11,1,2,1,256,130,0.0,8.223066085447988e-18,-8.223066085447988e-18
11,1,2,1,256,131,0.0,8.223066085447988e-18,-8.223066085447988e-18
11,1,2,1,256,132,0.01171875,8.223066085447988e-18,0.011718749999999991
11,1,2,1,256,133,0.046875,8.223066085447988e-18,0.04687499999999999
11,1,2,1,256,134,0.0234375,8.223066085447988e-18,0.023437499999999993
11,1,2,1,256,135,-0.0390625,8.223066085447988e-18,-0.03906250000000001
11,1,2,1,256,136,0.0625,8.223066085447988e-18,0.06249999999999999
11,1,2,1,256,137,-0.00390625,8.223066085447988e-18,-0.003906250000000008
11,1,2,1,256,138,-0.05859375,8.223066085447988e-18,-0.05859375000000001
11,1,2,1,256,139,-0.05859375,8.223066085447988e-18,-0.05859375000000001
11,1,2,1,256,140,-0.0078125,8.223066085447988e-18,-0.007812500000000009
11,1,2,1,256,141,-0.04296875,8.223066085447988e-18,-0.04296875000000001
11,1,2,1,256,142,-0.03125,8.223066085447988e-18,-0.03125000000000001
11,1,2,1,256,143,0.03125,8.223066085447988e-18,0.031249999999999993
11,1,2,1,256,144,0.05859375,8.223066085447988e-18,0.05859374999999999
11,1,2,1,256,145,0.04296875,8.223066085447988e-18,0.04296874999999999
11,1,2,1,256,146,-0.015625,8.223066085447988e-18,-0.015625000000000007
11,1,2,1,256,147,-0.0078125,8.223066085447988e-18,-0.007812500000000009
11,1,2,1,256,148,-0.03515625,8.223066085447988e-18,-0.03515625000000001
11,1,2,1,256,149,0.0703125,8.223066085447988e-18,0.07031249999999999
11,1,2,1,256,150,0.00390625,8.223066085447988e-18,0.0039062499999999918
11,1,2,1,256,151,0.0703125,8.223066085447988e-18,0.07031249999999999
11,1,2,1,256,152,-0.01171875,8.223066085447988e-18,-0.011718750000000009
11,1,2,1,256,153,-0.0078125,8.223066085447988e-18,-0.007812500000000009
11,1,2,1,256,154,0.046875,8.223066085447988e-18,0.04687499999999999
11,1,2,1,256,155,0.0234375,8.223066085447988e-18,0.023437499999999993
11,1,2,1,256,156,-0.015625,8.223066085447988e-18,-0.015625000000000007
11,1,2,1,256,157,-0.015625,8.223066085447988e-18,-0.015625000000000007
11,1,2,1,256,158,-0.015625,8.223066085447988e-18,-0.015625000000000007
11,1,2,1,256,159,0.00390625,8.223066085447988e-18,0.0039062499999999918
11,1,2,1,256,160,-0.04296875,8.223066085447988e-18,-0.04296875000000001
11,1,2,1,256,161,-0.0859375,8.223066085447988e-18,-0.08593750000000001
11,1,2,1,256,162,-0.0078125,8.223066085447988e-18,-0.007812500000000009
11,1,2,1,256,163,-0.03125,8.223066085447988e-18,-0.03125000000000001
11,1,2,1,256,164,-0.04296875,8.223066085447988e-18,-0.04296875000000001
11,1,2,1,256,165,0.046875,8.223066085447988e-18,0.04687499999999999
11,1,2,1,256,166,0.01953125,8.223066085447988e-18,0.019531249999999993
11,1,2,1,256,167,-0.0546875,8.223066085447988e-18,-0.05468750000000001
11,1,2,1,256,168,0.00390625,8.223066085447988e-18,0.0039062499999999918
11,1,2,1,256,169,0.0390625,8.223066085447988e-18,0.03906249999999999
11,1,2,1,256,170,-0.01171875,8.223066085447988e-18,-0.011718750000000009
11,1,2,1,256,171,-0.06640625,8.223066085447988e-18,-0.06640625000000001
11,1,2,1,256,172,-0.078125,8.223066085447988e-18,-0.07812500000000001
11,1,2,1,256,173,0.02734375,8.223066085447988e-18,0.027343749999999993
11,1,2,1,256,174,-0.01171875,8.223066085447988e-18,-0.011718750000000009
11,1,2,1,256,175,0.00390625,8.223066085447988e-18,0.0039062499999999918
11,1,2,1,256,176,-0.09765625,8.223066085447988e-18,-0.09765625000000001
11,1,2,1,256,177,-0.02734375,8.223066085447988e-18,-0.027343750000000007
11,1,2,1,256,178,-0.03125,8.223066085447988e-18,-0.03125000000000001
11,1,2,1,256,179,0.01953125,8.223066085447988e-18,0.019531249999999993
11,1,2,1,256,180,0.03125,8.223066085447988e-18,0.031249999999999993
11,1,2,1,256,181,0.0078125,8.223066085447988e-18,0.007812499999999992
11,1,2,1,256,182,0.046875,8.223066085447988e-18,0.04687499999999999
11,1,2,1,256,183,0.08984375,8.223066085447988e-18,0.08984374999999999
11,1,2,1,256,184,-0.08203125,8.223066085447988e-18,-0.08203125000000001
11,1,2,1,256,185,0.1328125,8.223066085447988e-18,0.1328125
11,1,2,1,256,186,-0.015625,8.223066085447988e-18,-0.015625000000000007
11,1,2,1,256,187,0.0390625,8.223066085447988e-18,0.03906249999999999
11,1,2,1,256,188,0.02734375,8.223066085447988e-18,0.027343749999999993
11,1,2,1,256,189,0.0703125,8.223066085447988e-18,0.07031249999999999
11,1,2,1,256,190,-0.0546875,8.223066085447988e-18,-0.05468750000000001
11,1,2,1,256,191,-0.05078125,8.223066085447988e-18,-0.05078125000000001
11,1,2,1,256,192,-0.0078125,8.223066085447988e-18,-0.007812500000000009
11,1,2,1,256,193,0.04296875,8.223066085447988e-18,0.04296874999999999
11,1,2,1,256,194,0.09375,8.223066085447988e-18,0.09374999999999999
11,1,2,1,256,195,-0.0390625,8.223066085447988e-18,-0.03906250000000001
11,1,2,1,256,196,0.01171875,8.223066085447988e-18,0.011718749999999991
11,1,2,1,256,197,-0.109375,8.223066085447988e-18,-0.10937500000000001
11,1,2,1,256,198,-0.0703125,8.223066085447988e-18,-0.07031250000000001
11,1,2,1,256,199,-0.0234375,8.223066085447988e-18,-0.023437500000000007
11,1,2,1,512,0,0.029296875,8.223066085447988e-18,0.029296874999999993
11,1,2,1,512,1,-0.017578125,8.223066085447988e-18,-0.017578125000000007
11,1,2,1,512,2,-0.009765625,8.223066085447988e-18,-0.009765625000000009
11,1,2,1,512,3,-0.046875,8.223066085447988e-18,-0.04687500000000001
11,1,2,1,512,4,-0.02734375,8.223066085447988e-18,-0.027343750000000007
11,1,2,1,512,5,0.060546875,8.223066085447988e-18,0.06054687499999999
11,1,2,1,512,6,0.037109375,8.223066085447988e-18,0.03710937499999999
11,1,2,1,512,7,0.017578125,8.223066085447988e-18,0.017578124999999993
11,1,2,1,512,8,0.0,8.223066085447988e-18,-8.223066085447988e-18
11,1,2,1,512,9,-0.001953125,8.223066085447988e-18,-0.0019531250000000082
11,1,2,1,512,10,0.064453125,8.223066085447988e-18,0.06445312499999999
11,1,2,1,512,11,0.037109375,8.223066085447988e-18,0.03710937499999999
11,1,2,1,512,12,0.076171875,8.223066085447988e-18,0.07617187499999999
11,1,2,1,512,13,-0.02734375,8.223066085447988e-18,-0.027343750000000007
11,1,2,1,512,14,0.029296875,8.223066085447988e-18,0.029296874999999993
11,1,2,1,512,15,0.037109375,8.223066085447988e-18,0.03710937499999999
11,1,2,1,512,16,-0.03125,8.223066085447988e-18,-0.03125000000000001
11,1,2,1,512,17,0.021484375,8.223066085447988e-18,0.021484374999999993
11,1,2,1,512,18,0.056640625,8.223066085447988e-18,0.05664062499999999
11,1,2,1,512,19,0.0,8.223066085447988e-18,-8.223066085447988e-18
11,1,2,1,512,20,0.0078125,8.223066085447988e-18,0.007812499999999992
11,1,2,1,512,21,0.01953125,8.223066085447988e-18,0.019531249999999993
11,1,2,1,512,22,0.021484375,8.223066085447988e-18,0.021484374999999993
11,1,2,1,512,23,-0.03125,8.223066085447988e-18,-0.03125000000000001
11,1,2,1,512,24,0.021484375,8.223066085447988e-18,0.021484374999999993
11,1,2,1,512,25,0.00390625,8.223066085447988e-18,0.0039062499999999918
11,1,2,1,512,26,-0.01953125,8.223066085447988e-18,-0.019531250000000007
11,1,2,1,512,27,0.01171875,8.223066085447988e-18,0.011718749999999991
11,1,2,1,512,28,-0.01171875,8.223066085447988e-18,-0.011718750000000009
11,1,2,1,512,29,-0.041015625,8.223066085447988e-18,-0.04101562500000001
11,1,2,1,512,30,0.025390625,8.223066085447988e-18,0.025390624999999993
11,1,2,1,512,31,-0.00390625,8.223066085447988e-18,-0.003906250000000008
11,1,2,1,512,32,0.02734375,8.223066085447988e-18,0.027343749999999993
11,1,2,1,512,33,-0.00390625,8.223066085447988e-18,-0.003906250000000008
11,1,2,1,512,34,0.013671875,8.223066085447988e-18,0.013671874999999991
11,1,2,1,512,35,-0.005859375,8.223066085447988e-18,-0.005859375000000008
11,1,2,1,512,36,-0.017578125,8.223066085447988e-18,-0.017578125000000007
11,1,2,1,512,37,-0.021484375,8.223066085447988e-18,-0.021484375000000007
11,1,2,1,512,38,0.0390625,8.223066085447988e-18,0.03906249999999999
11,1,2,1,512,39,-0.017578125,8.223066085447988e-18,-0.017578125000000007
11,1,2,1,512,40,-0.009765625,8.223066085447988e-18,-0.009765625000000009
11,1,2,1,512,41,-0.029296875,8.223066085447988e-18,-0.029296875000000007
11,1,2,1,512,42,-0.0234375,8.223066085447988e-18,-0.023437500000000007
11,1,2,1,512,43,0.001953125,8.223066085447988e-18,0.0019531249999999918
11,1,2,1,512,44,-0.005859375,8.223066085447988e-18,-0.005859375000000008
11,1,2,1,512,45,0.0078125,8.223066085447988e-18,0.007812499999999992
11,1,2,1,512,46,-0.060546875,8.223066085447988e-18,-0.06054687500000001
11,1,2,1,512,47,-0.025390625,8.223066085447988e-18,-0.025390625000000007
11,1,2,1,512,48,0.0078125,8.223066085447988e-18,0.007812499999999992
11,1,2,1,512,49,0.04296875,8.223066085447988e-18,0.04296874999999999
11,1,2,1,512,50,-0.01953125,8.223066085447988e-18,-0.019531250000000007
11,1,2,1,512,51,-0.0234375,8.223066085447988e-18,-0.023437500000000007
11,1,2,1,512,52,0.01171875,8.223066085447988e-18,0.011718749999999991
11,1,2,1,512,53,0.01171875,8.223066085447988e-18,0.011718749999999991
11,1,2,1,512,54,-0.005859375,8.223066085447988e-18,-0.005859375000000008
11,1,2,1,512,55,0.009765625,8.223066085447988e-18,0.009765624999999991
11,1,2,1,512,56,-0.005859375,8.223066085447988e-18,-0.005859375000000008
11,1,2,1,512,57,0.001953125,8.223066085447988e-18,0.0019531249999999918
11,1,2,1,512,58,0.017578125,8.223066085447988e-18,0.017578124999999993
11,1,2,1,512,59,0.03125,8.223066085447988e-18,0.031249999999999993
11,1,2,1,512,60,-0.021484375,8.223066085447988e-18,-0.021484375000000007
11,1,2,1,512,61,-0.0234375,8.223066085447988e-18,-0.023437500000000007
11,1,2,1,512,62,0.001953125,8.223066085447988e-18,0.0019531249999999918
11,1,2,1,512,63,0.00390625,8.223066085447988e-18,0.0039062499999999918
11,1,2,1,512,64,-0.03515625,8.223066085447988e-18,-0.03515625000000001
11,1,2,1,512,65,-0.033203125,8.223066085447988e-18,-0.03320312500000001
11,1,2,1,512,66,0.03515625,8.223066085447988e-18,0.03515624999999999
11,1,2,1,512,67,0.01171875,8.223066085447988e-18,0.011718749999999991
11,1,2,1,512,68,0.044921875,8.223066085447988e-18,0.04492187499999999
11,1,2,1,512,69,0.025390625,8.223066085447988e-18,0.025390624999999993
11,1,2,1,512,70,-0.029296875,8.223066085447988e-18,-0.029296875000000007
11,1,2,1,512,71,-0.013671875,8.223066085447988e-18,-0.013671875000000009
11,1,2,1,512,72,-0.076171875,8.223066085447988e-18,-0.07617187500000001
11,1,2,1,512,73,0.015625,8.223066085447988e-18,0.015624999999999991
11,1,2,1,512,74,-0.01171875,8.223066085447988e-18,-0.011718750000000009
11,1,2,1,512,75,-0.037109375,8.223066085447988e-18,-0.03710937500000001
11,1,2,1,512,76,-0.05078125,8.223066085447988e-18,-0.05078125000000001
11,1,2,1,512,77,-0.01171875,8.223066085447988e-18,-0.011718750000000009
11,1,2,1,512,78,-0.001953125,8.223066085447988e-18,-0.0019531250000000082
11,1,2,1,512,79,-0.017578125,8.223066085447988e-18,-0.017578125000000007
11,1,2,1,512,80,0.044921875,8.223066085447988e-18,0.04492187499999999
11,1,2,1,512,81,-0.0390625,8.223066085447988e-18,-0.03906250000000001
11,1,2,1,512,82,-0.0078125,8.223066085447988e-18,-0.007812500000000009
11,1,2,1,512,83,0.001953125,8.223066085447988e-18,0.0019531249999999918
11,1,2,1,512,84,0.033203125,8.223066085447988e-18,0.03320312499999999
11,1,2,1,512,85,0.033203125,8.223066085447988e-18,0.03320312499999999
11,1,2,1,512,86,-0.013671875,8.223066085447988e-18,-0.013671875000000009
11,1,2,1,512,87,0.005859375,8.223066085447988e-18,0.005859374999999992
11,1,2,1,512,88,-0.00390625,8.223066085447988e-18,-0.003906250000000008
11,1,2,1,512,89,0.009765625,8.223066085447988e-18,0.009765624999999991
11,1,2,1,512,90,0.009765625,8.223066085447988e-18,0.009765624999999991
11,1,2,1,512,91,0.07421875,8.223066085447988e-18,0.07421874999999999
11,1,2,1,512,92,-0.03125,8.223066085447988e-18,-0.03125000000000001
11,1,2,1,512,93,0.0078125,8.223066085447988e-18,0.007812499999999992
11,1,2,1,512,94,-0.033203125,8.223066085447988e-18,-0.03320312500000001
11,1,2,1,512,95,0.025390625,8.223066085447988e-18,0.025390624999999993
11,1,2,1,512,96,0.005859375,8.223066085447988e-18,0.005859374999999992
11,1,2,1,512,97,-0.048828125,8.223066085447988e-18,-0.04882812500000001
11,1,2,1,512,98,0.029296875,8.223066085447988e-18,0.029296874999999993
11,1,2,1,512,99,-0.001953125,8.223066085447988e-18,-0.0019531250000000082
11,1,2,1,512,100,0.033203125,8.223066085447988e-18,0.03320312499999999
11,1,2,1,512,101,-0.00390625,8.223066085447988e-18,-0.003906250000000008
11,1,2,1,512,102,0.005859375,8.223066085447988e-18,0.005859374999999992
11,1,2,1,512,103,0.068359375,8.223066085447988e-18,0.06835937499999999
11,1,2,1,512,104,0.03125,8.223066085447988e-18,0.031249999999999993
11,1,2,1,512,105,0.025390625,8.223066085447988e-18,0.025390624999999993
11,1,2,1,512,106,0.00390625,8.223066085447988e-18,0.0039062499999999918
11,1,2,1,512,107,0.04296875,8.223066085447988e-18,0.04296874999999999
11,1,2,1,512,108,0.013671875,8.223066085447988e-18,0.013671874999999991
11,1,2,1,512,109,0.0078125,8.223066085447988e-18,0.007812499999999992
11,1,2,1,512,110,-0.041015625,8.223066085447988e-18,-0.04101562500000001
11,1,2,1,512,111,-0.005859375,8.223066085447988e-18,-0.005859375000000008
11,1,2,1,512,112,-0.001953125,8.223066085447988e-18,-0.0019531250000000082
11,1,2,1,512,113,0.03125,8.223066085447988e-18,0.031249999999999993
11,1,2,1,512,114,-0.041015625,8.223066085447988e-18,-0.04101562500000001
11,1,2,1,512,115,0.03125,8.223066085447988e-18,0.031249999999999993
11,1,2,1,512,116,0.0234375,8.223066085447988e-18,0.023437499999999993
11,1,2,1,512,117,-0.015625,8.223066085447988e-18,-0.015625000000000007
11,1,2,1,512,118,0.041015625,8.223066085447988e-18,0.04101562499999999
11,1,2,1,512,119,0.05859375,8.223066085447988e-18,0.05859374999999999
11,1,2,1,512,120,0.025390625,8.223066085447988e-18,0.025390624999999993
11,1,2,1,512,121,-0.005859375,8.223066085447988e-18,-0.005859375000000008
11,1,2,1,512,122,-0.009765625,8.223066085447988e-18,-0.009765625000000009
11,1,2,1,512,123,-0.017578125,8.223066085447988e-18,-0.017578125000000007
11,1,2,1,512,124,-0.080078125,8.223066085447988e-18,-0.08007812500000001
11,1,2,1,512,125,-0.009765625,8.223066085447988e-18,-0.009765625000000009
11,1,2,1,512,126,0.02734375,8.223066085447988e-18,0.027343749999999993
11,1,2,1,512,127,0.025390625,8.223066085447988e-18,0.025390624999999993
11,1,2,1,512,128,0.029296875,8.223066085447988e-18,0.029296874999999993
11,1,2,1,512,129,-0.029296875,8.223066085447988e-18,-0.029296875000000007
11,1,2,1,512,130,-0.0078125,8.223066085447988e-18,-0.007812500000000009
11,1,2,1,512,131,0.021484375,8.223066085447988e-18,0.021484374999999993
11,1,2,1,512,132,0.048828125,8.223066085447988e-18,0.04882812499999999
11,1,2,1,512,133,0.00390625,8.223066085447988e-18,0.0039062499999999918
11,1,2,1,512,134,-0.02734375,8.223066085447988e-18,-0.027343750000000007
11,1,2,1,512,135,-0.03125,8.223066085447988e-18,-0.03125000000000001
11,1,2,1,512,136,-0.025390625,8.223066085447988e-18,-0.025390625000000007
11,1,2,1,512,137,0.017578125,8.223066085447988e-18,0.017578124999999993
11,1,2,1,512,138,-0.029296875,8.223066085447988e-18,-0.029296875000000007
11,1,2,1,512,139,-0.03125,8.223066085447988e-18,-0.03125000000000001
11,1,2,1,512,140,-0.025390625,8.223066085447988e-18,-0.025390625000000007
11,1,2,1,512,141,0.015625,8.223066085447988e-18,0.015624999999999991
11,1,2,1,512,142,0.015625,8.223066085447988e-18,0.015624999999999991
11,1,2,1,512,143,-0.009765625,8.223066085447988e-18,-0.009765625000000009
11,1,2,1,512,144,-0.01171875,8.223066085447988e-18,-0.011718750000000009
11,1,2,1,512,145,-0.021484375,8.223066085447988e-18,-0.021484375000000007
11,1,2,1,512,146,-0.0625,8.223066085447988e-18,-0.06250000000000001
11,1,2,1,512,147,-0.0234375,8.223066085447988e-18,-0.023437500000000007
11,1,2,1,512,148,-0.072265625,8.223066085447988e-18,-0.07226562500000001
11,1,2,1,512,149,-0.0234375,8.223066085447988e-18,-0.023437500000000007
11,1,2,1,512,150,-0.046875,8.223066085447988e-18,-0.04687500000000001
11,1,2,1,512,151,0.01953125,8.223066085447988e-18,0.019531249999999993
11,1,2,1,512,152,-0.015625,8.223066085447988e-18,-0.015625000000000007
11,1,2,1,512,153,-0.0625,8.223066085447988e-18,-0.06250000000000001
11,1,2,1,512,154,0.021484375,8.223066085447988e-18,0.021484374999999993
11,1,2,1,512,155,0.033203125,8.223066085447988e-18,0.03320312499999999
11,1,2,1,512,156,0.005859375,8.223066085447988e-18,0.005859374999999992
11,1,2,1,512,157,0.01171875,8.223066085447988e-18,0.011718749999999991
11,1,2,1,512,158,0.04296875,8.223066085447988e-18,0.04296874999999999
11,1,2,1,512,159,-0.015625,8.223066085447988e-18,-0.015625000000000007
11,1,2,1,512,160,-0.01953125,8.223066085447988e-18,-0.019531250000000007
11,1,2,1,512,161,0.005859375,8.223066085447988e-18,0.005859374999999992
11,1,2,1,512,162,-0.001953125,8.223066085447988e-18,-0.0019531250000000082
11,1,2,1,512,163,-0.08203125,8.223066085447988e-18,-0.08203125000000001
11,1,2,1,512,164,-0.048828125,8.223066085447988e-18,-0.04882812500000001
11,1,2,1,512,165,-0.03125,8.223066085447988e-18,-0.03125000000000001
11,1,2,1,512,166,-0.025390625,8.223066085447988e-18,-0.025390625000000007
11,1,2,1,512,167,0.017578125,8.223066085447988e-18,0.017578124999999993
11,1,2,1,512,168,0.029296875,8.223066085447988e-18,0.029296874999999993
11,1,2,1,512,169,-0.033203125,8.223066085447988e-18,-0.03320312500000001
11,1,2,1,512,170,-0.01171875,8.223066085447988e-18,-0.011718750000000009
11,1,2,1,512,171,-0.005859375,8.223066085447988e-18,-0.005859375000000008
11,1,2,1,512,172,0.009765625,8.223066085447988e-18,0.009765624999999991
11,1,2,1,512,173,-0.05078125,8.223066085447988e-18,-0.05078125000000001
11,1,2,1,512,174,0.01953125,8.223066085447988e-18,0.019531249999999993
11,1,2,1,512,175,-0.041015625,8.223066085447988e-18,-0.04101562500000001
11,1,2,1,512,176,-0.02734375,8.223066085447988e-18,-0.027343750000000007
11,1,2,1,512,177,0.005859375,8.223066085447988e-18,0.005859374999999992
11,1,2,1,512,178,-0.041015625,8.223066085447988e-18,-0.04101562500000001
11,1,2,1,512,179,-0.001953125,8.223066085447988e-18,-0.0019531250000000082
11,1,2,1,512,180,-0.021484375,8.223066085447988e-18,-0.021484375000000007
11,1,2,1,512,181,0.03515625,8.223066085447988e-18,0.03515624999999999
11,1,2,1,512,182,0.025390625,8.223066085447988e-18,0.025390624999999993
11,1,2,1,512,183,-0.009765625,8.223066085447988e-18,-0.009765625000000009
11,1,2,1,512,184,-0.005859375,8.223066085447988e-18,-0.005859375000000008
11,1,2,1,512,185,0.03125,8.223066085447988e-18,0.031249999999999993
11,1,2,1,512,186,-0.001953125,8.223066085447988e-18,-0.0019531250000000082
11,1,2,1,512,187,-0.009765625,8.223066085447988e-18,-0.009765625000000009
11,1,2,1,512,188,-0.017578125,8.223066085447988e-18,-0.017578125000000007
11,1,2,1,512,189,-0.009765625,8.223066085447988e-18,-0.009765625000000009
11,1,2,1,512,190,0.037109375,8.223066085447988e-18,0.03710937499999999
11,1,2,1,512,191,0.048828125,8.223066085447988e-18,0.04882812499999999
11,1,2,1,512,192,-0.046875,8.223066085447988e-18,-0.04687500000000001
11,1,2,1,512,193,0.017578125,8.223066085447988e-18,0.017578124999999993
11,1,2,1,512,194,-0.048828125,8.223066085447988e-18,-0.04882812500000001
11,1,2,1,512,195,0.0234375,8.223066085447988e-18,0.023437499999999993
11,1,2,1,512,196,0.00390625,8.223066085447988e-18,0.0039062499999999918
11,1,2,1,512,197,-0.0234375,8.223066085447988e-18,-0.023437500000000007
11,1,2,1,512,198,0.001953125,8.223066085447988e-18,0.0019531249999999918
11,1,2,1,512,199,-0.017578125,8.223066085447988e-18,-0.017578125000000007
11,1,2,1,1024,0,0.0244140625,8.223066085447988e-18,0.024414062499999993
11,1,2,1,1024,1,-0.00390625,8.223066085447988e-18,-0.003906250000000008
11,1,2,1,1024,2,-0.0341796875,8.223066085447988e-18,-0.03417968750000001
11,1,2,1,1024,3,-0.013671875,8.223066085447988e-18,-0.013671875000000009
11,1,2,1,1024,4,0.0048828125,8.223066085447988e-18,0.004882812499999992
11,1,2,1,1024,5,0.025390625,8.223066085447988e-18,0.025390624999999993
11,1,2,1,1024,6,-0.025390625,8.223066085447988e-18,-0.025390625000000007
11,1,2,1,1024,7,-0.02734375,8.223066085447988e-18,-0.027343750000000007
11,1,2,1,1024,8,0.0009765625,8.223066085447988e-18,0.0009765624999999918
11,1,2,1,1024,9,0.00390625,8.223066085447988e-18,0.0039062499999999918
11,1,2,1,1024,10,-0.0009765625,8.223066085447988e-18,-0.0009765625000000082
11,1,2,1,1024,11,0.0048828125,8.223066085447988e-18,0.004882812499999992
11,1,2,1,1024,12,-0.0107421875,8.223066085447988e-18,-0.010742187500000009
11,1,2,1,1024,13,-0.052734375,8.223066085447988e-18,-0.05273437500000001
11,1,2,1,1024,14,-0.00390625,8.223066085447988e-18,-0.003906250000000008
11,1,2,1,1024,15,-0.0185546875,8.223066085447988e-18,-0.018554687500000007
11,1,2,1,1024,16,0.017578125,8.223066085447988e-18,0.017578124999999993
11,1,2,1,1024,17,-0.033203125,8.223066085447988e-18,-0.03320312500000001
11,1,2,1,1024,18,-0.0390625,8.223066085447988e-18,-0.03906250000000001
11,1,2,1,1024,19,-0.0390625,8.223066085447988e-18,-0.03906250000000001
11,1,2,1,1024,20,-0.0146484375,8.223066085447988e-18,-0.014648437500000009
11,1,2,1,1024,21,0.00390625,8.223066085447988e-18,0.0039062499999999918
11,1,2,1,1024,22,-0.0205078125,8.223066085447988e-18,-0.020507812500000007
11,1,2,1,1024,23,0.005859375,8.223066085447988e-18,0.005859374999999992
11,1,2,1,1024,24,-0.0224609375,8.223066085447988e-18,-0.022460937500000007
11,1,2,1,1024,25,-0.0263671875,8.223066085447988e-18,-0.026367187500000007
11,1,2,1,1024,26,-0.009765625,8.223066085447988e-18,-0.009765625000000009
11,1,2,1,1024,27,0.013671875,8.223066085447988e-18,0.013671874999999991
11,1,2,1,1024,28,-0.0224609375,8.223066085447988e-18,-0.022460937500000007
11,1,2,1,1024,29,0.005859375,8.223066085447988e-18,0.005859374999999992
11,1,2,1,1024,30,0.0,8.223066085447988e-18,-8.223066085447988e-18
11,1,2,1,1024,31,-0.01171875,8.223066085447988e-18,-0.011718750000000009
11,1,2,1,1024,32,-0.015625,8.223066085447988e-18,-0.015625000000000007
11,1,2,1,1024,33,-0.0107421875,8.223066085447988e-18,-0.010742187500000009
11,1,2,1,1024,34,0.025390625,8.223066085447988e-18,0.025390624999999993
11,1,2,1,1024,35,-0.0380859375,8.223066085447988e-18,-0.03808593750000001
11,1,2,1,1024,36,0.060546875,8.223066085447988e-18,0.06054687499999999
11,1,2,1,1024,37,-0.00390625,8.223066085447988e-18,-0.003906250000000008
11,1,2,1,1024,38,0.00390625,8.223066085447988e-18,0.0039062499999999918
11,1,2,1,1024,39,-0.02734375,8.223066085447988e-18,-0.027343750000000007
11,1,2,1,1024,40,0.0009765625,8.223066085447988e-18,0.0009765624999999918
11,1,2,1,1024,41,0.046875,8.223066085447988e-18,0.04687499999999999
11,1,2,1,1024,42,-0.0166015625,8.223066085447988e-18,-0.016601562500000007
11,1,2,1,1024,43,0.00390625,8.223066085447988e-18,0.0039062499999999918
11,1,2,1,1024,44,-0.0322265625,8.223066085447988e-18,-0.03222656250000001
11,1,2,1,1024,45,0.033203125,8.223066085447988e-18,0.03320312499999999
11,1,2,1,1024,46,0.00390625,8.223066085447988e-18,0.0039062499999999918
11,1,2,1,1024,47,0.0224609375,8.223066085447988e-18,0.022460937499999993
11,1,2,1,1024,48,-0.0048828125,8.223066085447988e-18,-0.004882812500000008
11,1,2,1,1024,49,-0.0263671875,8.223066085447988e-18,-0.026367187500000007
11,1,2,1,1024,50,0.025390625,8.223066085447988e-18,0.025390624999999993
11,1,2,1,1024,51,-0.021484375,8.223066085447988e-18,-0.021484375000000007
11,1,2,1,1024,52,-0.00390625,8.223066085447988e-18,-0.003906250000000008
11,1,2,1,1024,53,-0.03515625,8.223066085447988e-18,-0.03515625000000001
11,1,2,1,1024,54,-0.01171875,8.223066085447988e-18,-0.011718750000000009
11,1,2,1,1024,55,0.0146484375,8.223066085447988e-18,0.014648437499999991
11,1,2,1,1024,56,0.0185546875,8.223066085447988e-18,0.018554687499999993
11,1,2,1,1024,57,-0.0068359375,8.223066085447988e-18,-0.006835937500000008
11,1,2,1,1024,58,-0.0361328125,8.223066085447988e-18,-0.03613281250000001
11,1,2,1,1024,59,0.02734375,8.223066085447988e-18,0.027343749999999993
11,1,2,1,1024,60,0.001953125,8.223066085447988e-18,0.0019531249999999918
11,1,2,1,1024,61,-0.0263671875,8.223066085447988e-18,-0.026367187500000007
11,1,2,1,1024,62,-0.0205078125,8.223066085447988e-18,-0.020507812500000007
11,1,2,1,1024,63,0.0322265625,8.223066085447988e-18,0.03222656249999999
11,1,2,1,1024,64,0.0302734375,8.223066085447988e-18,0.030273437499999993
11,1,2,1,1024,65,-0.0283203125,8.223066085447988e-18,-0.028320312500000007
11,1,2,1,1024,66,0.0126953125,8.223066085447988e-18,0.012695312499999991
11,1,2,1,1024,67,0.02734375,8.223066085447988e-18,0.027343749999999993
11,1,2,1,1024,68,-0.0107421875,8.223066085447988e-18,-0.010742187500000009
11,1,2,1,1024,69,-0.009765625,8.223066085447988e-18,-0.009765625000000009
11,1,2,1,1024,70,-0.0068359375,8.223066085447988e-18,-0.006835937500000008
11,1,2,1,1024,71,0.0244140625,8.223066085447988e-18,0.024414062499999993
11,1,2,1,1024,72,0.013671875,8.223066085447988e-18,0.013671874999999991
11,1,2,1,1024,73,0.01171875,8.223066085447988e-18,0.011718749999999991
11,1,2,1,1024,74,0.025390625,8.223066085447988e-18,0.025390624999999993
11,1,2,1,1024,75,0.0244140625,8.223066085447988e-18,0.024414062499999993
11,1,2,1,1024,76,0.0029296875,8.223066085447988e-18,0.0029296874999999918
11,1,2,1,1024,77,-0.013671875,8.223066085447988e-18,-0.013671875000000009
11,1,2,1,1024,78,-0.0263671875,8.223066085447988e-18,-0.026367187500000007
11,1,2,1,1024,79,0.00390625,8.223066085447988e-18,0.0039062499999999918
11,1,2,1,1024,80,-0.0048828125,8.223066085447988e-18,-0.004882812500000008
11,1,2,1,1024,81,-0.0029296875,8.223066085447988e-18,-0.0029296875000000082
11,1,2,1,1024,82,0.03515625,8.223066085447988e-18,0.03515624999999999
11,1,2,1,1024,83,-0.0341796875,8.223066085447988e-18,-0.03417968750000001
11,1,2,1,1024,84,0.033203125,8.223066085447988e-18,0.03320312499999999
11,1,2,1,1024,85,0.0029296875,8.223066085447988e-18,0.0029296874999999918
11,1,2,1,1024,86,-0.015625,8.223066085447988e-18,-0.015625000000000007
11,1,2,1,1024,87,-0.048828125,8.223066085447988e-18,-0.04882812500000001
11,1,2,1,1024,88,0.0146484375,8.223066085447988e-18,0.014648437499999991
11,1,2,1,1024,89,0.017578125,8.223066085447988e-18,0.017578124999999993
11,1,2,1,1024,90,-0.02734375,8.223066085447988e-18,-0.027343750000000007
11,1,2,1,1024,91,-0.0224609375,8.223066085447988e-18,-0.022460937500000007
11,1,2,1,1024,92,-0.0283203125,8.223066085447988e-18,-0.028320312500000007
11,1,2,1,1024,93,0.0078125,8.223066085447988e-18,0.007812499999999992
11,1,2,1,1024,94,-0.0068359375,8.223066085447988e-18,-0.006835937500000008
11,1,2,1,1024,95,-0.033203125,8.223066085447988e-18,-0.03320312500000001
11,1,2,1,1024,96,0.015625,8.223066085447988e-18,0.015624999999999991
11,1,2,1,1024,97,0.0078125,8.223066085447988e-18,0.007812499999999992
11,1,2,1,1024,98,-0.0078125,8.223066085447988e-18,-0.007812500000000009
11,1,2,1,1024,99,-0.0126953125,8.223066085447988e-18,-0.012695312500000009
11,1,2,1,1024,100,-0.0048828125,8.223066085447988e-18,-0.004882812500000008
11,1,2,1,1024,101,0.009765625,8.223066085447988e-18,0.009765624999999991
11,1,2,1,1024,102,-0.0546875,8.223066085447988e-18,-0.05468750000000001
11,1,2,1,1024,103,0.0224609375,8.223066085447988e-18,0.022460937499999993
11,1,2,1,1024,104,-0.013671875,8.223066085447988e-18,-0.013671875000000009
11,1,2,1,1024,105,0.00390625,8.223066085447988e-18,0.0039062499999999918
11,1,2,1,1024,106,-0.017578125,8.223066085447988e-18,-0.017578125000000007
11,1,2,1,1024,107,0.0673828125,8.223066085447988e-18,0.06738281249999999
11,1,2,1,1024,108,0.00390625,8.223066085447988e-18,0.0039062499999999918
11,1,2,1,1024,109,-0.01171875,8.223066085447988e-18,-0.011718750000000009
11,1,2,1,1024,110,-0.009765625,8.223066085447988e-18,-0.009765625000000009
11,1,2,1,1024,111,-0.00390625,8.223066085447988e-18,-0.003906250000000008
11,1,2,1,1024,112,0.009765625,8.223066085447988e-18,0.009765624999999991
11,1,2,1,1024,113,0.00390625,8.223066085447988e-18,0.0039062499999999918
11,1,2,1,1024,114,0.0263671875,8.223066085447988e-18,0.026367187499999993
11,1,2,1,1024,115,0.0302734375,8.223066085447988e-18,0.030273437499999993
11,1,2,1,1024,116,-0.0078125,8.223066085447988e-18,-0.007812500000000009
11,1,2,1,1024,117,0.0087890625,8.223066085447988e-18,0.008789062499999991
11,1,2,1,1024,118,0.001953125,8.223066085447988e-18,0.0019531249999999918
11,1,2,1,1024,119,-0.013671875,8.223066085447988e-18,-0.013671875000000009
11,1,2,1,1024,120,-0.037109375,8.223066085447988e-18,-0.03710937500000001
11,1,2,1,1024,121,0.017578125,8.223066085447988e-18,0.017578124999999993
11,1,2,1,1024,122,0.0009765625,8.223066085447988e-18,0.0009765624999999918
11,1,2,1,1024,123,-0.0087890625,8.223066085447988e-18,-0.008789062500000009
11,1,2,1,1024,124,0.0087890625,8.223066085447988e-18,0.008789062499999991
11,1,2,1,1024,125,0.0205078125,8.223066085447988e-18,0.020507812499999993
11,1,2,1,1024,126,-0.041015625,8.223066085447988e-18,-0.04101562500000001
11,1,2,1,1024,127,0.01171875,8.223066085447988e-18,0.011718749999999991
11,1,2,1,1024,128,-0.0380859375,8.223066085447988e-18,-0.03808593750000001
11,1,2,1,1024,129,-0.0048828125,8.223066085447988e-18,-0.004882812500000008
11,1,2,1,1024,130,-0.01171875,8.223066085447988e-18,-0.011718750000000009
11,1,2,1,1024,131,0.0224609375,8.223066085447988e-18,0.022460937499999993
11,1,2,1,1024,132,-0.005859375,8.223066085447988e-18,-0.005859375000000008
11,1,2,1,1024,133,0.0048828125,8.223066085447988e-18,0.004882812499999992
11,1,2,1,1024,134,0.03515625,8.223066085447988e-18,0.03515624999999999
11,1,2,1,1024,135,-0.001953125,8.223066085447988e-18,-0.0019531250000000082
11,1,2,1,1024,136,-0.005859375,8.223066085447988e-18,-0.005859375000000008
11,1,2,1,1024,137,0.0009765625,8.223066085447988e-18,0.0009765624999999918
11,1,2,1,1024,138,0.0234375,8.223066085447988e-18,0.023437499999999993
11,1,2,1,1024,139,-0.0029296875,8.223066085447988e-18,-0.0029296875000000082
11,1,2,1,1024,140,0.01953125,8.223066085447988e-18,0.019531249999999993
11,1,2,1,1024,141,-0.0009765625,8.223066085447988e-18,-0.0009765625000000082
11,1,2,1,1024,142,0.0068359375,8.223066085447988e-18,0.006835937499999992
11,1,2,1,1024,143,0.015625,8.223066085447988e-18,0.015624999999999991
11,1,2,1,1024,144,-0.0068359375,8.223066085447988e-18,-0.006835937500000008
11,1,2,1,1024,145,-0.009765625,8.223066085447988e-18,-0.009765625000000009
11,1,2,1,1024,146,-0.0302734375,8.223066085447988e-18,-0.030273437500000007
11,1,2,1,1024,147,-0.0185546875,8.223066085447988e-18,-0.018554687500000007
11,1,2,1,1024,148,-0.0244140625,8.223066085447988e-18,-0.024414062500000007
11,1,2,1,1024,149,0.005859375,8.223066085447988e-18,0.005859374999999992
11,1,2,1,1024,150,-0.0048828125,8.223066085447988e-18,-0.004882812500000008
11,1,2,1,1024,151,-0.00390625,8.223066085447988e-18,-0.003906250000000008
11,1,2,1,1024,152,0.0126953125,8.223066085447988e-18,0.012695312499999991
11,1,2,1,1024,153,-0.0146484375,8.223066085447988e-18,-0.014648437500000009
11,1,2,1,1024,154,-0.013671875,8.223066085447988e-18,-0.013671875000000009
11,1,2,1,1024,155,0.0068359375,8.223066085447988e-18,0.006835937499999992
11,1,2,1,1024,156,0.017578125,8.223066085447988e-18,0.017578124999999993
11,1,2,1,1024,157,-0.0107421875,8.223066085447988e-18,-0.010742187500000009
11,1,2,1,1024,158,-0.0048828125,8.223066085447988e-18,-0.004882812500000008
11,1,2,1,1024,159,-0.0234375,8.223066085447988e-18,-0.023437500000000007
11,1,2,1,1024,160,-0.0146484375,8.223066085447988e-18,-0.014648437500000009
11,1,2,1,1024,161,-0.0205078125,8.223066085447988e-18,-0.020507812500000007
11,1,2,1,1024,162,-0.0009765625,8.223066085447988e-18,-0.0009765625000000082
11,1,2,1,1024,163,0.0,8.223066085447988e-18,-8.223066085447988e-18
11,1,2,1,1024,164,-0.021484375,8.223066085447988e-18,-0.021484375000000007
11,1,2,1,1024,165,0.009765625,8.223066085447988e-18,0.009765624999999991
11,1,2,1,1024,166,-0.0107421875,8.223066085447988e-18,-0.010742187500000009
11,1,2,1,1024,167,-0.0595703125,8.223066085447988e-18,-0.05957031250000001
11,1,2,1,1024,168,0.01171875,8.223066085447988e-18,0.011718749999999991
11,1,2,1,1024,169,-0.017578125,8.223066085447988e-18,-0.017578125000000007
11,1,2,1,1024,170,-0.0205078125,8.223066085447988e-18,-0.020507812500000007
11,1,2,1,1024,171,-0.0048828125,8.223066085447988e-18,-0.004882812500000008
11,1,2,1,1024,172,-0.0537109375,8.223066085447988e-18,-0.05371093750000001
11,1,2,1,1024,173,-0.0146484375,8.223066085447988e-18,-0.014648437500000009
11,1,2,1,1024,174,0.0205078125,8.223066085447988e-18,0.020507812499999993
11,1,2,1,1024,175,-0.0224609375,8.223066085447988e-18,-0.022460937500000007
11,1,2,1,1024,176,-0.0126953125,8.223066085447988e-18,-0.012695312500000009
11,1,2,1,1024,177,0.00390625,8.223066085447988e-18,0.0039062499999999918
11,1,2,1,1024,178,0.033203125,8.223066085447988e-18,0.03320312499999999
11,1,2,1,1024,179,0.0087890625,8.223066085447988e-18,0.008789062499999991
11,1,2,1,1024,180,0.0400390625,8.223066085447988e-18,0.04003906249999999
11,1,2,1,1024,181,0.03515625,8.223066085447988e-18,0.03515624999999999
11,1,2,1,1024,182,0.013671875,8.223066085447988e-18,0.013671874999999991
11,1,2,1,1024,183,-0.009765625,8.223066085447988e-18,-0.009765625000000009
11,1,2,1,1024,184,0.017578125,8.223066085447988e-18,0.017578124999999993
11,1,2,1,1024,185,-0.03515625,8.223066085447988e-18,-0.03515625000000001
11,1,2,1,1024,186,0.0302734375,8.223066085447988e-18,0.030273437499999993
11,1,2,1,1024,187,0.025390625,8.223066085447988e-18,0.025390624999999993
11,1,2,1,1024,188,-0.0205078125,8.223066085447988e-18,-0.020507812500000007
11,1,2,1,1024,189,0.0185546875,8.223066085447988e-18,0.018554687499999993
11,1,2,1,1024,190,0.0185546875,8.223066085447988e-18,0.018554687499999993
11,1,2,1,1024,191,0.0478515625,8.223066085447988e-18,0.04785156249999999
11,1,2,1,1024,192,-0.021484375,8.223066085447988e-18,-0.021484375000000007
11,1,2,1,1024,193,0.017578125,8.223066085447988e-18,0.017578124999999993
11,1,2,1,1024,194,0.0185546875,8.223066085447988e-18,0.018554687499999993
11,1,2,1,1024,195,-0.0107421875,8.223066085447988e-18,-0.010742187500000009
11,1,2,1,1024,196,0.021484375,8.223066085447988e-18,0.021484374999999993
11,1,2,1,1024,197,-0.0078125,8.223066085447988e-18,-0.007812500000000009
11,1,2,1,1024,198,-0.0068359375,8.223066085447988e-18,-0.006835937500000008
11,1,2,1,1024,199,-0.013671875,8.223066085447988e-18,-0.013671875000000009
11,1,2,1,2048,0,0.0078125,8.223066085447988e-18,0.007812499999999992
11,1,2,1,2048,1,-0.00244140625,8.223066085447988e-18,-0.0024414062500000082
11,1,2,1,2048,2,0.03125,8.223066085447988e-18,0.031249999999999993
11,1,2,1,2048,3,-0.00537109375,8.223066085447988e-18,-0.005371093750000008
11,1,2,1,2048,4,-0.00927734375,8.223066085447988e-18,-0.009277343750000009
11,1,2,1,2048,5,-0.0078125,8.223066085447988e-18,-0.007812500000000009
11,1,2,1,2048,6,-0.00537109375,8.223066085447988e-18,-0.005371093750000008
11,1,2,1,2048,7,-0.01513671875,8.223066085447988e-18,-0.015136718750000009
11,1,2,1,2048,8,0.017578125,8.223066085447988e-18,0.017578124999999993
11,1,2,1,2048,9,0.0087890625,8.223066085447988e-18,0.008789062499999991
11,1,2,1,2048,10,0.00390625,8.223066085447988e-18,0.0039062499999999918
11,1,2,1,2048,11,-0.001953125,8.223066085447988e-18,-0.0019531250000000082
11,1,2,1,2048,12,-0.0087890625,8.223066085447988e-18,-0.008789062500000009
11,1,2,1,2048,13,0.02294921875,8.223066085447988e-18,0.022949218749999993
11,1,2,1,2048,14,-0.00048828125,8.223066085447988e-18,-0.0004882812500000082
11,1,2,1,2048,15,0.00048828125,8.223066085447988e-18,0.00048828124999999176
11,1,2,1,2048,16,0.0283203125,8.223066085447988e-18,0.028320312499999993
11,1,2,1,2048,17,0.01123046875,8.223066085447988e-18,0.011230468749999991
11,1,2,1,2048,18,-0.00244140625,8.223066085447988e-18,-0.0024414062500000082
11,1,2,1,2048,19,-0.00146484375,8.223066085447988e-18,-0.0014648437500000082
11,1,2,1,2048,20,0.0302734375,8.223066085447988e-18,0.030273437499999993
11,1,2,1,2048,21,-0.02587890625,8.223066085447988e-18,-0.025878906250000007
11,1,2,1,2048,22,0.01416015625,8.223066085447988e-18,0.014160156249999991
11,1,2,1,2048,23,0.01416015625,8.223066085447988e-18,0.014160156249999991
11,1,2,1,2048,24,-0.0087890625,8.223066085447988e-18,-0.008789062500000009
11,1,2,1,2048,25,0.0048828125,8.223066085447988e-18,0.004882812499999992
11,1,2,1,2048,26,-0.01025390625,8.223066085447988e-18,-0.010253906250000009
11,1,2,1,2048,27,0.03125,8.223066085447988e-18,0.031249999999999993
11,1,2,1,2048,28,-0.00927734375,8.223066085447988e-18,-0.009277343750000009
11,1,2,1,2048,29,0.01025390625,8.223066085447988e-18,0.010253906249999991
11,1,2,1,2048,30,-0.02978515625,8.223066085447988e-18,-0.029785156250000007
11,1,2,1,2048,31,-0.01123046875,8.223066085447988e-18,-0.011230468750000009
11,1,2,1,2048,32,-0.017578125,8.223066085447988e-18,-0.017578125000000007
11,1,2,1,2048,33,-0.0029296875,8.223066085447988e-18,-0.0029296875000000082
11,1,2,1,2048,34,0.00634765625,8.223066085447988e-18,0.006347656249999992
11,1,2,1,2048,35,-0.01513671875,8.223066085447988e-18,-0.015136718750000009
11,1,2,1,2048,36,-0.00830078125,8.223066085447988e-18,-0.008300781250000009
11,1,2,1,2048,37,0.01025390625,8.223066085447988e-18,0.010253906249999991
11,1,2,1,2048,38,0.00439453125,8.223066085447988e-18,0.004394531249999992
11,1,2,1,2048,39,-0.01513671875,8.223066085447988e-18,-0.015136718750000009
11,1,2,1,2048,40,-0.0048828125,8.223066085447988e-18,-0.004882812500000008
11,1,2,1,2048,41,-0.04296875,8.223066085447988e-18,-0.04296875000000001
11,1,2,1,2048,42,-0.021484375,8.223066085447988e-18,-0.021484375000000007
11,1,2,1,2048,43,0.0341796875,8.223066085447988e-18,0.03417968749999999
11,1,2,1,2048,44,-0.03369140625,8.223066085447988e-18,-0.03369140625000001
11,1,2,1,2048,45,0.00146484375,8.223066085447988e-18,0.0014648437499999918
11,1,2,1,2048,46,0.00390625,8.223066085447988e-18,0.0039062499999999918
11,1,2,1,2048,47,-0.00146484375,8.223066085447988e-18,-0.0014648437500000082
11,1,2,1,2048,48,-0.03955078125,8.223066085447988e-18,-0.03955078125000001
11,1,2,1,2048,49,0.01171875,8.223066085447988e-18,0.011718749999999991
11,1,2,1,2048,50,0.0185546875,8.223066085447988e-18,0.018554687499999993
11,1,2,1,2048,51,-0.00146484375,8.223066085447988e-18,-0.0014648437500000082
11,1,2,1,2048,52,-0.01123046875,8.223066085447988e-18,-0.011230468750000009
11,1,2,1,2048,53,-0.00439453125,8.223066085447988e-18,-0.004394531250000008
11,1,2,1,2048,54,0.02001953125,8.223066085447988e-18,0.020019531249999993
11,1,2,1,2048,55,0.01318359375,8.223066085447988e-18,0.013183593749999991
11,1,2,1,2048,56,0.00439453125,8.223066085447988e-18,0.004394531249999992
11,1,2,1,2048,57,-0.00634765625,8.223066085447988e-18,-0.006347656250000008
11,1,2,1,2048,58,-0.00732421875,8.223066085447988e-18,-0.007324218750000008
11,1,2,1,2048,59,-0.04150390625,8.223066085447988e-18,-0.04150390625000001
11,1,2,1,2048,60,-0.009765625,8.223066085447988e-18,-0.009765625000000009
11,1,2,1,2048,61,-0.00439453125,8.223066085447988e-18,-0.004394531250000008
11,1,2,1,2048,62,0.00927734375,8.223066085447988e-18,0.009277343749999991
11,1,2,1,2048,63,0.00634765625,8.223066085447988e-18,0.006347656249999992
11,1,2,1,2048,64,0.02197265625,8.223066085447988e-18,0.021972656249999993
11,1,2,1,2048,65,0.013671875,8.223066085447988e-18,0.013671874999999991
11,1,2,1,2048,66,-0.00732421875,8.223066085447988e-18,-0.007324218750000008
11,1,2,1,2048,67,-0.0302734375,8.223066085447988e-18,-0.030273437500000007
11,1,2,1,2048,68,0.0029296875,8.223066085447988e-18,0.0029296874999999918
11,1,2,1,2048,69,0.01025390625,8.223066085447988e-18,0.010253906249999991
11,1,2,1,2048,70,-0.01904296875,8.223066085447988e-18,-0.019042968750000007
11,1,2,1,2048,71,0.0068359375,8.223066085447988e-18,0.006835937499999992
11,1,2,1,2048,72,0.0068359375,8.223066085447988e-18,0.006835937499999992
11,1,2,1,2048,73,-0.03515625,8.223066085447988e-18,-0.03515625000000001
11,1,2,1,2048,74,-0.009765625,8.223066085447988e-18,-0.009765625000000009
11,1,2,1,2048,75,0.02734375,8.223066085447988e-18,0.027343749999999993
11,1,2,1,2048,76,-0.00146484375,8.223066085447988e-18,-0.0014648437500000082
11,1,2,1,2048,77,-0.00439453125,8.223066085447988e-18,-0.004394531250000008
11,1,2,1,2048,78,-0.0048828125,8.223066085447988e-18,-0.004882812500000008
11,1,2,1,2048,79,-0.001953125,8.223066085447988e-18,-0.0019531250000000082
11,1,2,1,2048,80,0.02294921875,8.223066085447988e-18,0.022949218749999993
11,1,2,1,2048,81,0.01806640625,8.223066085447988e-18,0.018066406249999993
11,1,2,1,2048,82,-0.0048828125,8.223066085447988e-18,-0.004882812500000008
11,1,2,1,2048,83,0.029296875,8.223066085447988e-18,0.029296874999999993
11,1,2,1,2048,84,0.00634765625,8.223066085447988e-18,0.006347656249999992
11,1,2,1,2048,85,-0.0146484375,8.223066085447988e-18,-0.014648437500000009
11,1,2,1,2048,86,-0.00390625,8.223066085447988e-18,-0.003906250000000008
11,1,2,1,2048,87,0.00048828125,8.223066085447988e-18,0.00048828124999999176
11,1,2,1,2048,88,0.0068359375,8.223066085447988e-18,0.006835937499999992
11,1,2,1,2048,89,-0.0068359375,8.223066085447988e-18,-0.006835937500000008
11,1,2,1,2048,90,0.00390625,8.223066085447988e-18,0.0039062499999999918
11,1,2,1,2048,91,-0.044921875,8.223066085447988e-18,-0.04492187500000001
11,1,2,1,2048,92,-0.0166015625,8.223066085447988e-18,-0.016601562500000007
11,1,2,1,2048,93,-0.013671875,8.223066085447988e-18,-0.013671875000000009
11,1,2,1,2048,94,-0.0107421875,8.223066085447988e-18,-0.010742187500000009
11,1,2,1,2048,95,-0.0068359375,8.223066085447988e-18,-0.006835937500000008
11,1,2,1,2048,96,0.0087890625,8.223066085447988e-18,0.008789062499999991
11,1,2,1,2048,97,0.01123046875,8.223066085447988e-18,0.011230468749999991
11,1,2,1,2048,98,-0.0244140625,8.223066085447988e-18,-0.024414062500000007
11,1,2,1,2048,99,-0.01171875,8.223066085447988e-18,-0.011718750000000009
11,1,2,1,2048,100,-0.00732421875,8.223066085447988e-18,-0.007324218750000008
11,1,2,1,2048,101,0.01220703125,8.223066085447988e-18,0.012207031249999991
11,1,2,1,2048,102,-0.01904296875,8.223066085447988e-18,-0.019042968750000007
11,1,2,1,2048,103,-0.01904296875,8.223066085447988e-18,-0.019042968750000007
11,1,2,1,2048,104,-0.009765625,8.223066085447988e-18,-0.009765625000000009
11,1,2,1,2048,105,-0.00830078125,8.223066085447988e-18,-0.008300781250000009
11,1,2,1,2048,106,-0.0029296875,8.223066085447988e-18,-0.0029296875000000082
11,1,2,1,2048,107,-0.005859375,8.223066085447988e-18,-0.005859375000000008
11,1,2,1,2048,108,0.00732421875,8.223066085447988e-18,0.007324218749999992
11,1,2,1,2048,109,0.00732421875,8.223066085447988e-18,0.007324218749999992
11,1,2,1,2048,110,-0.00146484375,8.223066085447988e-18,-0.0014648437500000082
11,1,2,1,2048,111,-0.00341796875,8.223066085447988e-18,-0.0034179687500000082
11,1,2,1,2048,112,0.005859375,8.223066085447988e-18,0.005859374999999992
11,1,2,1,2048,113,-0.0029296875,8.223066085447988e-18,-0.0029296875000000082
11,1,2,1,2048,114,0.03759765625,8.223066085447988e-18,0.03759765624999999
11,1,2,1,2048,115,0.009765625,8.223066085447988e-18,0.009765624999999991
11,1,2,1,2048,116,-0.013671875,8.223066085447988e-18,-0.013671875000000009
11,1,2,1,2048,117,-0.03173828125,8.223066085447988e-18,-0.03173828125000001
11,1,2,1,2048,118,-0.00634765625,8.223066085447988e-18,-0.006347656250000008
11,1,2,1,2048,119,0.005859375,8.223066085447988e-18,0.005859374999999992
11,1,2,1,2048,120,0.0341796875,8.223066085447988e-18,0.03417968749999999
11,1,2,1,2048,121,-0.0146484375,8.223066085447988e-18,-0.014648437500000009
11,1,2,1,2048,122,-0.021484375,8.223066085447988e-18,-0.021484375000000007
11,1,2,1,2048,123,0.00634765625,8.223066085447988e-18,0.006347656249999992
11,1,2,1,2048,124,0.0048828125,8.223066085447988e-18,0.004882812499999992
11,1,2,1,2048,125,0.0185546875,8.223066085447988e-18,0.018554687499999993
11,1,2,1,2048,126,-0.013671875,8.223066085447988e-18,-0.013671875000000009
11,1,2,1,2048,127,0.01904296875,8.223066085447988e-18,0.019042968749999993
11,1,2,1,2048,128,0.00439453125,8.223066085447988e-18,0.004394531249999992
11,1,2,1,2048,129,-0.015625,8.223066085447988e-18,-0.015625000000000007
11,1,2,1,2048,130,-0.01171875,8.223066085447988e-18,-0.011718750000000009
11,1,2,1,2048,131,0.0087890625,8.223066085447988e-18,0.008789062499999991
11,1,2,1,2048,132,0.0009765625,8.223066085447988e-18,0.0009765624999999918
11,1,2,1,2048,133,-0.01611328125,8.223066085447988e-18,-0.016113281250000007
11,1,2,1,2048,134,-0.013671875,8.223066085447988e-18,-0.013671875000000009
11,1,2,1,2048,135,0.0068359375,8.223066085447988e-18,0.006835937499999992
11,1,2,1,2048,136,-0.02099609375,8.223066085447988e-18,-0.020996093750000007
11,1,2,1,2048,137,-0.00390625,8.223066085447988e-18,-0.003906250000000008
11,1,2,1,2048,138,-0.0126953125,8.223066085447988e-18,-0.012695312500000009
11,1,2,1,2048,139,0.0048828125,8.223066085447988e-18,0.004882812499999992
11,1,2,1,2048,140,0.0,8.223066085447988e-18,-8.223066085447988e-18
11,1,2,1,2048,141,0.01708984375,8.223066085447988e-18,0.017089843749999993
11,1,2,1,2048,142,-0.00634765625,8.223066085447988e-18,-0.006347656250000008
11,1,2,1,2048,143,0.00341796875,8.223066085447988e-18,0.0034179687499999918
11,1,2,1,2048,144,-0.009765625,8.223066085447988e-18,-0.009765625000000009
11,1,2,1,2048,145,-0.02392578125,8.223066085447988e-18,-0.023925781250000007
11,1,2,1,2048,146,-0.015625,8.223066085447988e-18,-0.015625000000000007
11,1,2,1,2048,147,0.01708984375,8.223066085447988e-18,0.017089843749999993
11,1,2,1,2048,148,0.005859375,8.223066085447988e-18,0.005859374999999992
11,1,2,1,2048,149,0.0009765625,8.223066085447988e-18,0.0009765624999999918
11,1,2,1,2048,150,0.01220703125,8.223066085447988e-18,0.012207031249999991
11,1,2,1,2048,151,-0.0029296875,8.223066085447988e-18,-0.0029296875000000082
11,1,2,1,2048,152,0.02099609375,8.223066085447988e-18,0.020996093749999993
11,1,2,1,2048,153,-0.02392578125,8.223066085447988e-18,-0.023925781250000007
11,1,2,1,2048,154,0.03857421875,8.223066085447988e-18,0.03857421874999999
11,1,2,1,2048,155,-0.00390625,8.223066085447988e-18,-0.003906250000000008
11,1,2,1,2048,156,0.021484375,8.223066085447988e-18,0.021484374999999993
11,1,2,1,2048,157,0.013671875,8.223066085447988e-18,0.013671874999999991
11,1,2,1,2048,158,0.0439453125,8.223066085447988e-18,0.04394531249999999
11,1,2,1,2048,159,0.0400390625,8.223066085447988e-18,0.04003906249999999
11,1,2,1,2048,160,-0.025390625,8.223066085447988e-18,-0.025390625000000007
11,1,2,1,2048,161,0.00146484375,8.223066085447988e-18,0.0014648437499999918
11,1,2,1,2048,162,0.0146484375,8.223066085447988e-18,0.014648437499999991
11,1,2,1,2048,163,-0.0029296875,8.223066085447988e-18,-0.0029296875000000082
11,1,2,1,2048,164,-0.00634765625,8.223066085447988e-18,-0.006347656250000008
11,1,2,1,2048,165,-0.01611328125,8.223066085447988e-18,-0.016113281250000007
11,1,2,1,2048,166,0.037109375,8.223066085447988e-18,0.03710937499999999
11,1,2,1,2048,167,0.001953125,8.223066085447988e-18,0.0019531249999999918
11,1,2,1,2048,168,-0.01171875,8.223066085447988e-18,-0.011718750000000009
11,1,2,1,2048,169,0.0087890625,8.223066085447988e-18,0.008789062499999991
11,1,2,1,2048,170,0.00048828125,8.223066085447988e-18,0.00048828124999999176
11,1,2,1,2048,171,-0.00341796875,8.223066085447988e-18,-0.0034179687500000082
11,1,2,1,2048,172,-0.02001953125,8.223066085447988e-18,-0.020019531250000007
11,1,2,1,2048,173,0.02197265625,8.223066085447988e-18,0.021972656249999993
11,1,2,1,2048,174,0.0244140625,8.223066085447988e-18,0.024414062499999993
11,1,2,1,2048,175,0.00537109375,8.223066085447988e-18,0.005371093749999992
11,1,2,1,2048,176,-0.00634765625,8.223066085447988e-18,-0.006347656250000008
11,1,2,1,2048,177,-0.0009765625,8.223066085447988e-18,-0.0009765625000000082
11,1,2,1,2048,178,-0.01123046875,8.223066085447988e-18,-0.011230468750000009
11,1,2,1,2048,179,0.00439453125,8.223066085447988e-18,0.004394531249999992
11,1,2,1,2048,180,-0.00830078125,8.223066085447988e-18,-0.008300781250000009
11,1,2,1,2048,181,-0.0087890625,8.223066085447988e-18,-0.008789062500000009
11,1,2,1,2048,182,-0.01123046875,8.223066085447988e-18,-0.011230468750000009
11,1,2,1,2048,183,0.0029296875,8.223066085447988e-18,0.0029296874999999918
11,1,2,1,2048,184,-0.00830078125,8.223066085447988e-18,-0.008300781250000009
11,1,2,1,2048,185,-0.0263671875,8.223066085447988e-18,-0.026367187500000007
11,1,2,1,2048,186,-0.01416015625,8.223066085447988e-18,-0.014160156250000009
11,1,2,1,2048,187,0.00146484375,8.223066085447988e-18,0.0014648437499999918
11,1,2,1,2048,188,-0.00537109375,8.223066085447988e-18,-0.005371093750000008
11,1,2,1,2048,189,0.00927734375,8.223066085447988e-18,0.009277343749999991
11,1,2,1,2048,190,0.0,8.223066085447988e-18,-8.223066085447988e-18
11,1,2,1,2048,191,0.021484375,8.223066085447988e-18,0.021484374999999993
11,1,2,1,2048,192,0.0341796875,8.223066085447988e-18,0.03417968749999999
11,1,2,1,2048,193,-0.00634765625,8.223066085447988e-18,-0.006347656250000008
11,1,2,1,2048,194,-0.0009765625,8.223066085447988e-18,-0.0009765625000000082
11,1,2,1,2048,195,0.00537109375,8.223066085447988e-18,0.005371093749999992
11,1,2,1,2048,196,0.0048828125,8.223066085447988e-18,0.004882812499999992
11,1,2,1,2048,197,0.02197265625,8.223066085447988e-18,0.021972656249999993
11,1,2,1,2048,198,0.00439453125,8.223066085447988e-18,0.004394531249999992
11,1,2,1,2048,199,0.03271484375,8.223066085447988e-18,0.03271484374999999
