k,layer,qubit,rot,shots,replicate,g_hat,g_exact,xi
2,0,1,0,64,0,-0.28125,-0.18740256624278084,-0.09384743375721916
2,0,1,0,64,1,-0.125,-0.18740256624278084,0.062402566242780844
2,0,1,0,64,2,-0.109375,-0.18740256624278084,0.07802756624278084
2,0,1,0,64,3,-0.296875,-0.18740256624278084,-0.10947243375721916
2,0,1,0,64,4,-0.140625,-0.18740256624278084,0.046777566242780844
2,0,1,0,64,5,-0.28125,-0.18740256624278084,-0.09384743375721916
2,0,1,0,64,6,-0.140625,-0.18740256624278084,0.046777566242780844
2,0,1,0,64,7,-0.3125,-0.18740256624278084,-0.12509743375721916
2,0,1,0,64,8,-0.203125,-0.18740256624278084,-0.015722433757219156
2,0,1,0,64,9,-0.109375,-0.18740256624278084,0.07802756624278084
2,0,1,0,64,10,-0.25,-0.18740256624278084,-0.06259743375721916
2,0,1,0,64,11,-0.125,-0.18740256624278084,0.062402566242780844
2,0,1,0,64,12,-0.328125,-0.18740256624278084,-0.14072243375721916
2,0,1,0,64,13,-0.265625,-0.18740256624278084,-0.07822243375721916
2,0,1,0,64,14,-0.25,-0.18740256624278084,-0.06259743375721916
2,0,1,0,64,15,-0.1875,-0.18740256624278084,-9.743375721915637e-05
2,0,1,0,64,16,-0.328125,-0.18740256624278084,-0.14072243375721916
2,0,1,0,64,17,-0.21875,-0.18740256624278084,-0.031347433757219156
2,0,1,0,64,18,-0.25,-0.18740256624278084,-0.06259743375721916
2,0,1,0,64,19,-0.171875,-0.18740256624278084,0.015527566242780844
2,0,1,0,64,20,-0.21875,-0.18740256624278084,-0.031347433757219156
2,0,1,0,64,21,-0.203125,-0.18740256624278084,-0.015722433757219156
2,0,1,0,64,22,-0.046875,-0.18740256624278084,0.14052756624278084
2,0,1,0,64,23,-0.15625,-0.18740256624278084,0.031152566242780844
2,0,1,0,64,24,-0.203125,-0.18740256624278084,-0.015722433757219156
2,0,1,0,64,25,-0.109375,-0.18740256624278084,0.07802756624278084
2,0,1,0,64,26,-0.1875,-0.18740256624278084,-9.743375721915637e-05
2,0,1,0,64,27,-0.125,-0.18740256624278084,0.062402566242780844
2,0,1,0,64,28,-0.1875,-0.18740256624278084,-9.743375721915637e-05
2,0,1,0,64,29,-0.125,-0.18740256624278084,0.062402566242780844
2,0,1,0,64,30,-0.1875,-0.18740256624278084,-9.743375721915637e-05
2,0,1,0,64,31,-0.21875,-0.18740256624278084,-0.031347433757219156
2,0,1,0,64,32,-0.28125,-0.18740256624278084,-0.09384743375721916
2,0,1,0,64,33,-0.15625,-0.18740256624278084,0.031152566242780844
2,0,1,0,64,34,-0.171875,-0.18740256624278084,0.015527566242780844
2,0,1,0,64,35,-0.1875,-0.18740256624278084,-9.743375721915637e-05
2,0,1,0,64,36,-0.015625,-0.18740256624278084,0.17177756624278084
2,0,1,0,64,37,-0.21875,-0.18740256624278084,-0.031347433757219156
2,0,1,0,64,38,-0.140625,-0.18740256624278084,0.046777566242780844
2,0,1,0,64,39,-0.03125,-0.18740256624278084,0.15615256624278084
2,0,1,0,64,40,-0.328125,-0.18740256624278084,-0.14072243375721916
2,0,1,0,64,41,-0.15625,-0.18740256624278084,0.031152566242780844
2,0,1,0,64,42,-0.34375,-0.18740256624278084,-0.15634743375721916
2,0,1,0,64,43,-0.109375,-0.18740256624278084,0.07802756624278084
2,0,1,0,64,44,-0.15625,-0.18740256624278084,0.031152566242780844
2,0,1,0,64,45,-0.09375,-0.18740256624278084,0.09365256624278084
2,0,1,0,64,46,-0.28125,-0.18740256624278084,-0.09384743375721916
2,0,1,0,64,47,-0.234375,-0.18740256624278084,-0.046972433757219156
2,0,1,0,64,48,-0.171875,-0.18740256624278084,0.015527566242780844
2,0,1,0,64,49,-0.078125,-0.18740256624278084,0.10927756624278084
2,0,1,0,64,50,-0.109375,-0.18740256624278084,0.07802756624278084
2,0,1,0,64,51,-0.15625,-0.18740256624278084,0.031152566242780844
2,0,1,0,64,52,-0.234375,-0.18740256624278084,-0.046972433757219156
2,0,1,0,64,53,-0.1875,-0.18740256624278084,-9.743375721915637e-05
2,0,1,0,64,54,-0.140625,-0.18740256624278084,0.046777566242780844
2,0,1,0,64,55,-0.1875,-0.18740256624278084,-9.743375721915637e-05
2,0,1,0,64,56,-0.140625,-0.18740256624278084,0.046777566242780844
2,0,1,0,64,57,-0.21875,-0.18740256624278084,-0.031347433757219156
2,0,1,0,64,58,-0.09375,-0.18740256624278084,0.09365256624278084
2,0,1,0,64,59,-0.15625,-0.18740256624278084,0.031152566242780844
2,0,1,0,64,60,-0.171875,-0.18740256624278084,0.015527566242780844
2,0,1,0,64,61,-0.234375,-0.18740256624278084,-0.046972433757219156
2,0,1,0,64,62,-0.109375,-0.18740256624278084,0.07802756624278084
2,0,1,0,64,63,-0.1875,-0.18740256624278084,-9.743375721915637e-05
2,0,1,0,64,64,-0.25,-0.18740256624278084,-0.06259743375721916
2,0,1,0,64,65,-0.15625,-0.18740256624278084,0.031152566242780844
2,0,1,0,64,66,-0.109375,-0.18740256624278084,0.07802756624278084
2,0,1,0,64,67,-0.203125,-0.18740256624278084,-0.015722433757219156
2,0,1,0,64,68,-0.21875,-0.18740256624278084,-0.031347433757219156
2,0,1,0,64,69,-0.3125,-0.18740256624278084,-0.12509743375721916
2,0,1,0,64,70,-0.015625,-0.18740256624278084,0.17177756624278084
2,0,1,0,64,71,-0.28125,-0.18740256624278084,-0.09384743375721916
2,0,1,0,64,72,-0.1875,-0.18740256624278084,-9.743375721915637e-05
2,0,1,0,64,73,-0.171875,-0.18740256624278084,0.015527566242780844
2,0,1,0,64,74,-0.203125,-0.18740256624278084,-0.015722433757219156
2,0,1,0,64,75,-0.34375,-0.18740256624278084,-0.15634743375721916
2,0,1,0,64,76,-0.15625,-0.18740256624278084,0.031152566242780844
2,0,1,0,64,77,-0.203125,-0.18740256624278084,-0.015722433757219156
2,0,1,0,64,78,-0.109375,-0.18740256624278084,0.07802756624278084
2,0,1,0,64,79,-0.0625,-0.18740256624278084,0.12490256624278084
2,0,1,0,64,80,-0.28125,-0.18740256624278084,-0.09384743375721916
2,0,1,0,64,81,-0.234375,-0.18740256624278084,-0.046972433757219156
2,0,1,0,64,82,-0.125,-0.18740256624278084,0.062402566242780844
2,0,1,0,64,83,-0.09375,-0.18740256624278084,0.09365256624278084
2,0,1,0,64,84,-0.375,-0.18740256624278084,-0.18759743375721916
2,0,1,0,64,85,-0.203125,-0.18740256624278084,-0.015722433757219156
2,0,1,0,64,86,-0.078125,-0.18740256624278084,0.10927756624278084
2,0,1,0,64,87,-0.203125,-0.18740256624278084,-0.015722433757219156
2,0,1,0,64,88,-0.171875,-0.18740256624278084,0.015527566242780844
2,0,1,0,64,89,-0.234375,-0.18740256624278084,-0.046972433757219156
2,0,1,0,64,90,-0.1875,-0.18740256624278084,-9.743375721915637e-05
2,0,1,0,64,91,-0.28125,-0.18740256624278084,-0.09384743375721916
2,0,1,0,64,92,-0.1875,-0.18740256624278084,-9.743375721915637e-05
2,0,1,0,64,93,-0.109375,-0.18740256624278084,0.07802756624278084
2,0,1,0,64,94,-0.109375,-0.18740256624278084,0.07802756624278084
2,0,1,0,64,95,-0.296875,-0.18740256624278084,-0.10947243375721916
2,0,1,0,64,96,-0.109375,-0.18740256624278084,0.07802756624278084
2,0,1,0,64,97,-0.234375,-0.18740256624278084,-0.046972433757219156
2,0,1,0,64,98,-0.109375,-0.18740256624278084,0.07802756624278084
2,0,1,0,64,99,-0.203125,-0.18740256624278084,-0.015722433757219156
2,0,1,0,64,100,-0.328125,-0.18740256624278084,-0.14072243375721916
2,0,1,0,64,101,-0.3125,-0.18740256624278084,-0.12509743375721916
2,0,1,0,64,102,-0.171875,-0.18740256624278084,0.015527566242780844
2,0,1,0,64,103,-0.015625,-0.18740256624278084,0.17177756624278084
2,0,1,0,64,104,0.015625,-0.18740256624278084,0.20302756624278084
2,0,1,0,64,105,-0.109375,-0.18740256624278084,0.07802756624278084
2,0,1,0,64,106,-0.25,-0.18740256624278084,-0.06259743375721916
2,0,1,0,64,107,-0.140625,-0.18740256624278084,0.046777566242780844
2,0,1,0,64,108,-0.078125,-0.18740256624278084,0.10927756624278084
2,0,1,0,64,109,-0.078125,-0.18740256624278084,0.10927756624278084
2,0,1,0,64,110,-0.15625,-0.18740256624278084,0.031152566242780844
2,0,1,0,64,111,-0.328125,-0.18740256624278084,-0.14072243375721916
2,0,1,0,64,112,-0.328125,-0.18740256624278084,-0.14072243375721916
2,0,1,0,64,113,-0.234375,-0.18740256624278084,-0.046972433757219156
2,0,1,0,64,114,-0.21875,-0.18740256624278084,-0.031347433757219156
2,0,1,0,64,115,-0.078125,-0.18740256624278084,0.10927756624278084
2,0,1,0,64,116,-0.125,-0.18740256624278084,0.062402566242780844
2,0,1,0,64,117,-0.078125,-0.18740256624278084,0.10927756624278084
2,0,1,0,64,118,-0.234375,-0.18740256624278084,-0.046972433757219156
2,0,1,0,64,119,-0.125,-0.18740256624278084,0.062402566242780844
2,0,1,0,64,120,-0.296875,-0.18740256624278084,-0.10947243375721916
2,0,1,0,64,121,-0.21875,-0.18740256624278084,-0.031347433757219156
2,0,1,0,64,122,-0.234375,-0.18740256624278084,-0.046972433757219156
2,0,1,0,64,123,-0.28125,-0.18740256624278084,-0.09384743375721916
2,0,1,0,64,124,-0.234375,-0.18740256624278084,-0.046972433757219156
2,0,1,0,64,125,-0.234375,-0.18740256624278084,-0.046972433757219156
2,0,1,0,64,126,-0.109375,-0.18740256624278084,0.07802756624278084
2,0,1,0,64,127,-0.1875,-0.18740256624278084,-9.743375721915637e-05
2,0,1,0,64,128,-0.28125,-0.18740256624278084,-0.09384743375721916
2,0,1,0,64,129,-0.203125,-0.18740256624278084,-0.015722433757219156
2,0,1,0,64,130,-0.265625,-0.18740256624278084,-0.07822243375721916
2,0,1,0,64,131,-0.21875,-0.18740256624278084,-0.031347433757219156
2,0,1,0,64,132,-0.09375,-0.18740256624278084,0.09365256624278084
2,0,1,0,64,133,-0.1875,-0.18740256624278084,-9.743375721915637e-05
2,0,1,0,64,134,-0.109375,-0.18740256624278084,0.07802756624278084
2,0,1,0,64,135,-0.0625,-0.18740256624278084,0.12490256624278084
2,0,1,0,64,136,-0.1875,-0.18740256624278084,-9.743375721915637e-05
2,0,1,0,64,137,-0.21875,-0.18740256624278084,-0.031347433757219156
2,0,1,0,64,138,-0.25,-0.18740256624278084,-0.06259743375721916
2,0,1,0,64,139,-0.265625,-0.18740256624278084,-0.07822243375721916
2,0,1,0,64,140,-0.125,-0.18740256624278084,0.062402566242780844
2,0,1,0,64,141,-0.203125,-0.18740256624278084,-0.015722433757219156
2,0,1,0,64,142,-0.234375,-0.18740256624278084,-0.046972433757219156
2,0,1,0,64,143,-0.265625,-0.18740256624278084,-0.07822243375721916
2,0,1,0,64,144,-0.15625,-0.18740256624278084,0.031152566242780844
2,0,1,0,64,145,-0.1875,-0.18740256624278084,-9.743375721915637e-05
2,0,1,0,64,146,-0.203125,-0.18740256624278084,-0.015722433757219156
2,0,1,0,64,147,-0.171875,-0.18740256624278084,0.015527566242780844
2,0,1,0,64,148,-0.125,-0.18740256624278084,0.062402566242780844
2,0,1,0,64,149,-0.140625,-0.18740256624278084,0.046777566242780844
2,0,1,0,64,150,-0.0625,-0.18740256624278084,0.12490256624278084
2,0,1,0,64,151,-0.046875,-0.18740256624278084,0.14052756624278084
2,0,1,0,64,152,-0.125,-0.18740256624278084,0.062402566242780844
2,0,1,0,64,153,-0.21875,-0.18740256624278084,-0.031347433757219156
2,0,1,0,64,154,-0.15625,-0.18740256624278084,0.031152566242780844
2,0,1,0,64,155,-0.15625,-0.18740256624278084,0.031152566242780844
2,0,1,0,64,156,-0.21875,-0.18740256624278084,-0.031347433757219156
2,0,1,0,64,157,-0.15625,-0.18740256624278084,0.031152566242780844
2,0,1,0,64,158,-0.078125,-0.18740256624278084,0.10927756624278084
2,0,1,0,64,159,-0.140625,-0.18740256624278084,0.046777566242780844
2,0,1,0,64,160,-0.140625,-0.18740256624278084,0.046777566242780844
2,0,1,0,64,161,-0.203125,-0.18740256624278084,-0.015722433757219156
2,0,1,0,64,162,-0.25,-0.18740256624278084,-0.06259743375721916
2,0,1,0,64,163,-0.25,-0.18740256624278084,-0.06259743375721916
2,0,1,0,64,164,-0.125,-0.18740256624278084,0.062402566242780844
2,0,1,0,64,165,-0.109375,-0.18740256624278084,0.07802756624278084
2,0,1,0,64,166,-0.125,-0.18740256624278084,0.062402566242780844
2,0,1,0,64,167,-0.203125,-0.18740256624278084,-0.015722433757219156
2,0,1,0,64,168,-0.234375,-0.18740256624278084,-0.046972433757219156
2,0,1,0,64,169,-0.1875,-0.18740256624278084,-9.743375721915637e-05
2,0,1,0,64,170,-0.34375,-0.18740256624278084,-0.15634743375721916
2,0,1,0,64,171,-0.25,-0.18740256624278084,-0.06259743375721916
2,0,1,0,64,172,-0.21875,-0.18740256624278084,-0.031347433757219156
2,0,1,0,64,173,-0.1875,-0.18740256624278084,-9.743375721915637e-05
2,0,1,0,64,174,-0.15625,-0.18740256624278084,0.031152566242780844
2,0,1,0,64,175,-0.015625,-0.18740256624278084,0.17177756624278084
2,0,1,0,64,176,-0.34375,-0.18740256624278084,-0.15634743375721916
2,0,1,0,64,177,-0.21875,-0.18740256624278084,-0.031347433757219156
2,0,1,0,64,178,-0.109375,-0.18740256624278084,0.07802756624278084
2,0,1,0,64,179,-0.328125,-0.18740256624278084,-0.14072243375721916
2,0,1,0,64,180,-0.1875,-0.18740256624278084,-9.743375721915637e-05
2,0,1,0,64,181,-0.265625,-0.18740256624278084,-0.07822243375721916
2,0,1,0,64,182,-0.203125,-0.18740256624278084,-0.015722433757219156
2,0,1,0,64,183,-0.21875,-0.18740256624278084,-0.031347433757219156
2,0,1,0,64,184,-0.296875,-0.18740256624278084,-0.10947243375721916
2,0,1,0,64,185,-0.34375,-0.18740256624278084,-0.15634743375721916
2,0,1,0,64,186,-0.140625,-0.18740256624278084,0.046777566242780844
2,0,1,0,64,187,-0.203125,-0.18740256624278084,-0.015722433757219156
2,0,1,0,64,188,-0.140625,-0.18740256624278084,0.046777566242780844
2,0,1,0,64,189,-0.140625,-0.18740256624278084,0.046777566242780844
2,0,1,0,64,190,-0.265625,-0.18740256624278084,-0.07822243375721916
2,0,1,0,64,191,-0.15625,-0.18740256624278084,0.031152566242780844
2,0,1,0,64,192,-0.171875,-0.18740256624278084,0.015527566242780844
2,0,1,0,64,193,-0.234375,-0.18740256624278084,-0.046972433757219156
2,0,1,0,64,194,-0.203125,-0.18740256624278084,-0.015722433757219156
2,0,1,0,64,195,-0.171875,-0.18740256624278084,0.015527566242780844
2,0,1,0,64,196,-0.328125,-0.18740256624278084,-0.14072243375721916
2,0,1,0,64,197,-0.171875,-0.18740256624278084,0.015527566242780844
2,0,1,0,64,198,-0.078125,-0.18740256624278084,0.10927756624278084
2,0,1,0,64,199,-0.171875,-0.18740256624278084,0.015527566242780844
2,0,1,0,128,0,-0.09375,-0.18740256624278084,0.09365256624278084
2,0,1,0,128,1,-0.3203125,-0.18740256624278084,-0.13290993375721916
2,0,1,0,128,2,-0.15625,-0.18740256624278084,0.031152566242780844
2,0,1,0,128,3,-0.171875,-0.18740256624278084,0.015527566242780844
2,0,1,0,128,4,-0.25,-0.18740256624278084,-0.06259743375721916
2,0,1,0,128,5,-0.2109375,-0.18740256624278084,-0.023534933757219156
2,0,1,0,128,6,-0.140625,-0.18740256624278084,0.046777566242780844
2,0,1,0,128,7,-0.15625,-0.18740256624278084,0.031152566242780844
2,0,1,0,128,8,-0.1875,-0.18740256624278084,-9.743375721915637e-05
2,0,1,0,128,9,-0.21875,-0.18740256624278084,-0.031347433757219156
2,0,1,0,128,10,-0.0703125,-0.18740256624278084,0.11709006624278084
2,0,1,0,128,11,-0.1640625,-0.18740256624278084,0.023340066242780844
2,0,1,0,128,12,-0.1796875,-0.18740256624278084,0.007715066242780844
2,0,1,0,128,13,-0.234375,-0.18740256624278084,-0.046972433757219156
2,0,1,0,128,14,-0.1640625,-0.18740256624278084,0.023340066242780844
2,0,1,0,128,15,-0.265625,-0.18740256624278084,-0.07822243375721916
2,0,1,0,128,16,-0.25,-0.18740256624278084,-0.06259743375721916
2,0,1,0,128,17,-0.078125,-0.18740256624278084,0.10927756624278084
2,0,1,0,128,18,-0.2421875,-0.18740256624278084,-0.054784933757219156
2,0,1,0,128,19,-0.078125,-0.18740256624278084,0.10927756624278084
2,0,1,0,128,20,-0.1015625,-0.18740256624278084,0.08584006624278084
2,0,1,0,128,21,-0.2109375,-0.18740256624278084,-0.023534933757219156
2,0,1,0,128,22,-0.203125,-0.18740256624278084,-0.015722433757219156
2,0,1,0,128,23,-0.1328125,-0.18740256624278084,0.054590066242780844
2,0,1,0,128,24,-0.2109375,-0.18740256624278084,-0.023534933757219156
2,0,1,0,128,25,-0.25,-0.18740256624278084,-0.06259743375721916
2,0,1,0,128,26,-0.2421875,-0.18740256624278084,-0.054784933757219156
2,0,1,0,128,27,-0.2265625,-0.18740256624278084,-0.039159933757219156
2,0,1,0,128,28,-0.2890625,-0.18740256624278084,-0.10165993375721916
2,0,1,0,128,29,-0.1875,-0.18740256624278084,-9.743375721915637e-05
2,0,1,0,128,30,-0.2265625,-0.18740256624278084,-0.039159933757219156
2,0,1,0,128,31,-0.1640625,-0.18740256624278084,0.023340066242780844
2,0,1,0,128,32,-0.2421875,-0.18740256624278084,-0.054784933757219156
2,0,1,0,128,33,-0.1171875,-0.18740256624278084,0.07021506624278084
2,0,1,0,128,34,-0.125,-0.18740256624278084,0.062402566242780844
2,0,1,0,128,35,-0.265625,-0.18740256624278084,-0.07822243375721916
2,0,1,0,128,36,-0.28125,-0.18740256624278084,-0.09384743375721916
2,0,1,0,128,37,-0.1640625,-0.18740256624278084,0.023340066242780844
2,0,1,0,128,38,-0.15625,-0.18740256624278084,0.031152566242780844
2,0,1,0,128,39,-0.3359375,-0.18740256624278084,-0.14853493375721916
2,0,1,0,128,40,-0.203125,-0.18740256624278084,-0.015722433757219156
2,0,1,0,128,41,-0.1328125,-0.18740256624278084,0.054590066242780844
2,0,1,0,128,42,-0.1484375,-0.18740256624278084,0.038965066242780844
2,0,1,0,128,43,-0.234375,-0.18740256624278084,-0.046972433757219156
2,0,1,0,128,44,-0.015625,-0.18740256624278084,0.17177756624278084
2,0,1,0,128,45,-0.2109375,-0.18740256624278084,-0.023534933757219156
2,0,1,0,128,46,-0.1953125,-0.18740256624278084,-0.007909933757219156
2,0,1,0,128,47,-0.2109375,-0.18740256624278084,-0.023534933757219156
2,0,1,0,128,48,-0.203125,-0.18740256624278084,-0.015722433757219156
2,0,1,0,128,49,-0.171875,-0.18740256624278084,0.015527566242780844
2,0,1,0,128,50,-0.21875,-0.18740256624278084,-0.031347433757219156
2,0,1,0,128,51,-0.171875,-0.18740256624278084,0.015527566242780844
2,0,1,0,128,52,-0.0859375,-0.18740256624278084,0.10146506624278084
2,0,1,0,128,53,-0.1953125,-0.18740256624278084,-0.007909933757219156
2,0,1,0,128,54,-0.234375,-0.18740256624278084,-0.046972433757219156
2,0,1,0,128,55,-0.1796875,-0.18740256624278084,0.007715066242780844
2,0,1,0,128,56,-0.171875,-0.18740256624278084,0.015527566242780844
2,0,1,0,128,57,-0.0859375,-0.18740256624278084,0.10146506624278084
2,0,1,0,128,58,-0.25,-0.18740256624278084,-0.06259743375721916
2,0,1,0,128,59,-0.265625,-0.18740256624278084,-0.07822243375721916
2,0,1,0,128,60,-0.078125,-0.18740256624278084,0.10927756624278084
2,0,1,0,128,61,-0.1875,-0.18740256624278084,-9.743375721915637e-05
2,0,1,0,128,62,-0.28125,-0.18740256624278084,-0.09384743375721916
2,0,1,0,128,63,-0.1875,-0.18740256624278084,-9.743375721915637e-05
2,0,1,0,128,64,-0.109375,-0.18740256624278084,0.07802756624278084
2,0,1,0,128,65,-0.1953125,-0.18740256624278084,-0.007909933757219156
2,0,1,0,128,66,-0.265625,-0.18740256624278084,-0.07822243375721916
2,0,1,0,128,67,-0.1796875,-0.18740256624278084,0.007715066242780844
2,0,1,0,128,68,-0.1171875,-0.18740256624278084,0.07021506624278084
2,0,1,0,128,69,-0.15625,-0.18740256624278084,0.031152566242780844
2,0,1,0,128,70,-0.265625,-0.18740256624278084,-0.07822243375721916
2,0,1,0,128,71,-0.3515625,-0.18740256624278084,-0.16415993375721916
2,0,1,0,128,72,-0.265625,-0.18740256624278084,-0.07822243375721916
2,0,1,0,128,73,-0.125,-0.18740256624278084,0.062402566242780844
2,0,1,0,128,74,-0.1484375,-0.18740256624278084,0.038965066242780844
2,0,1,0,128,75,-0.203125,-0.18740256624278084,-0.015722433757219156
2,0,1,0,128,76,-0.15625,-0.18740256624278084,0.031152566242780844
2,0,1,0,128,77,-0.21875,-0.18740256624278084,-0.031347433757219156
2,0,1,0,128,78,-0.171875,-0.18740256624278084,0.015527566242780844
2,0,1,0,128,79,-0.15625,-0.18740256624278084,0.031152566242780844
2,0,1,0,128,80,-0.1171875,-0.18740256624278084,0.07021506624278084
2,0,1,0,128,81,-0.15625,-0.18740256624278084,0.031152566242780844
2,0,1,0,128,82,-0.1640625,-0.18740256624278084,0.023340066242780844
2,0,1,0,128,83,-0.203125,-0.18740256624278084,-0.015722433757219156
2,0,1,0,128,84,-0.1484375,-0.18740256624278084,0.038965066242780844
2,0,1,0,128,85,-0.3046875,-0.18740256624278084,-0.11728493375721916
2,0,1,0,128,86,-0.1171875,-0.18740256624278084,0.07021506624278084
2,0,1,0,128,87,-0.2265625,-0.18740256624278084,-0.039159933757219156
2,0,1,0,128,88,-0.1953125,-0.18740256624278084,-0.007909933757219156
2,0,1,0,128,89,-0.1640625,-0.18740256624278084,0.023340066242780844
2,0,1,0,128,90,-0.2734375,-0.18740256624278084,-0.08603493375721916
2,0,1,0,128,91,-0.140625,-0.18740256624278084,0.046777566242780844
2,0,1,0,128,92,-0.171875,-0.18740256624278084,0.015527566242780844
2,0,1,0,128,93,-0.0703125,-0.18740256624278084,0.11709006624278084
2,0,1,0,128,94,-0.2890625,-0.18740256624278084,-0.10165993375721916
2,0,1,0,128,95,-0.234375,-0.18740256624278084,-0.046972433757219156
2,0,1,0,128,96,-0.25,-0.18740256624278084,-0.06259743375721916
2,0,1,0,128,97,-0.1484375,-0.18740256624278084,0.038965066242780844
2,0,1,0,128,98,-0.1171875,-0.18740256624278084,0.07021506624278084
2,0,1,0,128,99,-0.234375,-0.18740256624278084,-0.046972433757219156
2,0,1,0,128,100,-0.171875,-0.18740256624278084,0.015527566242780844
2,0,1,0,128,101,-0.1484375,-0.18740256624278084,0.038965066242780844
2,0,1,0,128,102,-0.171875,-0.18740256624278084,0.015527566242780844
2,0,1,0,128,103,-0.140625,-0.18740256624278084,0.046777566242780844
2,0,1,0,128,104,-0.0390625,-0.18740256624278084,0.14834006624278084
2,0,1,0,128,105,-0.25,-0.18740256624278084,-0.06259743375721916
2,0,1,0,128,106,-0.0703125,-0.18740256624278084,0.11709006624278084
2,0,1,0,128,107,-0.21875,-0.18740256624278084,-0.031347433757219156
2,0,1,0,128,108,-0.125,-0.18740256624278084,0.062402566242780844
2,0,1,0,128,109,-0.203125,-0.18740256624278084,-0.015722433757219156
2,0,1,0,128,110,-0.15625,-0.18740256624278084,0.031152566242780844
2,0,1,0,128,111,-0.2421875,-0.18740256624278084,-0.054784933757219156
2,0,1,0,128,112,-0.2109375,-0.18740256624278084,-0.023534933757219156
2,0,1,0,128,113,-0.15625,-0.18740256624278084,0.031152566242780844
2,0,1,0,128,114,-0.1328125,-0.18740256624278084,0.054590066242780844
2,0,1,0,128,115,-0.109375,-0.18740256624278084,0.07802756624278084
2,0,1,0,128,116,-0.0546875,-0.18740256624278084,0.13271506624278084
2,0,1,0,128,117,-0.15625,-0.18740256624278084,0.031152566242780844
2,0,1,0,128,118,-0.1796875,-0.18740256624278084,0.007715066242780844
2,0,1,0,128,119,-0.2421875,-0.18740256624278084,-0.054784933757219156
2,0,1,0,128,120,-0.203125,-0.18740256624278084,-0.015722433757219156
2,0,1,0,128,121,-0.09375,-0.18740256624278084,0.09365256624278084
2,0,1,0,128,122,-0.2421875,-0.18740256624278084,-0.054784933757219156
2,0,1,0,128,123,-0.3125,-0.18740256624278084,-0.12509743375721916
2,0,1,0,128,124,-0.21875,-0.18740256624278084,-0.031347433757219156
2,0,1,0,128,125,-0.1484375,-0.18740256624278084,0.038965066242780844
2,0,1,0,128,126,-0.234375,-0.18740256624278084,-0.046972433757219156
2,0,1,0,128,127,-0.2421875,-0.18740256624278084,-0.054784933757219156
2,0,1,0,128,128,-0.1640625,-0.18740256624278084,0.023340066242780844
2,0,1,0,128,129,-0.1953125,-0.18740256624278084,-0.007909933757219156
2,0,1,0,128,130,-0.234375,-0.18740256624278084,-0.046972433757219156
2,0,1,0,128,131,-0.203125,-0.18740256624278084,-0.015722433757219156
2,0,1,0,128,132,-0.2890625,-0.18740256624278084,-0.10165993375721916
2,0,1,0,128,133,-0.2109375,-0.18740256624278084,-0.023534933757219156
2,0,1,0,128,134,-0.2109375,-0.18740256624278084,-0.023534933757219156
2,0,1,0,128,135,-0.234375,-0.18740256624278084,-0.046972433757219156
2,0,1,0,128,136,-0.1640625,-0.18740256624278084,0.023340066242780844
2,0,1,0,128,137,-0.171875,-0.18740256624278084,0.015527566242780844
2,0,1,0,128,138,-0.203125,-0.18740256624278084,-0.015722433757219156
2,0,1,0,128,139,-0.15625,-0.18740256624278084,0.031152566242780844
2,0,1,0,128,140,-0.1640625,-0.18740256624278084,0.023340066242780844
2,0,1,0,128,141,-0.1484375,-0.18740256624278084,0.038965066242780844
2,0,1,0,128,142,-0.09375,-0.18740256624278084,0.09365256624278084
2,0,1,0,128,143,-0.1796875,-0.18740256624278084,0.007715066242780844
2,0,1,0,128,144,-0.2265625,-0.18740256624278084,-0.039159933757219156
2,0,1,0,128,145,-0.0859375,-0.18740256624278084,0.10146506624278084
2,0,1,0,128,146,-0.3359375,-0.18740256624278084,-0.14853493375721916
2,0,1,0,128,147,-0.2578125,-0.18740256624278084,-0.07040993375721916
2,0,1,0,128,148,-0.1796875,-0.18740256624278084,0.007715066242780844
2,0,1,0,128,149,-0.1640625,-0.18740256624278084,0.023340066242780844
2,0,1,0,128,150,-0.1796875,-0.18740256624278084,0.007715066242780844
2,0,1,0,128,151,-0.2421875,-0.18740256624278084,-0.054784933757219156
2,0,1,0,128,152,-0.203125,-0.18740256624278084,-0.015722433757219156
2,0,1,0,128,153,-0.1484375,-0.18740256624278084,0.038965066242780844
2,0,1,0,128,154,-0.1328125,-0.18740256624278084,0.054590066242780844
2,0,1,0,128,155,-0.1796875,-0.18740256624278084,0.007715066242780844
2,0,1,0,128,156,-0.0859375,-0.18740256624278084,0.10146506624278084
2,0,1,0,128,157,-0.2421875,-0.18740256624278084,-0.054784933757219156
2,0,1,0,128,158,-0.1953125,-0.18740256624278084,-0.007909933757219156
2,0,1,0,128,159,-0.21875,-0.18740256624278084,-0.031347433757219156
2,0,1,0,128,160,-0.1640625,-0.18740256624278084,0.023340066242780844
2,0,1,0,128,161,-0.1796875,-0.18740256624278084,0.007715066242780844
2,0,1,0,128,162,-0.171875,-0.18740256624278084,0.015527566242780844
2,0,1,0,128,163,-0.125,-0.18740256624278084,0.062402566242780844
2,0,1,0,128,164,-0.1953125,-0.18740256624278084,-0.007909933757219156
2,0,1,0,128,165,-0.1015625,-0.18740256624278084,0.08584006624278084
2,0,1,0,128,166,-0.3359375,-0.18740256624278084,-0.14853493375721916
2,0,1,0,128,167,-0.234375,-0.18740256624278084,-0.046972433757219156
2,0,1,0,128,168,-0.109375,-0.18740256624278084,0.07802756624278084
2,0,1,0,128,169,-0.1953125,-0.18740256624278084,-0.007909933757219156
2,0,1,0,128,170,-0.1796875,-0.18740256624278084,0.007715066242780844
2,0,1,0,128,171,-0.1953125,-0.18740256624278084,-0.007909933757219156
2,0,1,0,128,172,-0.203125,-0.18740256624278084,-0.015722433757219156
2,0,1,0,128,173,-0.21875,-0.18740256624278084,-0.031347433757219156
2,0,1,0,128,174,-0.1015625,-0.18740256624278084,0.08584006624278084
2,0,1,0,128,175,-0.09375,-0.18740256624278084,0.09365256624278084
2,0,1,0,128,176,-0.296875,-0.18740256624278084,-0.10947243375721916
2,0,1,0,128,177,-0.3203125,-0.18740256624278084,-0.13290993375721916
2,0,1,0,128,178,-0.3203125,-0.18740256624278084,-0.13290993375721916
2,0,1,0,128,179,-0.296875,-0.18740256624278084,-0.10947243375721916
2,0,1,0,128,180,-0.1953125,-0.18740256624278084,-0.007909933757219156
2,0,1,0,128,181,-0.1875,-0.18740256624278084,-9.743375721915637e-05
2,0,1,0,128,182,-0.2890625,-0.18740256624278084,-0.10165993375721916
2,0,1,0,128,183,-0.3359375,-0.18740256624278084,-0.14853493375721916
2,0,1,0,128,184,-0.234375,-0.18740256624278084,-0.046972433757219156
2,0,1,0,128,185,-0.21875,-0.18740256624278084,-0.031347433757219156
2,0,1,0,128,186,-0.1875,-0.18740256624278084,-9.743375721915637e-05
2,0,1,0,128,187,-0.171875,-0.18740256624278084,0.015527566242780844
2,0,1,0,128,188,-0.2265625,-0.18740256624278084,-0.039159933757219156
2,0,1,0,128,189,-0.1953125,-0.18740256624278084,-0.007909933757219156
2,0,1,0,128,190,-0.1953125,-0.18740256624278084,-0.007909933757219156
2,0,1,0,128,191,-0.15625,-0.18740256624278084,0.031152566242780844
2,0,1,0,128,192,-0.2265625,-0.18740256624278084,-0.039159933757219156
2,0,1,0,128,193,-0.1875,-0.18740256624278084,-9.743375721915637e-05
2,0,1,0,128,194,-0.21875,-0.18740256624278084,-0.031347433757219156
2,0,1,0,128,195,-0.109375,-0.18740256624278084,0.07802756624278084
2,0,1,0,128,196,-0.1328125,-0.18740256624278084,0.054590066242780844
2,0,1,0,128,197,-0.2109375,-0.18740256624278084,-0.023534933757219156
2,0,1,0,128,198,-0.2265625,-0.18740256624278084,-0.039159933757219156
2,0,1,0,128,199,-0.203125,-0.18740256624278084,-0.015722433757219156
2,0,1,0,256,0,-0.234375,-0.18740256624278084,-0.046972433757219156
2,0,1,0,256,1,-0.140625,-0.18740256624278084,0.046777566242780844
2,0,1,0,256,2,-0.15234375,-0.18740256624278084,0.035058816242780844
2,0,1,0,256,3,-0.22265625,-0.18740256624278084,-0.035253683757219156
2,0,1,0,256,4,-0.234375,-0.18740256624278084,-0.046972433757219156
2,0,1,0,256,5,-0.15625,-0.18740256624278084,0.031152566242780844
2,0,1,0,256,6,-0.23046875,-0.18740256624278084,-0.043066183757219156
2,0,1,0,256,7,-0.2265625,-0.18740256624278084,-0.039159933757219156
2,0,1,0,256,8,-0.078125,-0.18740256624278084,0.10927756624278084
2,0,1,0,256,9,-0.17578125,-0.18740256624278084,0.011621316242780844
2,0,1,0,256,10,-0.2109375,-0.18740256624278084,-0.023534933757219156
2,0,1,0,256,11,-0.1953125,-0.18740256624278084,-0.007909933757219156
2,0,1,0,256,12,-0.16015625,-0.18740256624278084,0.027246316242780844
2,0,1,0,256,13,-0.20703125,-0.18740256624278084,-0.019628683757219156
2,0,1,0,256,14,-0.265625,-0.18740256624278084,-0.07822243375721916
2,0,1,0,256,15,-0.25,-0.18740256624278084,-0.06259743375721916
2,0,1,0,256,16,-0.21484375,-0.18740256624278084,-0.027441183757219156
2,0,1,0,256,17,-0.17578125,-0.18740256624278084,0.011621316242780844
2,0,1,0,256,18,-0.1953125,-0.18740256624278084,-0.007909933757219156
2,0,1,0,256,19,-0.2734375,-0.18740256624278084,-0.08603493375721916
2,0,1,0,256,20,-0.23046875,-0.18740256624278084,-0.043066183757219156
2,0,1,0,256,21,-0.203125,-0.18740256624278084,-0.015722433757219156
2,0,1,0,256,22,-0.109375,-0.18740256624278084,0.07802756624278084
2,0,1,0,256,23,-0.18359375,-0.18740256624278084,0.0038088162427808436
2,0,1,0,256,24,-0.19921875,-0.18740256624278084,-0.011816183757219156
2,0,1,0,256,25,-0.23828125,-0.18740256624278084,-0.050878683757219156
2,0,1,0,256,26,-0.1875,-0.18740256624278084,-9.743375721915637e-05
2,0,1,0,256,27,-0.21875,-0.18740256624278084,-0.031347433757219156
2,0,1,0,256,28,-0.22265625,-0.18740256624278084,-0.035253683757219156
2,0,1,0,256,29,-0.09375,-0.18740256624278084,0.09365256624278084
2,0,1,0,256,30,-0.19921875,-0.18740256624278084,-0.011816183757219156
2,0,1,0,256,31,-0.1796875,-0.18740256624278084,0.007715066242780844
2,0,1,0,256,32,-0.20703125,-0.18740256624278084,-0.019628683757219156
2,0,1,0,256,33,-0.2578125,-0.18740256624278084,-0.07040993375721916
2,0,1,0,256,34,-0.19921875,-0.18740256624278084,-0.011816183757219156
2,0,1,0,256,35,-0.2109375,-0.18740256624278084,-0.023534933757219156
2,0,1,0,256,36,-0.19140625,-0.18740256624278084,-0.004003683757219156
2,0,1,0,256,37,-0.25,-0.18740256624278084,-0.06259743375721916
2,0,1,0,256,38,-0.21875,-0.18740256624278084,-0.031347433757219156
2,0,1,0,256,39,-0.1875,-0.18740256624278084,-9.743375721915637e-05
2,0,1,0,256,40,-0.2265625,-0.18740256624278084,-0.039159933757219156
2,0,1,0,256,41,-0.1875,-0.18740256624278084,-9.743375721915637e-05
2,0,1,0,256,42,-0.19921875,-0.18740256624278084,-0.011816183757219156
2,0,1,0,256,43,-0.19140625,-0.18740256624278084,-0.004003683757219156
2,0,1,0,256,44,-0.25,-0.18740256624278084,-0.06259743375721916
2,0,1,0,256,45,-0.16796875,-0.18740256624278084,0.019433816242780844
2,0,1,0,256,46,-0.18359375,-0.18740256624278084,0.0038088162427808436
2,0,1,0,256,47,-0.23828125,-0.18740256624278084,-0.050878683757219156
2,0,1,0,256,48,-0.1875,-0.18740256624278084,-9.743375721915637e-05
2,0,1,0,256,49,-0.203125,-0.18740256624278084,-0.015722433757219156
2,0,1,0,256,50,-0.16015625,-0.18740256624278084,0.027246316242780844
2,0,1,0,256,51,-0.21875,-0.18740256624278084,-0.031347433757219156
2,0,1,0,256,52,-0.25,-0.18740256624278084,-0.06259743375721916
2,0,1,0,256,53,-0.22265625,-0.18740256624278084,-0.035253683757219156
2,0,1,0,256,54,-0.22265625,-0.18740256624278084,-0.035253683757219156
2,0,1,0,256,55,-0.20703125,-0.18740256624278084,-0.019628683757219156
2,0,1,0,256,56,-0.125,-0.18740256624278084,0.062402566242780844
2,0,1,0,256,57,-0.13671875,-0.18740256624278084,0.050683816242780844
2,0,1,0,256,58,-0.2265625,-0.18740256624278084,-0.039159933757219156
2,0,1,0,256,59,-0.1953125,-0.18740256624278084,-0.007909933757219156
2,0,1,0,256,60,-0.19921875,-0.18740256624278084,-0.011816183757219156
2,0,1,0,256,61,-0.26171875,-0.18740256624278084,-0.07431618375721916
2,0,1,0,256,62,-0.0859375,-0.18740256624278084,0.10146506624278084
2,0,1,0,256,63,-0.18359375,-0.18740256624278084,0.0038088162427808436
2,0,1,0,256,64,-0.21875,-0.18740256624278084,-0.031347433757219156
2,0,1,0,256,65,-0.19921875,-0.18740256624278084,-0.011816183757219156
2,0,1,0,256,66,-0.17578125,-0.18740256624278084,0.011621316242780844
2,0,1,0,256,67,-0.234375,-0.18740256624278084,-0.046972433757219156
2,0,1,0,256,68,-0.15625,-0.18740256624278084,0.031152566242780844
2,0,1,0,256,69,-0.22265625,-0.18740256624278084,-0.035253683757219156
2,0,1,0,256,70,-0.17578125,-0.18740256624278084,0.011621316242780844
2,0,1,0,256,71,-0.2109375,-0.18740256624278084,-0.023534933757219156
2,0,1,0,256,72,-0.171875,-0.18740256624278084,0.015527566242780844
2,0,1,0,256,73,-0.14453125,-0.18740256624278084,0.042871316242780844
2,0,1,0,256,74,-0.17578125,-0.18740256624278084,0.011621316242780844
2,0,1,0,256,75,-0.13671875,-0.18740256624278084,0.050683816242780844
2,0,1,0,256,76,-0.19140625,-0.18740256624278084,-0.004003683757219156
2,0,1,0,256,77,-0.21484375,-0.18740256624278084,-0.027441183757219156
2,0,1,0,256,78,-0.19921875,-0.18740256624278084,-0.011816183757219156
2,0,1,0,256,79,-0.23046875,-0.18740256624278084,-0.043066183757219156
2,0,1,0,256,80,-0.14453125,-0.18740256624278084,0.042871316242780844
2,0,1,0,256,81,-0.17578125,-0.18740256624278084,0.011621316242780844
2,0,1,0,256,82,-0.265625,-0.18740256624278084,-0.07822243375721916
2,0,1,0,256,83,-0.1484375,-0.18740256624278084,0.038965066242780844
2,0,1,0,256,84,-0.203125,-0.18740256624278084,-0.015722433757219156
2,0,1,0,256,85,-0.19921875,-0.18740256624278084,-0.011816183757219156
2,0,1,0,256,86,-0.2265625,-0.18740256624278084,-0.039159933757219156
2,0,1,0,256,87,-0.265625,-0.18740256624278084,-0.07822243375721916
2,0,1,0,256,88,-0.26171875,-0.18740256624278084,-0.07431618375721916
2,0,1,0,256,89,-0.2109375,-0.18740256624278084,-0.023534933757219156
2,0,1,0,256,90,-0.26171875,-0.18740256624278084,-0.07431618375721916
2,0,1,0,256,91,-0.125,-0.18740256624278084,0.062402566242780844
2,0,1,0,256,92,-0.3125,-0.18740256624278084,-0.12509743375721916
2,0,1,0,256,93,-0.2109375,-0.18740256624278084,-0.023534933757219156
2,0,1,0,256,94,-0.1796875,-0.18740256624278084,0.007715066242780844
2,0,1,0,256,95,-0.09765625,-0.18740256624278084,0.08974631624278084
2,0,1,0,256,96,-0.1640625,-0.18740256624278084,0.023340066242780844
2,0,1,0,256,97,-0.21484375,-0.18740256624278084,-0.027441183757219156
2,0,1,0,256,98,-0.20703125,-0.18740256624278084,-0.019628683757219156
2,0,1,0,256,99,-0.18359375,-0.18740256624278084,0.0038088162427808436
2,0,1,0,256,100,-0.21484375,-0.18740256624278084,-0.027441183757219156
2,0,1,0,256,101,-0.23046875,-0.18740256624278084,-0.043066183757219156
2,0,1,0,256,102,-0.19921875,-0.18740256624278084,-0.011816183757219156
2,0,1,0,256,103,-0.25390625,-0.18740256624278084,-0.06650368375721916
2,0,1,0,256,104,-0.140625,-0.18740256624278084,0.046777566242780844
2,0,1,0,256,105,-0.09765625,-0.18740256624278084,0.08974631624278084
2,0,1,0,256,106,-0.1328125,-0.18740256624278084,0.054590066242780844
2,0,1,0,256,107,-0.1953125,-0.18740256624278084,-0.007909933757219156
2,0,1,0,256,108,-0.17578125,-0.18740256624278084,0.011621316242780844
2,0,1,0,256,109,-0.1640625,-0.18740256624278084,0.023340066242780844
2,0,1,0,256,110,-0.15234375,-0.18740256624278084,0.035058816242780844
2,0,1,0,256,111,-0.15234375,-0.18740256624278084,0.035058816242780844
2,0,1,0,256,112,-0.1328125,-0.18740256624278084,0.054590066242780844
2,0,1,0,256,113,-0.1484375,-0.18740256624278084,0.038965066242780844
2,0,1,0,256,114,-0.13671875,-0.18740256624278084,0.050683816242780844
2,0,1,0,256,115,-0.16015625,-0.18740256624278084,0.027246316242780844
2,0,1,0,256,116,-0.265625,-0.18740256624278084,-0.07822243375721916
2,0,1,0,256,117,-0.16796875,-0.18740256624278084,0.019433816242780844
2,0,1,0,256,118,-0.1640625,-0.18740256624278084,0.023340066242780844
2,0,1,0,256,119,-0.16015625,-0.18740256624278084,0.027246316242780844
2,0,1,0,256,120,-0.140625,-0.18740256624278084,0.046777566242780844
2,0,1,0,256,121,-0.171875,-0.18740256624278084,0.015527566242780844
2,0,1,0,256,122,-0.15234375,-0.18740256624278084,0.035058816242780844
2,0,1,0,256,123,-0.22265625,-0.18740256624278084,-0.035253683757219156
2,0,1,0,256,124,-0.1875,-0.18740256624278084,-9.743375721915637e-05
2,0,1,0,256,125,-0.171875,-0.18740256624278084,0.015527566242780844
2,0,1,0,256,126,-0.1640625,-0.18740256624278084,0.023340066242780844
2,0,1,0,256,127,-0.21875,-0.18740256624278084,-0.031347433757219156
2,0,1,0,256,128,-0.1015625,-0.18740256624278084,0.08584006624278084
2,0,1,0,256,129,-0.1484375,-0.18740256624278084,0.038965066242780844
2,0,1,0,256,130,-0.16015625,-0.18740256624278084,0.027246316242780844
2,0,1,0,256,131,-0.2421875,-0.18740256624278084,-0.054784933757219156
2,0,1,0,256,132,-0.13671875,-0.18740256624278084,0.050683816242780844
2,0,1,0,256,133,-0.171875,-0.18740256624278084,0.015527566242780844
2,0,1,0,256,134,-0.1640625,-0.18740256624278084,0.023340066242780844
2,0,1,0,256,135,-0.15625,-0.18740256624278084,0.031152566242780844
2,0,1,0,256,136,-0.21875,-0.18740256624278084,-0.031347433757219156
2,0,1,0,256,137,-0.1875,-0.18740256624278084,-9.743375721915637e-05
2,0,1,0,256,138,-0.140625,-0.18740256624278084,0.046777566242780844
2,0,1,0,256,139,-0.14453125,-0.18740256624278084,0.042871316242780844
2,0,1,0,256,140,-0.18359375,-0.18740256624278084,0.0038088162427808436
2,0,1,0,256,141,-0.16015625,-0.18740256624278084,0.027246316242780844
2,0,1,0,256,142,-0.19140625,-0.18740256624278084,-0.004003683757219156
2,0,1,0,256,143,-0.1796875,-0.18740256624278084,0.007715066242780844
2,0,1,0,256,144,-0.19921875,-0.18740256624278084,-0.011816183757219156
2,0,1,0,256,145,-0.21875,-0.18740256624278084,-0.031347433757219156
2,0,1,0,256,146,-0.13671875,-0.18740256624278084,0.050683816242780844
2,0,1,0,256,147,-0.19921875,-0.18740256624278084,-0.011816183757219156
2,0,1,0,256,148,-0.265625,-0.18740256624278084,-0.07822243375721916
2,0,1,0,256,149,-0.18359375,-0.18740256624278084,0.0038088162427808436
2,0,1,0,256,150,-0.171875,-0.18740256624278084,0.015527566242780844
2,0,1,0,256,151,-0.19140625,-0.18740256624278084,-0.004003683757219156
2,0,1,0,256,152,-0.2109375,-0.18740256624278084,-0.023534933757219156
2,0,1,0,256,153,-0.09375,-0.18740256624278084,0.09365256624278084
2,0,1,0,256,154,-0.23046875,-0.18740256624278084,-0.043066183757219156
2,0,1,0,256,155,-0.1875,-0.18740256624278084,-9.743375721915637e-05
2,0,1,0,256,156,-0.1796875,-0.18740256624278084,0.007715066242780844
2,0,1,0,256,157,-0.109375,-0.18740256624278084,0.07802756624278084
2,0,1,0,256,158,-0.10546875,-0.18740256624278084,0.08193381624278084
2,0,1,0,256,159,-0.25,-0.18740256624278084,-0.06259743375721916
2,0,1,0,256,160,-0.171875,-0.18740256624278084,0.015527566242780844
2,0,1,0,256,161,-0.25390625,-0.18740256624278084,-0.06650368375721916
2,0,1,0,256,162,-0.21484375,-0.18740256624278084,-0.027441183757219156
2,0,1,0,256,163,-0.2265625,-0.18740256624278084,-0.039159933757219156
2,0,1,0,256,164,-0.1015625,-0.18740256624278084,0.08584006624278084
2,0,1,0,256,165,-0.1796875,-0.18740256624278084,0.007715066242780844
2,0,1,0,256,166,-0.1640625,-0.18740256624278084,0.023340066242780844
2,0,1,0,256,167,-0.18359375,-0.18740256624278084,0.0038088162427808436
2,0,1,0,256,168,-0.20703125,-0.18740256624278084,-0.019628683757219156
2,0,1,0,256,169,-0.2109375,-0.18740256624278084,-0.023534933757219156
2,0,1,0,256,170,-0.2578125,-0.18740256624278084,-0.07040993375721916
2,0,1,0,256,171,-0.10546875,-0.18740256624278084,0.08193381624278084
2,0,1,0,256,172,-0.25390625,-0.18740256624278084,-0.06650368375721916
2,0,1,0,256,173,-0.125,-0.18740256624278084,0.062402566242780844
2,0,1,0,256,174,-0.14453125,-0.18740256624278084,0.042871316242780844
2,0,1,0,256,175,-0.24609375,-0.18740256624278084,-0.058691183757219156
2,0,1,0,256,176,-0.23828125,-0.18740256624278084,-0.050878683757219156
2,0,1,0,256,177,-0.18359375,-0.18740256624278084,0.0038088162427808436
2,0,1,0,256,178,-0.19140625,-0.18740256624278084,-0.004003683757219156
2,0,1,0,256,179,-0.23046875,-0.18740256624278084,-0.043066183757219156
2,0,1,0,256,180,-0.171875,-0.18740256624278084,0.015527566242780844
2,0,1,0,256,181,-0.2734375,-0.18740256624278084,-0.08603493375721916
2,0,1,0,256,182,-0.21875,-0.18740256624278084,-0.031347433757219156
2,0,1,0,256,183,-0.15625,-0.18740256624278084,0.031152566242780844
2,0,1,0,256,184,-0.17578125,-0.18740256624278084,0.011621316242780844
2,0,1,0,256,185,-0.234375,-0.18740256624278084,-0.046972433757219156
2,0,1,0,256,186,-0.0859375,-0.18740256624278084,0.10146506624278084
2,0,1,0,256,187,-0.20703125,-0.18740256624278084,-0.019628683757219156
2,0,1,0,256,188,-0.15625,-0.18740256624278084,0.031152566242780844
2,0,1,0,256,189,-0.1796875,-0.18740256624278084,0.007715066242780844
2,0,1,0,256,190,-0.22265625,-0.18740256624278084,-0.035253683757219156
2,0,1,0,256,191,-0.1953125,-0.18740256624278084,-0.007909933757219156
2,0,1,0,256,192,-0.23046875,-0.18740256624278084,-0.043066183757219156
2,0,1,0,256,193,-0.125,-0.18740256624278084,0.062402566242780844
2,0,1,0,256,194,-0.21875,-0.18740256624278084,-0.031347433757219156
2,0,1,0,256,195,-0.26953125,-0.18740256624278084,-0.08212868375721916
2,0,1,0,256,196,-0.234375,-0.18740256624278084,-0.046972433757219156
2,0,1,0,256,197,-0.19140625,-0.18740256624278084,-0.004003683757219156
2,0,1,0,256,198,-0.18359375,-0.18740256624278084,0.0038088162427808436
2,0,1,0,256,199,-0.1171875,-0.18740256624278084,0.07021506624278084
2,0,1,0,512,0,-0.25390625,-0.18740256624278084,-0.06650368375721916
2,0,1,0,512,1,-0.19921875,-0.18740256624278084,-0.011816183757219156
2,0,1,0,512,2,-0.171875,-0.18740256624278084,0.015527566242780844
2,0,1,0,512,3,-0.138671875,-0.18740256624278084,0.048730691242780844
2,0,1,0,512,4,-0.25,-0.18740256624278084,-0.06259743375721916
2,0,1,0,512,5,-0.240234375,-0.18740256624278084,-0.052831808757219156
2,0,1,0,512,6,-0.2109375,-0.18740256624278084,-0.023534933757219156
2,0,1,0,512,7,-0.19921875,-0.18740256624278084,-0.011816183757219156
2,0,1,0,512,8,-0.185546875,-0.18740256624278084,0.0018556912427808436
2,0,1,0,512,9,-0.16015625,-0.18740256624278084,0.027246316242780844
2,0,1,0,512,10,-0.154296875,-0.18740256624278084,0.033105691242780844
2,0,1,0,512,11,-0.228515625,-0.18740256624278084,-0.041113058757219156
2,0,1,0,512,12,-0.171875,-0.18740256624278084,0.015527566242780844
2,0,1,0,512,13,-0.173828125,-0.18740256624278084,0.013574441242780844
2,0,1,0,512,14,-0.1875,-0.18740256624278084,-9.743375721915637e-05
2,0,1,0,512,15,-0.23828125,-0.18740256624278084,-0.050878683757219156
2,0,1,0,512,16,-0.111328125,-0.18740256624278084,0.07607444124278084
2,0,1,0,512,17,-0.21484375,-0.18740256624278084,-0.027441183757219156
2,0,1,0,512,18,-0.181640625,-0.18740256624278084,0.005761941242780844
2,0,1,0,512,19,-0.197265625,-0.18740256624278084,-0.009863058757219156
2,0,1,0,512,20,-0.16015625,-0.18740256624278084,0.027246316242780844
2,0,1,0,512,21,-0.177734375,-0.18740256624278084,0.009668191242780844
2,0,1,0,512,22,-0.1640625,-0.18740256624278084,0.023340066242780844
2,0,1,0,512,23,-0.150390625,-0.18740256624278084,0.037011941242780844
2,0,1,0,512,24,-0.201171875,-0.18740256624278084,-0.013769308757219156
2,0,1,0,512,25,-0.173828125,-0.18740256624278084,0.013574441242780844
2,0,1,0,512,26,-0.251953125,-0.18740256624278084,-0.06455055875721916
2,0,1,0,512,27,-0.197265625,-0.18740256624278084,-0.009863058757219156
2,0,1,0,512,28,-0.203125,-0.18740256624278084,-0.015722433757219156
2,0,1,0,512,29,-0.181640625,-0.18740256624278084,0.005761941242780844
2,0,1,0,512,30,-0.138671875,-0.18740256624278084,0.048730691242780844
2,0,1,0,512,31,-0.134765625,-0.18740256624278084,0.052636941242780844
2,0,1,0,512,32,-0.171875,-0.18740256624278084,0.015527566242780844
2,0,1,0,512,33,-0.16796875,-0.18740256624278084,0.019433816242780844
2,0,1,0,512,34,-0.181640625,-0.18740256624278084,0.005761941242780844
2,0,1,0,512,35,-0.19921875,-0.18740256624278084,-0.011816183757219156
2,0,1,0,512,36,-0.166015625,-0.18740256624278084,0.021386941242780844
2,0,1,0,512,37,-0.154296875,-0.18740256624278084,0.033105691242780844
2,0,1,0,512,38,-0.201171875,-0.18740256624278084,-0.013769308757219156
2,0,1,0,512,39,-0.216796875,-0.18740256624278084,-0.029394308757219156
2,0,1,0,512,40,-0.208984375,-0.18740256624278084,-0.021581808757219156
2,0,1,0,512,41,-0.18359375,-0.18740256624278084,0.0038088162427808436
2,0,1,0,512,42,-0.16796875,-0.18740256624278084,0.019433816242780844
2,0,1,0,512,43,-0.193359375,-0.18740256624278084,-0.005956808757219156
2,0,1,0,512,44,-0.185546875,-0.18740256624278084,0.0018556912427808436
2,0,1,0,512,45,-0.185546875,-0.18740256624278084,0.0018556912427808436
2,0,1,0,512,46,-0.212890625,-0.18740256624278084,-0.025488058757219156
2,0,1,0,512,47,-0.181640625,-0.18740256624278084,0.005761941242780844
2,0,1,0,512,48,-0.197265625,-0.18740256624278084,-0.009863058757219156
2,0,1,0,512,49,-0.193359375,-0.18740256624278084,-0.005956808757219156
2,0,1,0,512,50,-0.19921875,-0.18740256624278084,-0.011816183757219156
2,0,1,0,512,51,-0.109375,-0.18740256624278084,0.07802756624278084
2,0,1,0,512,52,-0.14453125,-0.18740256624278084,0.042871316242780844
2,0,1,0,512,53,-0.193359375,-0.18740256624278084,-0.005956808757219156
2,0,1,0,512,54,-0.189453125,-0.18740256624278084,-0.0020505587572191564
2,0,1,0,512,55,-0.19921875,-0.18740256624278084,-0.011816183757219156
2,0,1,0,512,56,-0.208984375,-0.18740256624278084,-0.021581808757219156
2,0,1,0,512,57,-0.193359375,-0.18740256624278084,-0.005956808757219156
2,0,1,0,512,58,-0.130859375,-0.18740256624278084,0.056543191242780844
2,0,1,0,512,59,-0.208984375,-0.18740256624278084,-0.021581808757219156
2,0,1,0,512,60,-0.150390625,-0.18740256624278084,0.037011941242780844
2,0,1,0,512,61,-0.171875,-0.18740256624278084,0.015527566242780844
2,0,1,0,512,62,-0.181640625,-0.18740256624278084,0.005761941242780844
2,0,1,0,512,63,-0.158203125,-0.18740256624278084,0.029199441242780844
2,0,1,0,512,64,-0.1640625,-0.18740256624278084,0.023340066242780844
2,0,1,0,512,65,-0.212890625,-0.18740256624278084,-0.025488058757219156
2,0,1,0,512,66,-0.185546875,-0.18740256624278084,0.0018556912427808436
2,0,1,0,512,67,-0.14453125,-0.18740256624278084,0.042871316242780844
2,0,1,0,512,68,-0.1796875,-0.18740256624278084,0.007715066242780844
2,0,1,0,512,69,-0.201171875,-0.18740256624278084,-0.013769308757219156
2,0,1,0,512,70,-0.16796875,-0.18740256624278084,0.019433816242780844
2,0,1,0,512,71,-0.146484375,-0.18740256624278084,0.040918191242780844
2,0,1,0,512,72,-0.20703125,-0.18740256624278084,-0.019628683757219156
2,0,1,0,512,73,-0.134765625,-0.18740256624278084,0.052636941242780844
2,0,1,0,512,74,-0.1328125,-0.18740256624278084,0.054590066242780844
2,0,1,0,512,75,-0.1875,-0.18740256624278084,-9.743375721915637e-05
2,0,1,0,512,76,-0.16796875,-0.18740256624278084,0.019433816242780844
2,0,1,0,512,77,-0.181640625,-0.18740256624278084,0.005761941242780844
2,0,1,0,512,78,-0.19921875,-0.18740256624278084,-0.011816183757219156
2,0,1,0,512,79,-0.185546875,-0.18740256624278084,0.0018556912427808436
2,0,1,0,512,80,-0.220703125,-0.18740256624278084,-0.033300558757219156
2,0,1,0,512,81,-0.169921875,-0.18740256624278084,0.017480691242780844
2,0,1,0,512,82,-0.21484375,-0.18740256624278084,-0.027441183757219156
2,0,1,0,512,83,-0.16015625,-0.18740256624278084,0.027246316242780844
2,0,1,0,512,84,-0.193359375,-0.18740256624278084,-0.005956808757219156
2,0,1,0,512,85,-0.169921875,-0.18740256624278084,0.017480691242780844
2,0,1,0,512,86,-0.236328125,-0.18740256624278084,-0.048925558757219156
2,0,1,0,512,87,-0.1953125,-0.18740256624278084,-0.007909933757219156
2,0,1,0,512,88,-0.24609375,-0.18740256624278084,-0.058691183757219156
2,0,1,0,512,89,-0.181640625,-0.18740256624278084,0.005761941242780844
2,0,1,0,512,90,-0.138671875,-0.18740256624278084,0.048730691242780844
2,0,1,0,512,91,-0.166015625,-0.18740256624278084,0.021386941242780844
2,0,1,0,512,92,-0.171875,-0.18740256624278084,0.015527566242780844
2,0,1,0,512,93,-0.11328125,-0.18740256624278084,0.07412131624278084
2,0,1,0,512,94,-0.185546875,-0.18740256624278084,0.0018556912427808436
2,0,1,0,512,95,-0.171875,-0.18740256624278084,0.015527566242780844
2,0,1,0,512,96,-0.19140625,-0.18740256624278084,-0.004003683757219156
2,0,1,0,512,97,-0.216796875,-0.18740256624278084,-0.029394308757219156
2,0,1,0,512,98,-0.18359375,-0.18740256624278084,0.0038088162427808436
2,0,1,0,512,99,-0.154296875,-0.18740256624278084,0.033105691242780844
2,0,1,0,512,100,-0.19140625,-0.18740256624278084,-0.004003683757219156
2,0,1,0,512,101,-0.205078125,-0.18740256624278084,-0.017675558757219156
2,0,1,0,512,102,-0.193359375,-0.18740256624278084,-0.005956808757219156
2,0,1,0,512,103,-0.177734375,-0.18740256624278084,0.009668191242780844
2,0,1,0,512,104,-0.1875,-0.18740256624278084,-9.743375721915637e-05
2,0,1,0,512,105,-0.1875,-0.18740256624278084,-9.743375721915637e-05
2,0,1,0,512,106,-0.1484375,-0.18740256624278084,0.038965066242780844
2,0,1,0,512,107,-0.169921875,-0.18740256624278084,0.017480691242780844
2,0,1,0,512,108,-0.181640625,-0.18740256624278084,0.005761941242780844
2,0,1,0,512,109,-0.181640625,-0.18740256624278084,0.005761941242780844
2,0,1,0,512,110,-0.232421875,-0.18740256624278084,-0.045019308757219156
2,0,1,0,512,111,-0.21484375,-0.18740256624278084,-0.027441183757219156
2,0,1,0,512,112,-0.228515625,-0.18740256624278084,-0.041113058757219156
2,0,1,0,512,113,-0.14453125,-0.18740256624278084,0.042871316242780844
2,0,1,0,512,114,-0.220703125,-0.18740256624278084,-0.033300558757219156
2,0,1,0,512,115,-0.19921875,-0.18740256624278084,-0.011816183757219156
2,0,1,0,512,116,-0.171875,-0.18740256624278084,0.015527566242780844
2,0,1,0,512,117,-0.19140625,-0.18740256624278084,-0.004003683757219156
2,0,1,0,512,118,-0.2421875,-0.18740256624278084,-0.054784933757219156
2,0,1,0,512,119,-0.19921875,-0.18740256624278084,-0.011816183757219156
2,0,1,0,512,120,-0.16015625,-0.18740256624278084,0.027246316242780844
2,0,1,0,512,121,-0.181640625,-0.18740256624278084,0.005761941242780844
2,0,1,0,512,122,-0.216796875,-0.18740256624278084,-0.029394308757219156
2,0,1,0,512,123,-0.09375,-0.18740256624278084,0.09365256624278084
2,0,1,0,512,124,-0.134765625,-0.18740256624278084,0.052636941242780844
2,0,1,0,512,125,-0.21484375,-0.18740256624278084,-0.027441183757219156
2,0,1,0,512,126,-0.267578125,-0.18740256624278084,-0.08017555875721916
2,0,1,0,512,127,-0.169921875,-0.18740256624278084,0.017480691242780844
2,0,1,0,512,128,-0.142578125,-0.18740256624278084,0.044824441242780844
2,0,1,0,512,129,-0.18359375,-0.18740256624278084,0.0038088162427808436
2,0,1,0,512,130,-0.203125,-0.18740256624278084,-0.015722433757219156
2,0,1,0,512,131,-0.20703125,-0.18740256624278084,-0.019628683757219156
2,0,1,0,512,132,-0.123046875,-0.18740256624278084,0.06435569124278084
2,0,1,0,512,133,-0.205078125,-0.18740256624278084,-0.017675558757219156
2,0,1,0,512,134,-0.21875,-0.18740256624278084,-0.031347433757219156
2,0,1,0,512,135,-0.19140625,-0.18740256624278084,-0.004003683757219156
2,0,1,0,512,136,-0.220703125,-0.18740256624278084,-0.033300558757219156
2,0,1,0,512,137,-0.19140625,-0.18740256624278084,-0.004003683757219156
2,0,1,0,512,138,-0.228515625,-0.18740256624278084,-0.041113058757219156
2,0,1,0,512,139,-0.203125,-0.18740256624278084,-0.015722433757219156
2,0,1,0,512,140,-0.18359375,-0.18740256624278084,0.0038088162427808436
2,0,1,0,512,141,-0.205078125,-0.18740256624278084,-0.017675558757219156
2,0,1,0,512,142,-0.1640625,-0.18740256624278084,0.023340066242780844
2,0,1,0,512,143,-0.21484375,-0.18740256624278084,-0.027441183757219156
2,0,1,0,512,144,-0.20703125,-0.18740256624278084,-0.019628683757219156
2,0,1,0,512,145,-0.220703125,-0.18740256624278084,-0.033300558757219156
2,0,1,0,512,146,-0.125,-0.18740256624278084,0.062402566242780844
2,0,1,0,512,147,-0.169921875,-0.18740256624278084,0.017480691242780844
2,0,1,0,512,148,-0.212890625,-0.18740256624278084,-0.025488058757219156
2,0,1,0,512,149,-0.19921875,-0.18740256624278084,-0.011816183757219156
2,0,1,0,512,150,-0.1875,-0.18740256624278084,-9.743375721915637e-05
2,0,1,0,512,151,-0.15234375,-0.18740256624278084,0.035058816242780844
2,0,1,0,512,152,-0.2109375,-0.18740256624278084,-0.023534933757219156
2,0,1,0,512,153,-0.17578125,-0.18740256624278084,0.011621316242780844
2,0,1,0,512,154,-0.177734375,-0.18740256624278084,0.009668191242780844
2,0,1,0,512,155,-0.21875,-0.18740256624278084,-0.031347433757219156
2,0,1,0,512,156,-0.185546875,-0.18740256624278084,0.0018556912427808436
2,0,1,0,512,157,-0.1953125,-0.18740256624278084,-0.007909933757219156
2,0,1,0,512,158,-0.185546875,-0.18740256624278084,0.0018556912427808436
2,0,1,0,512,159,-0.220703125,-0.18740256624278084,-0.033300558757219156
2,0,1,0,512,160,-0.216796875,-0.18740256624278084,-0.029394308757219156
2,0,1,0,512,161,-0.13671875,-0.18740256624278084,0.050683816242780844
2,0,1,0,512,162,-0.1640625,-0.18740256624278084,0.023340066242780844
2,0,1,0,512,163,-0.205078125,-0.18740256624278084,-0.017675558757219156
2,0,1,0,512,164,-0.158203125,-0.18740256624278084,0.029199441242780844
2,0,1,0,512,165,-0.21875,-0.18740256624278084,-0.031347433757219156
2,0,1,0,512,166,-0.154296875,-0.18740256624278084,0.033105691242780844
2,0,1,0,512,167,-0.212890625,-0.18740256624278084,-0.025488058757219156
2,0,1,0,512,168,-0.17578125,-0.18740256624278084,0.011621316242780844
2,0,1,0,512,169,-0.259765625,-0.18740256624278084,-0.07236305875721916
2,0,1,0,512,170,-0.095703125,-0.18740256624278084,0.09169944124278084
2,0,1,0,512,171,-0.21875,-0.18740256624278084,-0.031347433757219156
2,0,1,0,512,172,-0.126953125,-0.18740256624278084,0.060449441242780844
2,0,1,0,512,173,-0.20703125,-0.18740256624278084,-0.019628683757219156
2,0,1,0,512,174,-0.21484375,-0.18740256624278084,-0.027441183757219156
2,0,1,0,512,175,-0.1796875,-0.18740256624278084,0.007715066242780844
2,0,1,0,512,176,-0.158203125,-0.18740256624278084,0.029199441242780844
2,0,1,0,512,177,-0.16015625,-0.18740256624278084,0.027246316242780844
2,0,1,0,512,178,-0.19921875,-0.18740256624278084,-0.011816183757219156
2,0,1,0,512,179,-0.203125,-0.18740256624278084,-0.015722433757219156
2,0,1,0,512,180,-0.14453125,-0.18740256624278084,0.042871316242780844
2,0,1,0,512,181,-0.234375,-0.18740256624278084,-0.046972433757219156
2,0,1,0,512,182,-0.244140625,-0.18740256624278084,-0.056738058757219156
2,0,1,0,512,183,-0.21875,-0.18740256624278084,-0.031347433757219156
2,0,1,0,512,184,-0.189453125,-0.18740256624278084,-0.0020505587572191564
2,0,1,0,512,185,-0.158203125,-0.18740256624278084,0.029199441242780844
2,0,1,0,512,186,-0.189453125,-0.18740256624278084,-0.0020505587572191564
2,0,1,0,512,187,-0.24609375,-0.18740256624278084,-0.058691183757219156
2,0,1,0,512,188,-0.158203125,-0.18740256624278084,0.029199441242780844
2,0,1,0,512,189,-0.26953125,-0.18740256624278084,-0.08212868375721916
2,0,1,0,512,190,-0.16796875,-0.18740256624278084,0.019433816242780844
2,0,1,0,512,191,-0.19140625,-0.18740256624278084,-0.004003683757219156
2,0,1,0,512,192,-0.18359375,-0.18740256624278084,0.0038088162427808436
2,0,1,0,512,193,-0.234375,-0.18740256624278084,-0.046972433757219156
2,0,1,0,512,194,-0.142578125,-0.18740256624278084,0.044824441242780844
2,0,1,0,512,195,-0.14453125,-0.18740256624278084,0.042871316242780844
2,0,1,0,512,196,-0.1796875,-0.18740256624278084,0.007715066242780844
2,0,1,0,512,197,-0.208984375,-0.18740256624278084,-0.021581808757219156
2,0,1,0,512,198,-0.212890625,-0.18740256624278084,-0.025488058757219156
2,0,1,0,512,199,-0.177734375,-0.18740256624278084,0.009668191242780844
2,0,1,0,1024,0,-0.240234375,-0.18740256624278084,-0.052831808757219156
2,0,1,0,1024,1,-0.18359375,-0.18740256624278084,0.0038088162427808436
2,0,1,0,1024,2,-0.1806640625,-0.18740256624278084,0.006738503742780844
2,0,1,0,1024,3,-0.2255859375,-0.18740256624278084,-0.038183371257219156
2,0,1,0,1024,4,-0.205078125,-0.18740256624278084,-0.017675558757219156
2,0,1,0,1024,5,-0.1904296875,-0.18740256624278084,-0.0030271212572191564
2,0,1,0,1024,6,-0.1796875,-0.18740256624278084,0.007715066242780844
2,0,1,0,1024,7,-0.158203125,-0.18740256624278084,0.029199441242780844
2,0,1,0,1024,8,-0.2431640625,-0.18740256624278084,-0.055761496257219156
2,0,1,0,1024,9,-0.203125,-0.18740256624278084,-0.015722433757219156
2,0,1,0,1024,10,-0.2109375,-0.18740256624278084,-0.023534933757219156
2,0,1,0,1024,11,-0.2216796875,-0.18740256624278084,-0.034277121257219156
2,0,1,0,1024,12,-0.1591796875,-0.18740256624278084,0.028222878742780844
2,0,1,0,1024,13,-0.1845703125,-0.18740256624278084,0.0028322537427808436
2,0,1,0,1024,14,-0.158203125,-0.18740256624278084,0.029199441242780844
2,0,1,0,1024,15,-0.1630859375,-0.18740256624278084,0.024316628742780844
2,0,1,0,1024,16,-0.2001953125,-0.18740256624278084,-0.012792746257219156
2,0,1,0,1024,17,-0.177734375,-0.18740256624278084,0.009668191242780844
2,0,1,0,1024,18,-0.166015625,-0.18740256624278084,0.021386941242780844
2,0,1,0,1024,19,-0.1796875,-0.18740256624278084,0.007715066242780844
2,0,1,0,1024,20,-0.2001953125,-0.18740256624278084,-0.012792746257219156
2,0,1,0,1024,21,-0.158203125,-0.18740256624278084,0.029199441242780844
2,0,1,0,1024,22,-0.220703125,-0.18740256624278084,-0.033300558757219156
2,0,1,0,1024,23,-0.17578125,-0.18740256624278084,0.011621316242780844
2,0,1,0,1024,24,-0.1728515625,-0.18740256624278084,0.014551003742780844
2,0,1,0,1024,25,-0.1923828125,-0.18740256624278084,-0.004980246257219156
2,0,1,0,1024,26,-0.158203125,-0.18740256624278084,0.029199441242780844
2,0,1,0,1024,27,-0.1689453125,-0.18740256624278084,0.018457253742780844
2,0,1,0,1024,28,-0.1748046875,-0.18740256624278084,0.012597878742780844
2,0,1,0,1024,29,-0.2109375,-0.18740256624278084,-0.023534933757219156
2,0,1,0,1024,30,-0.177734375,-0.18740256624278084,0.009668191242780844
2,0,1,0,1024,31,-0.1796875,-0.18740256624278084,0.007715066242780844
2,0,1,0,1024,32,-0.2119140625,-0.18740256624278084,-0.024511496257219156
2,0,1,0,1024,33,-0.2177734375,-0.18740256624278084,-0.030370871257219156
2,0,1,0,1024,34,-0.20703125,-0.18740256624278084,-0.019628683757219156
2,0,1,0,1024,35,-0.19140625,-0.18740256624278084,-0.004003683757219156
2,0,1,0,1024,36,-0.203125,-0.18740256624278084,-0.015722433757219156
2,0,1,0,1024,37,-0.1845703125,-0.18740256624278084,0.0028322537427808436
2,0,1,0,1024,38,-0.244140625,-0.18740256624278084,-0.056738058757219156
2,0,1,0,1024,39,-0.205078125,-0.18740256624278084,-0.017675558757219156
2,0,1,0,1024,40,-0.1806640625,-0.18740256624278084,0.006738503742780844
2,0,1,0,1024,41,-0.21484375,-0.18740256624278084,-0.027441183757219156
2,0,1,0,1024,42,-0.197265625,-0.18740256624278084,-0.009863058757219156
2,0,1,0,1024,43,-0.171875,-0.18740256624278084,0.015527566242780844
2,0,1,0,1024,44,-0.1474609375,-0.18740256624278084,0.039941628742780844
2,0,1,0,1024,45,-0.1875,-0.18740256624278084,-9.743375721915637e-05
2,0,1,0,1024,46,-0.16796875,-0.18740256624278084,0.019433816242780844
2,0,1,0,1024,47,-0.17578125,-0.18740256624278084,0.011621316242780844
2,0,1,0,1024,48,-0.212890625,-0.18740256624278084,-0.025488058757219156
2,0,1,0,1024,49,-0.1865234375,-0.18740256624278084,0.0008791287427808436
2,0,1,0,1024,50,-0.1611328125,-0.18740256624278084,0.026269753742780844
2,0,1,0,1024,51,-0.1923828125,-0.18740256624278084,-0.004980246257219156
2,0,1,0,1024,52,-0.1806640625,-0.18740256624278084,0.006738503742780844
2,0,1,0,1024,53,-0.21875,-0.18740256624278084,-0.031347433757219156
2,0,1,0,1024,54,-0.173828125,-0.18740256624278084,0.013574441242780844
2,0,1,0,1024,55,-0.1982421875,-0.18740256624278084,-0.010839621257219156
2,0,1,0,1024,56,-0.18359375,-0.18740256624278084,0.0038088162427808436
2,0,1,0,1024,57,-0.1826171875,-0.18740256624278084,0.004785378742780844
2,0,1,0,1024,58,-0.1552734375,-0.18740256624278084,0.032129128742780844
2,0,1,0,1024,59,-0.1923828125,-0.18740256624278084,-0.004980246257219156
2,0,1,0,1024,60,-0.1318359375,-0.18740256624278084,0.055566628742780844
2,0,1,0,1024,61,-0.181640625,-0.18740256624278084,0.005761941242780844
2,0,1,0,1024,62,-0.18359375,-0.18740256624278084,0.0038088162427808436
2,0,1,0,1024,63,-0.1796875,-0.18740256624278084,0.007715066242780844
2,0,1,0,1024,64,-0.2080078125,-0.18740256624278084,-0.020605246257219156
2,0,1,0,1024,65,-0.1748046875,-0.18740256624278084,0.012597878742780844
2,0,1,0,1024,66,-0.1923828125,-0.18740256624278084,-0.004980246257219156
2,0,1,0,1024,67,-0.201171875,-0.18740256624278084,-0.013769308757219156
2,0,1,0,1024,68,-0.228515625,-0.18740256624278084,-0.041113058757219156
2,0,1,0,1024,69,-0.1494140625,-0.18740256624278084,0.037988503742780844
2,0,1,0,1024,70,-0.1611328125,-0.18740256624278084,0.026269753742780844
2,0,1,0,1024,71,-0.1923828125,-0.18740256624278084,-0.004980246257219156
2,0,1,0,1024,72,-0.1953125,-0.18740256624278084,-0.007909933757219156
2,0,1,0,1024,73,-0.2138671875,-0.18740256624278084,-0.026464621257219156
2,0,1,0,1024,74,-0.2080078125,-0.18740256624278084,-0.020605246257219156
2,0,1,0,1024,75,-0.19140625,-0.18740256624278084,-0.004003683757219156
2,0,1,0,1024,76,-0.1728515625,-0.18740256624278084,0.014551003742780844
2,0,1,0,1024,77,-0.2041015625,-0.18740256624278084,-0.016698996257219156
2,0,1,0,1024,78,-0.2099609375,-0.18740256624278084,-0.022558371257219156
2,0,1,0,1024,79,-0.1806640625,-0.18740256624278084,0.006738503742780844
2,0,1,0,1024,80,-0.126953125,-0.18740256624278084,0.060449441242780844
2,0,1,0,1024,81,-0.171875,-0.18740256624278084,0.015527566242780844
2,0,1,0,1024,82,-0.201171875,-0.18740256624278084,-0.013769308757219156
2,0,1,0,1024,83,-0.1845703125,-0.18740256624278084,0.0028322537427808436
2,0,1,0,1024,84,-0.1865234375,-0.18740256624278084,0.0008791287427808436
2,0,1,0,1024,85,-0.2099609375,-0.18740256624278084,-0.022558371257219156
2,0,1,0,1024,86,-0.19921875,-0.18740256624278084,-0.011816183757219156
2,0,1,0,1024,87,-0.193359375,-0.18740256624278084,-0.005956808757219156
2,0,1,0,1024,88,-0.185546875,-0.18740256624278084,0.0018556912427808436
2,0,1,0,1024,89,-0.1708984375,-0.18740256624278084,0.016504128742780844
2,0,1,0,1024,90,-0.2099609375,-0.18740256624278084,-0.022558371257219156
2,0,1,0,1024,91,-0.1806640625,-0.18740256624278084,0.006738503742780844
2,0,1,0,1024,92,-0.1845703125,-0.18740256624278084,0.0028322537427808436
2,0,1,0,1024,93,-0.1650390625,-0.18740256624278084,0.022363503742780844
2,0,1,0,1024,94,-0.1640625,-0.18740256624278084,0.023340066242780844
2,0,1,0,1024,95,-0.1943359375,-0.18740256624278084,-0.006933371257219156
2,0,1,0,1024,96,-0.2392578125,-0.18740256624278084,-0.051855246257219156
2,0,1,0,1024,97,-0.189453125,-0.18740256624278084,-0.0020505587572191564
2,0,1,0,1024,98,-0.2177734375,-0.18740256624278084,-0.030370871257219156
2,0,1,0,1024,99,-0.228515625,-0.18740256624278084,-0.041113058757219156
2,0,1,0,1024,100,-0.181640625,-0.18740256624278084,0.005761941242780844
2,0,1,0,1024,101,-0.181640625,-0.18740256624278084,0.005761941242780844
2,0,1,0,1024,102,-0.1806640625,-0.18740256624278084,0.006738503742780844
2,0,1,0,1024,103,-0.2060546875,-0.18740256624278084,-0.018652121257219156
2,0,1,0,1024,104,-0.2197265625,-0.18740256624278084,-0.032323996257219156
2,0,1,0,1024,105,-0.18359375,-0.18740256624278084,0.0038088162427808436
2,0,1,0,1024,106,-0.1806640625,-0.18740256624278084,0.006738503742780844
2,0,1,0,1024,107,-0.1943359375,-0.18740256624278084,-0.006933371257219156
2,0,1,0,1024,108,-0.1865234375,-0.18740256624278084,0.0008791287427808436
2,0,1,0,1024,109,-0.1962890625,-0.18740256624278084,-0.008886496257219156
2,0,1,0,1024,110,-0.193359375,-0.18740256624278084,-0.005956808757219156
2,0,1,0,1024,111,-0.23046875,-0.18740256624278084,-0.043066183757219156
2,0,1,0,1024,112,-0.19140625,-0.18740256624278084,-0.004003683757219156
2,0,1,0,1024,113,-0.21484375,-0.18740256624278084,-0.027441183757219156
2,0,1,0,1024,114,-0.236328125,-0.18740256624278084,-0.048925558757219156
2,0,1,0,1024,115,-0.1806640625,-0.18740256624278084,0.006738503742780844
2,0,1,0,1024,116,-0.1884765625,-0.18740256624278084,-0.0010739962572191564
2,0,1,0,1024,117,-0.220703125,-0.18740256624278084,-0.033300558757219156
2,0,1,0,1024,118,-0.1669921875,-0.18740256624278084,0.020410378742780844
2,0,1,0,1024,119,-0.1845703125,-0.18740256624278084,0.0028322537427808436
2,0,1,0,1024,120,-0.2041015625,-0.18740256624278084,-0.016698996257219156
2,0,1,0,1024,121,-0.205078125,-0.18740256624278084,-0.017675558757219156
2,0,1,0,1024,122,-0.228515625,-0.18740256624278084,-0.041113058757219156
2,0,1,0,1024,123,-0.203125,-0.18740256624278084,-0.015722433757219156
2,0,1,0,1024,124,-0.2060546875,-0.18740256624278084,-0.018652121257219156
2,0,1,0,1024,125,-0.1748046875,-0.18740256624278084,0.012597878742780844
2,0,1,0,1024,126,-0.18359375,-0.18740256624278084,0.0038088162427808436
2,0,1,0,1024,127,-0.18359375,-0.18740256624278084,0.0038088162427808436
2,0,1,0,1024,128,-0.189453125,-0.18740256624278084,-0.0020505587572191564
2,0,1,0,1024,129,-0.1240234375,-0.18740256624278084,0.06337912874278084
2,0,1,0,1024,130,-0.1279296875,-0.18740256624278084,0.059472878742780844
2,0,1,0,1024,131,-0.17578125,-0.18740256624278084,0.011621316242780844
2,0,1,0,1024,132,-0.1796875,-0.18740256624278084,0.007715066242780844
2,0,1,0,1024,133,-0.1416015625,-0.18740256624278084,0.045801003742780844
2,0,1,0,1024,134,-0.197265625,-0.18740256624278084,-0.009863058757219156
2,0,1,0,1024,135,-0.1796875,-0.18740256624278084,0.007715066242780844
2,0,1,0,1024,136,-0.19140625,-0.18740256624278084,-0.004003683757219156
2,0,1,0,1024,137,-0.2021484375,-0.18740256624278084,-0.014745871257219156
2,0,1,0,1024,138,-0.181640625,-0.18740256624278084,0.005761941242780844
2,0,1,0,1024,139,-0.1826171875,-0.18740256624278084,0.004785378742780844
2,0,1,0,1024,140,-0.15625,-0.18740256624278084,0.031152566242780844
2,0,1,0,1024,141,-0.205078125,-0.18740256624278084,-0.017675558757219156
2,0,1,0,1024,142,-0.189453125,-0.18740256624278084,-0.0020505587572191564
2,0,1,0,1024,143,-0.1787109375,-0.18740256624278084,0.008691628742780844
2,0,1,0,1024,144,-0.185546875,-0.18740256624278084,0.0018556912427808436
2,0,1,0,1024,145,-0.1845703125,-0.18740256624278084,0.0028322537427808436
2,0,1,0,1024,146,-0.1982421875,-0.18740256624278084,-0.010839621257219156
2,0,1,0,1024,147,-0.21875,-0.18740256624278084,-0.031347433757219156
2,0,1,0,1024,148,-0.1953125,-0.18740256624278084,-0.007909933757219156
2,0,1,0,1024,149,-0.2294921875,-0.18740256624278084,-0.042089621257219156
2,0,1,0,1024,150,-0.16796875,-0.18740256624278084,0.019433816242780844
2,0,1,0,1024,151,-0.2060546875,-0.18740256624278084,-0.018652121257219156
2,0,1,0,1024,152,-0.201171875,-0.18740256624278084,-0.013769308757219156
2,0,1,0,1024,153,-0.2060546875,-0.18740256624278084,-0.018652121257219156
2,0,1,0,1024,154,-0.193359375,-0.18740256624278084,-0.005956808757219156
2,0,1,0,1024,155,-0.185546875,-0.18740256624278084,0.0018556912427808436
2,0,1,0,1024,156,-0.2197265625,-0.18740256624278084,-0.032323996257219156
2,0,1,0,1024,157,-0.2119140625,-0.18740256624278084,-0.024511496257219156
2,0,1,0,1024,158,-0.1962890625,-0.18740256624278084,-0.008886496257219156
2,0,1,0,1024,159,-0.1650390625,-0.18740256624278084,0.022363503742780844
2,0,1,0,1024,160,-0.228515625,-0.18740256624278084,-0.041113058757219156
2,0,1,0,1024,161,-0.1962890625,-0.18740256624278084,-0.008886496257219156
2,0,1,0,1024,162,-0.15234375,-0.18740256624278084,0.035058816242780844
2,0,1,0,1024,163,-0.2099609375,-0.18740256624278084,-0.022558371257219156
2,0,1,0,1024,164,-0.232421875,-0.18740256624278084,-0.045019308757219156
2,0,1,0,1024,165,-0.1748046875,-0.18740256624278084,0.012597878742780844
2,0,1,0,1024,166,-0.2041015625,-0.18740256624278084,-0.016698996257219156
2,0,1,0,1024,167,-0.166015625,-0.18740256624278084,0.021386941242780844
2,0,1,0,1024,168,-0.1611328125,-0.18740256624278084,0.026269753742780844
2,0,1,0,1024,169,-0.185546875,-0.18740256624278084,0.0018556912427808436
2,0,1,0,1024,170,-0.201171875,-0.18740256624278084,-0.013769308757219156
2,0,1,0,1024,171,-0.2041015625,-0.18740256624278084,-0.016698996257219156
2,0,1,0,1024,172,-0.1923828125,-0.18740256624278084,-0.004980246257219156
2,0,1,0,1024,173,-0.19921875,-0.18740256624278084,-0.011816183757219156
2,0,1,0,1024,174,-0.1953125,-0.18740256624278084,-0.007909933757219156
2,0,1,0,1024,175,-0.2216796875,-0.18740256624278084,-0.034277121257219156
2,0,1,0,1024,176,-0.2353515625,-0.18740256624278084,-0.047948996257219156
2,0,1,0,1024,177,-0.19921875,-0.18740256624278084,-0.011816183757219156
2,0,1,0,1024,178,-0.1689453125,-0.18740256624278084,0.018457253742780844
2,0,1,0,1024,179,-0.197265625,-0.18740256624278084,-0.009863058757219156
2,0,1,0,1024,180,-0.181640625,-0.18740256624278084,0.005761941242780844
2,0,1,0,1024,181,-0.1962890625,-0.18740256624278084,-0.008886496257219156
2,0,1,0,1024,182,-0.1884765625,-0.18740256624278084,-0.0010739962572191564
2,0,1,0,1024,183,-0.1845703125,-0.18740256624278084,0.0028322537427808436
2,0,1,0,1024,184,-0.1416015625,-0.18740256624278084,0.045801003742780844
2,0,1,0,1024,185,-0.1865234375,-0.18740256624278084,0.0008791287427808436
2,0,1,0,1024,186,-0.177734375,-0.18740256624278084,0.009668191242780844
2,0,1,0,1024,187,-0.201171875,-0.18740256624278084,-0.013769308757219156
2,0,1,0,1024,188,-0.16015625,-0.18740256624278084,0.027246316242780844
2,0,1,0,1024,189,-0.193359375,-0.18740256624278084,-0.005956808757219156
2,0,1,0,1024,190,-0.1962890625,-0.18740256624278084,-0.008886496257219156
2,0,1,0,1024,191,-0.232421875,-0.18740256624278084,-0.045019308757219156
2,0,1,0,1024,192,-0.2119140625,-0.18740256624278084,-0.024511496257219156
2,0,1,0,1024,193,-0.1572265625,-0.18740256624278084,0.030176003742780844
2,0,1,0,1024,194,-0.19921875,-0.18740256624278084,-0.011816183757219156
2,0,1,0,1024,195,-0.1806640625,-0.18740256624278084,0.006738503742780844
2,0,1,0,1024,196,-0.185546875,-0.18740256624278084,0.0018556912427808436
2,0,1,0,1024,197,-0.1923828125,-0.18740256624278084,-0.004980246257219156
2,0,1,0,1024,198,-0.1640625,-0.18740256624278084,0.023340066242780844
2,0,1,0,1024,199,-0.1845703125,-0.18740256624278084,0.0028322537427808436
2,0,1,0,2048,0,-0.18798828125,-0.18740256624278084,-0.0005857150072191564
2,0,1,0,2048,1,-0.2021484375,-0.18740256624278084,-0.014745871257219156
2,0,1,0,2048,2,-0.15625,-0.18740256624278084,0.031152566242780844
2,0,1,0,2048,3,-0.18896484375,-0.18740256624278084,-0.0015622775072191564
2,0,1,0,2048,4,-0.19287109375,-0.18740256624278084,-0.005468527507219156
2,0,1,0,2048,5,-0.18505859375,-0.18740256624278084,0.0023439724927808436
2,0,1,0,2048,6,-0.2021484375,-0.18740256624278084,-0.014745871257219156
2,0,1,0,2048,7,-0.1904296875,-0.18740256624278084,-0.0030271212572191564
2,0,1,0,2048,8,-0.1953125,-0.18740256624278084,-0.007909933757219156
2,0,1,0,2048,9,-0.1650390625,-0.18740256624278084,0.022363503742780844
2,0,1,0,2048,10,-0.16357421875,-0.18740256624278084,0.023828347492780844
2,0,1,0,2048,11,-0.19091796875,-0.18740256624278084,-0.0035154025072191564
2,0,1,0,2048,12,-0.20947265625,-0.18740256624278084,-0.022070090007219156
2,0,1,0,2048,13,-0.1708984375,-0.18740256624278084,0.016504128742780844
2,0,1,0,2048,14,-0.1396484375,-0.18740256624278084,0.047754128742780844
2,0,1,0,2048,15,-0.1884765625,-0.18740256624278084,-0.0010739962572191564
2,0,1,0,2048,16,-0.19677734375,-0.18740256624278084,-0.009374777507219156
2,0,1,0,2048,17,-0.17626953125,-0.18740256624278084,0.011133034992780844
2,0,1,0,2048,18,-0.15771484375,-0.18740256624278084,0.029687722492780844
2,0,1,0,2048,19,-0.18408203125,-0.18740256624278084,0.0033205349927808436
2,0,1,0,2048,20,-0.18115234375,-0.18740256624278084,0.006250222492780844
2,0,1,0,2048,21,-0.18359375,-0.18740256624278084,0.0038088162427808436
2,0,1,0,2048,22,-0.2060546875,-0.18740256624278084,-0.018652121257219156
2,0,1,0,2048,23,-0.17626953125,-0.18740256624278084,0.011133034992780844
2,0,1,0,2048,24,-0.1630859375,-0.18740256624278084,0.024316628742780844
2,0,1,0,2048,25,-0.193359375,-0.18740256624278084,-0.005956808757219156
2,0,1,0,2048,26,-0.19482421875,-0.18740256624278084,-0.007421652507219156
2,0,1,0,2048,27,-0.1767578125,-0.18740256624278084,0.010644753742780844
2,0,1,0,2048,28,-0.185546875,-0.18740256624278084,0.0018556912427808436
2,0,1,0,2048,29,-0.1748046875,-0.18740256624278084,0.012597878742780844
2,0,1,0,2048,30,-0.18798828125,-0.18740256624278084,-0.0005857150072191564
2,0,1,0,2048,31,-0.18115234375,-0.18740256624278084,0.006250222492780844
2,0,1,0,2048,32,-0.1748046875,-0.18740256624278084,0.012597878742780844
2,0,1,0,2048,33,-0.18505859375,-0.18740256624278084,0.0023439724927808436
2,0,1,0,2048,34,-0.16796875,-0.18740256624278084,0.019433816242780844
2,0,1,0,2048,35,-0.16259765625,-0.18740256624278084,0.024804909992780844
2,0,1,0,2048,36,-0.1669921875,-0.18740256624278084,0.020410378742780844
2,0,1,0,2048,37,-0.1767578125,-0.18740256624278084,0.010644753742780844
2,0,1,0,2048,38,-0.169921875,-0.18740256624278084,0.017480691242780844
2,0,1,0,2048,39,-0.1875,-0.18740256624278084,-9.743375721915637e-05
2,0,1,0,2048,40,-0.19189453125,-0.18740256624278084,-0.004491965007219156
2,0,1,0,2048,41,-0.1728515625,-0.18740256624278084,0.014551003742780844
2,0,1,0,2048,42,-0.208984375,-0.18740256624278084,-0.021581808757219156
2,0,1,0,2048,43,-0.1884765625,-0.18740256624278084,-0.0010739962572191564
2,0,1,0,2048,44,-0.1953125,-0.18740256624278084,-0.007909933757219156
2,0,1,0,2048,45,-0.16064453125,-0.18740256624278084,0.026758034992780844
2,0,1,0,2048,46,-0.197265625,-0.18740256624278084,-0.009863058757219156
2,0,1,0,2048,47,-0.16650390625,-0.18740256624278084,0.020898659992780844
2,0,1,0,2048,48,-0.22802734375,-0.18740256624278084,-0.040624777507219156
2,0,1,0,2048,49,-0.19873046875,-0.18740256624278084,-0.011327902507219156
2,0,1,0,2048,50,-0.19921875,-0.18740256624278084,-0.011816183757219156
2,0,1,0,2048,51,-0.1884765625,-0.18740256624278084,-0.0010739962572191564
2,0,1,0,2048,52,-0.201171875,-0.18740256624278084,-0.013769308757219156
2,0,1,0,2048,53,-0.173828125,-0.18740256624278084,0.013574441242780844
2,0,1,0,2048,54,-0.21533203125,-0.18740256624278084,-0.027929465007219156
2,0,1,0,2048,55,-0.16259765625,-0.18740256624278084,0.024804909992780844
2,0,1,0,2048,56,-0.1630859375,-0.18740256624278084,0.024316628742780844
2,0,1,0,2048,57,-0.189453125,-0.18740256624278084,-0.0020505587572191564
2,0,1,0,2048,58,-0.16650390625,-0.18740256624278084,0.020898659992780844
2,0,1,0,2048,59,-0.203125,-0.18740256624278084,-0.015722433757219156
2,0,1,0,2048,60,-0.18115234375,-0.18740256624278084,0.006250222492780844
2,0,1,0,2048,61,-0.21923828125,-0.18740256624278084,-0.031835715007219156
2,0,1,0,2048,62,-0.18505859375,-0.18740256624278084,0.0023439724927808436
2,0,1,0,2048,63,-0.169921875,-0.18740256624278084,0.017480691242780844
2,0,1,0,2048,64,-0.18115234375,-0.18740256624278084,0.006250222492780844
2,0,1,0,2048,65,-0.169921875,-0.18740256624278084,0.017480691242780844
2,0,1,0,2048,66,-0.21728515625,-0.18740256624278084,-0.029882590007219156
2,0,1,0,2048,67,-0.1669921875,-0.18740256624278084,0.020410378742780844
2,0,1,0,2048,68,-0.18603515625,-0.18740256624278084,0.0013674099927808436
2,0,1,0,2048,69,-0.1884765625,-0.18740256624278084,-0.0010739962572191564
2,0,1,0,2048,70,-0.16943359375,-0.18740256624278084,0.017968972492780844
2,0,1,0,2048,71,-0.17041015625,-0.18740256624278084,0.016992409992780844
2,0,1,0,2048,72,-0.19970703125,-0.18740256624278084,-0.012304465007219156
2,0,1,0,2048,73,-0.15478515625,-0.18740256624278084,0.032617409992780844
2,0,1,0,2048,74,-0.185546875,-0.18740256624278084,0.0018556912427808436
2,0,1,0,2048,75,-0.19873046875,-0.18740256624278084,-0.011327902507219156
2,0,1,0,2048,76,-0.19189453125,-0.18740256624278084,-0.004491965007219156
2,0,1,0,2048,77,-0.16015625,-0.18740256624278084,0.027246316242780844
2,0,1,0,2048,78,-0.208984375,-0.18740256624278084,-0.021581808757219156
2,0,1,0,2048,79,-0.18798828125,-0.18740256624278084,-0.0005857150072191564
2,0,1,0,2048,80,-0.1748046875,-0.18740256624278084,0.012597878742780844
2,0,1,0,2048,81,-0.197265625,-0.18740256624278084,-0.009863058757219156
2,0,1,0,2048,82,-0.17626953125,-0.18740256624278084,0.011133034992780844
2,0,1,0,2048,83,-0.19140625,-0.18740256624278084,-0.004003683757219156
2,0,1,0,2048,84,-0.2177734375,-0.18740256624278084,-0.030370871257219156
2,0,1,0,2048,85,-0.18115234375,-0.18740256624278084,0.006250222492780844
2,0,1,0,2048,86,-0.2060546875,-0.18740256624278084,-0.018652121257219156
2,0,1,0,2048,87,-0.1650390625,-0.18740256624278084,0.022363503742780844
2,0,1,0,2048,88,-0.2138671875,-0.18740256624278084,-0.026464621257219156
2,0,1,0,2048,89,-0.19287109375,-0.18740256624278084,-0.005468527507219156
2,0,1,0,2048,90,-0.17041015625,-0.18740256624278084,0.016992409992780844
2,0,1,0,2048,91,-0.162109375,-0.18740256624278084,0.025293191242780844
2,0,1,0,2048,92,-0.203125,-0.18740256624278084,-0.015722433757219156
2,0,1,0,2048,93,-0.193359375,-0.18740256624278084,-0.005956808757219156
2,0,1,0,2048,94,-0.2080078125,-0.18740256624278084,-0.020605246257219156
2,0,1,0,2048,95,-0.1962890625,-0.18740256624278084,-0.008886496257219156
2,0,1,0,2048,96,-0.16650390625,-0.18740256624278084,0.020898659992780844
2,0,1,0,2048,97,-0.2021484375,-0.18740256624278084,-0.014745871257219156
2,0,1,0,2048,98,-0.1796875,-0.18740256624278084,0.007715066242780844
2,0,1,0,2048,99,-0.181640625,-0.18740256624278084,0.005761941242780844
2,0,1,0,2048,100,-0.19970703125,-0.18740256624278084,-0.012304465007219156
2,0,1,0,2048,101,-0.21435546875,-0.18740256624278084,-0.026952902507219156
2,0,1,0,2048,102,-0.17626953125,-0.18740256624278084,0.011133034992780844
2,0,1,0,2048,103,-0.1796875,-0.18740256624278084,0.007715066242780844
2,0,1,0,2048,104,-0.1748046875,-0.18740256624278084,0.012597878742780844
2,0,1,0,2048,105,-0.17724609375,-0.18740256624278084,0.010156472492780844
2,0,1,0,2048,106,-0.19140625,-0.18740256624278084,-0.004003683757219156
2,0,1,0,2048,107,-0.1962890625,-0.18740256624278084,-0.008886496257219156
2,0,1,0,2048,108,-0.17578125,-0.18740256624278084,0.011621316242780844
2,0,1,0,2048,109,-0.1787109375,-0.18740256624278084,0.008691628742780844
2,0,1,0,2048,110,-0.20947265625,-0.18740256624278084,-0.022070090007219156
2,0,1,0,2048,111,-0.1865234375,-0.18740256624278084,0.0008791287427808436
2,0,1,0,2048,112,-0.1845703125,-0.18740256624278084,0.0028322537427808436
2,0,1,0,2048,113,-0.19482421875,-0.18740256624278084,-0.007421652507219156
2,0,1,0,2048,114,-0.15576171875,-0.18740256624278084,0.031640847492780844
2,0,1,0,2048,115,-0.16455078125,-0.18740256624278084,0.022851784992780844
2,0,1,0,2048,116,-0.166015625,-0.18740256624278084,0.021386941242780844
2,0,1,0,2048,117,-0.197265625,-0.18740256624278084,-0.009863058757219156
2,0,1,0,2048,118,-0.19482421875,-0.18740256624278084,-0.007421652507219156
2,0,1,0,2048,119,-0.2021484375,-0.18740256624278084,-0.014745871257219156
2,0,1,0,2048,120,-0.18017578125,-0.18740256624278084,0.007226784992780844
2,0,1,0,2048,121,-0.18017578125,-0.18740256624278084,0.007226784992780844
2,0,1,0,2048,122,-0.1826171875,-0.18740256624278084,0.004785378742780844
2,0,1,0,2048,123,-0.19482421875,-0.18740256624278084,-0.007421652507219156
2,0,1,0,2048,124,-0.19921875,-0.18740256624278084,-0.011816183757219156
2,0,1,0,2048,125,-0.21826171875,-0.18740256624278084,-0.030859152507219156
2,0,1,0,2048,126,-0.1787109375,-0.18740256624278084,0.008691628742780844
2,0,1,0,2048,127,-0.166015625,-0.18740256624278084,0.021386941242780844
2,0,1,0,2048,128,-0.1943359375,-0.18740256624278084,-0.006933371257219156
2,0,1,0,2048,129,-0.19482421875,-0.18740256624278084,-0.007421652507219156
2,0,1,0,2048,130,-0.16455078125,-0.18740256624278084,0.022851784992780844
2,0,1,0,2048,131,-0.19677734375,-0.18740256624278084,-0.009374777507219156
2,0,1,0,2048,132,-0.1806640625,-0.18740256624278084,0.006738503742780844
2,0,1,0,2048,133,-0.16650390625,-0.18740256624278084,0.020898659992780844
2,0,1,0,2048,134,-0.19140625,-0.18740256624278084,-0.004003683757219156
2,0,1,0,2048,135,-0.19384765625,-0.18740256624278084,-0.006445090007219156
2,0,1,0,2048,136,-0.17041015625,-0.18740256624278084,0.016992409992780844
2,0,1,0,2048,137,-0.197265625,-0.18740256624278084,-0.009863058757219156
2,0,1,0,2048,138,-0.17919921875,-0.18740256624278084,0.008203347492780844
2,0,1,0,2048,139,-0.18603515625,-0.18740256624278084,0.0013674099927808436
2,0,1,0,2048,140,-0.18603515625,-0.18740256624278084,0.0013674099927808436
2,0,1,0,2048,141,-0.1787109375,-0.18740256624278084,0.008691628742780844
2,0,1,0,2048,142,-0.18798828125,-0.18740256624278084,-0.0005857150072191564
2,0,1,0,2048,143,-0.19140625,-0.18740256624278084,-0.004003683757219156
2,0,1,0,2048,144,-0.205078125,-0.18740256624278084,-0.017675558757219156
2,0,1,0,2048,145,-0.18115234375,-0.18740256624278084,0.006250222492780844
2,0,1,0,2048,146,-0.21142578125,-0.18740256624278084,-0.024023215007219156
2,0,1,0,2048,147,-0.16748046875,-0.18740256624278084,0.019922097492780844
2,0,1,0,2048,148,-0.16357421875,-0.18740256624278084,0.023828347492780844
2,0,1,0,2048,149,-0.19677734375,-0.18740256624278084,-0.009374777507219156
2,0,1,0,2048,150,-0.197265625,-0.18740256624278084,-0.009863058757219156
2,0,1,0,2048,151,-0.19970703125,-0.18740256624278084,-0.012304465007219156
2,0,1,0,2048,152,-0.1796875,-0.18740256624278084,0.007715066242780844
2,0,1,0,2048,153,-0.16650390625,-0.18740256624278084,0.020898659992780844
2,0,1,0,2048,154,-0.17236328125,-0.18740256624278084,0.015039284992780844
2,0,1,0,2048,155,-0.1982421875,-0.18740256624278084,-0.010839621257219156
2,0,1,0,2048,156,-0.1669921875,-0.18740256624278084,0.020410378742780844
2,0,1,0,2048,157,-0.18505859375,-0.18740256624278084,0.0023439724927808436
2,0,1,0,2048,158,-0.19384765625,-0.18740256624278084,-0.006445090007219156
2,0,1,0,2048,159,-0.21923828125,-0.18740256624278084,-0.031835715007219156
2,0,1,0,2048,160,-0.17919921875,-0.18740256624278084,0.008203347492780844
2,0,1,0,2048,161,-0.1767578125,-0.18740256624278084,0.010644753742780844
2,0,1,0,2048,162,-0.1962890625,-0.18740256624278084,-0.008886496257219156
2,0,1,0,2048,163,-0.1630859375,-0.18740256624278084,0.024316628742780844
2,0,1,0,2048,164,-0.18115234375,-0.18740256624278084,0.006250222492780844
2,0,1,0,2048,165,-0.1943359375,-0.18740256624278084,-0.006933371257219156
2,0,1,0,2048,166,-0.16259765625,-0.18740256624278084,0.024804909992780844
2,0,1,0,2048,167,-0.18505859375,-0.18740256624278084,0.0023439724927808436
2,0,1,0,2048,168,-0.1923828125,-0.18740256624278084,-0.004980246257219156
2,0,1,0,2048,169,-0.21240234375,-0.18740256624278084,-0.024999777507219156
2,0,1,0,2048,170,-0.18359375,-0.18740256624278084,0.0038088162427808436
2,0,1,0,2048,171,-0.20947265625,-0.18740256624278084,-0.022070090007219156
2,0,1,0,2048,172,-0.1689453125,-0.18740256624278084,0.018457253742780844
2,0,1,0,2048,173,-0.2119140625,-0.18740256624278084,-0.024511496257219156
2,0,1,0,2048,174,-0.2021484375,-0.18740256624278084,-0.014745871257219156
2,0,1,0,2048,175,-0.1689453125,-0.18740256624278084,0.018457253742780844
2,0,1,0,2048,176,-0.189453125,-0.18740256624278084,-0.0020505587572191564
2,0,1,0,2048,177,-0.19921875,-0.18740256624278084,-0.011816183757219156
2,0,1,0,2048,178,-0.18896484375,-0.18740256624278084,-0.0015622775072191564
2,0,1,0,2048,179,-0.173828125,-0.18740256624278084,0.013574441242780844
2,0,1,0,2048,180,-0.19091796875,-0.18740256624278084,-0.0035154025072191564
2,0,1,0,2048,181,-0.17822265625,-0.18740256624278084,0.009179909992780844
2,0,1,0,2048,182,-0.19384765625,-0.18740256624278084,-0.006445090007219156
2,0,1,0,2048,183,-0.17236328125,-0.18740256624278084,0.015039284992780844
2,0,1,0,2048,184,-0.19921875,-0.18740256624278084,-0.011816183757219156
2,0,1,0,2048,185,-0.2080078125,-0.18740256624278084,-0.020605246257219156
2,0,1,0,2048,186,-0.20947265625,-0.18740256624278084,-0.022070090007219156
2,0,1,0,2048,187,-0.19921875,-0.18740256624278084,-0.011816183757219156
2,0,1,0,2048,188,-0.181640625,-0.18740256624278084,0.005761941242780844
2,0,1,0,2048,189,-0.1796875,-0.18740256624278084,0.007715066242780844
2,0,1,0,2048,190,-0.19189453125,-0.18740256624278084,-0.004491965007219156
2,0,1,0,2048,191,-0.20166015625,-0.18740256624278084,-0.014257590007219156
2,0,1,0,2048,192,-0.197265625,-0.18740256624278084,-0.009863058757219156
2,0,1,0,2048,193,-0.19921875,-0.18740256624278084,-0.011816183757219156
2,0,1,0,2048,194,-0.17333984375,-0.18740256624278084,0.014062722492780844
2,0,1,0,2048,195,-0.18017578125,-0.18740256624278084,0.007226784992780844
2,0,1,0,2048,196,-0.19873046875,-0.18740256624278084,-0.011327902507219156
2,0,1,0,2048,197,-0.19873046875,-0.18740256624278084,-0.011327902507219156
2,0,1,0,2048,198,-0.19775390625,-0.18740256624278084,-0.010351340007219156
2,0,1,0,2048,199,-0.1640625,-0.18740256624278084,0.023340066242780844
3,0,1,1,64,0,0.625,0.6213157364442095,0.0036842635557905457
3,0,1,1,64,1,0.546875,0.6213157364442095,-0.07444073644420945
3,0,1,1,64,2,0.65625,0.6213157364442095,0.034934263555790546
3,0,1,1,64,3,0.625,0.6213157364442095,0.0036842635557905457
3,0,1,1,64,4,0.65625,0.6213157364442095,0.034934263555790546
3,0,1,1,64,5,0.640625,0.6213157364442095,0.019309263555790546
3,0,1,1,64,6,0.578125,0.6213157364442095,-0.043190736444209454
3,0,1,1,64,7,0.703125,0.6213157364442095,0.08180926355579055
3,0,1,1,64,8,0.6875,0.6213157364442095,0.06618426355579055
3,0,1,1,64,9,0.5625,0.6213157364442095,-0.058815736444209454
3,0,1,1,64,10,0.59375,0.6213157364442095,-0.027565736444209454
3,0,1,1,64,11,0.640625,0.6213157364442095,0.019309263555790546
3,0,1,1,64,12,0.609375,0.6213157364442095,-0.011940736444209454
3,0,1,1,64,13,0.5,0.6213157364442095,-0.12131573644420945
3,0,1,1,64,14,0.703125,0.6213157364442095,0.08180926355579055
3,0,1,1,64,15,0.75,0.6213157364442095,0.12868426355579055
3,0,1,1,64,16,0.578125,0.6213157364442095,-0.043190736444209454
3,0,1,1,64,17,0.5,0.6213157364442095,-0.12131573644420945
3,0,1,1,64,18,0.65625,0.6213157364442095,0.034934263555790546
3,0,1,1,64,19,0.71875,0.6213157364442095,0.09743426355579055
3,0,1,1,64,20,0.5625,0.6213157364442095,-0.058815736444209454
3,0,1,1,64,21,0.453125,0.6213157364442095,-0.16819073644420945
3,0,1,1,64,22,0.609375,0.6213157364442095,-0.011940736444209454
3,0,1,1,64,23,0.578125,0.6213157364442095,-0.043190736444209454
3,0,1,1,64,24,0.59375,0.6213157364442095,-0.027565736444209454
3,0,1,1,64,25,0.6875,0.6213157364442095,0.06618426355579055
3,0,1,1,64,26,0.46875,0.6213157364442095,-0.15256573644420945
3,0,1,1,64,27,0.5625,0.6213157364442095,-0.058815736444209454
3,0,1,1,64,28,0.53125,0.6213157364442095,-0.09006573644420945
3,0,1,1,64,29,0.640625,0.6213157364442095,0.019309263555790546
3,0,1,1,64,30,0.71875,0.6213157364442095,0.09743426355579055
3,0,1,1,64,31,0.671875,0.6213157364442095,0.050559263555790546
3,0,1,1,64,32,0.65625,0.6213157364442095,0.034934263555790546
3,0,1,1,64,33,0.5625,0.6213157364442095,-0.058815736444209454
3,0,1,1,64,34,0.671875,0.6213157364442095,0.050559263555790546
3,0,1,1,64,35,0.625,0.6213157364442095,0.0036842635557905457
3,0,1,1,64,36,0.71875,0.6213157364442095,0.09743426355579055
3,0,1,1,64,37,0.578125,0.6213157364442095,-0.043190736444209454
3,0,1,1,64,38,0.609375,0.6213157364442095,-0.011940736444209454
3,0,1,1,64,39,0.53125,0.6213157364442095,-0.09006573644420945
3,0,1,1,64,40,0.484375,0.6213157364442095,-0.13694073644420945
3,0,1,1,64,41,0.59375,0.6213157364442095,-0.027565736444209454
3,0,1,1,64,42,0.640625,0.6213157364442095,0.019309263555790546
3,0,1,1,64,43,0.59375,0.6213157364442095,-0.027565736444209454
3,0,1,1,64,44,0.671875,0.6213157364442095,0.050559263555790546
3,0,1,1,64,45,0.609375,0.6213157364442095,-0.011940736444209454
3,0,1,1,64,46,0.6875,0.6213157364442095,0.06618426355579055
3,0,1,1,64,47,0.625,0.6213157364442095,0.0036842635557905457
3,0,1,1,64,48,0.609375,0.6213157364442095,-0.011940736444209454
3,0,1,1,64,49,0.515625,0.6213157364442095,-0.10569073644420945
3,0,1,1,64,50,0.71875,0.6213157364442095,0.09743426355579055
3,0,1,1,64,51,0.546875,0.6213157364442095,-0.07444073644420945
3,0,1,1,64,52,0.59375,0.6213157364442095,-0.027565736444209454
3,0,1,1,64,53,0.546875,0.6213157364442095,-0.07444073644420945
3,0,1,1,64,54,0.515625,0.6213157364442095,-0.10569073644420945
3,0,1,1,64,55,0.484375,0.6213157364442095,-0.13694073644420945
3,0,1,1,64,56,0.484375,0.6213157364442095,-0.13694073644420945
3,0,1,1,64,57,0.59375,0.6213157364442095,-0.027565736444209454
3,0,1,1,64,58,0.578125,0.6213157364442095,-0.043190736444209454
3,0,1,1,64,59,0.65625,0.6213157364442095,0.034934263555790546
3,0,1,1,64,60,0.5625,0.6213157364442095,-0.058815736444209454
3,0,1,1,64,61,0.65625,0.6213157364442095,0.034934263555790546
3,0,1,1,64,62,0.703125,0.6213157364442095,0.08180926355579055
3,0,1,1,64,63,0.609375,0.6213157364442095,-0.011940736444209454
3,0,1,1,64,64,0.65625,0.6213157364442095,0.034934263555790546
3,0,1,1,64,65,0.53125,0.6213157364442095,-0.09006573644420945
3,0,1,1,64,66,0.640625,0.6213157364442095,0.019309263555790546
3,0,1,1,64,67,0.71875,0.6213157364442095,0.09743426355579055
3,0,1,1,64,68,0.609375,0.6213157364442095,-0.011940736444209454
3,0,1,1,64,69,0.59375,0.6213157364442095,-0.027565736444209454
3,0,1,1,64,70,0.640625,0.6213157364442095,0.019309263555790546
3,0,1,1,64,71,0.625,0.6213157364442095,0.0036842635557905457
3,0,1,1,64,72,0.6875,0.6213157364442095,0.06618426355579055
3,0,1,1,64,73,0.59375,0.6213157364442095,-0.027565736444209454
3,0,1,1,64,74,0.546875,0.6213157364442095,-0.07444073644420945
3,0,1,1,64,75,0.578125,0.6213157364442095,-0.043190736444209454
3,0,1,1,64,76,0.734375,0.6213157364442095,0.11305926355579055
3,0,1,1,64,77,0.59375,0.6213157364442095,-0.027565736444209454
3,0,1,1,64,78,0.75,0.6213157364442095,0.12868426355579055
3,0,1,1,64,79,0.71875,0.6213157364442095,0.09743426355579055
3,0,1,1,64,80,0.75,0.6213157364442095,0.12868426355579055
3,0,1,1,64,81,0.65625,0.6213157364442095,0.034934263555790546
3,0,1,1,64,82,0.625,0.6213157364442095,0.0036842635557905457
3,0,1,1,64,83,0.5625,0.6213157364442095,-0.058815736444209454
3,0,1,1,64,84,0.5625,0.6213157364442095,-0.058815736444209454
3,0,1,1,64,85,0.765625,0.6213157364442095,0.14430926355579055
3,0,1,1,64,86,0.421875,0.6213157364442095,-0.19944073644420945
3,0,1,1,64,87,0.78125,0.6213157364442095,0.15993426355579055
3,0,1,1,64,88,0.671875,0.6213157364442095,0.050559263555790546
3,0,1,1,64,89,0.609375,0.6213157364442095,-0.011940736444209454
3,0,1,1,64,90,0.703125,0.6213157364442095,0.08180926355579055
3,0,1,1,64,91,0.609375,0.6213157364442095,-0.011940736444209454
3,0,1,1,64,92,0.609375,0.6213157364442095,-0.011940736444209454
3,0,1,1,64,93,0.578125,0.6213157364442095,-0.043190736444209454
3,0,1,1,64,94,0.71875,0.6213157364442095,0.09743426355579055
3,0,1,1,64,95,0.46875,0.6213157364442095,-0.15256573644420945
3,0,1,1,64,96,0.625,0.6213157364442095,0.0036842635557905457
3,0,1,1,64,97,0.609375,0.6213157364442095,-0.011940736444209454
3,0,1,1,64,98,0.640625,0.6213157364442095,0.019309263555790546
3,0,1,1,64,99,0.609375,0.6213157364442095,-0.011940736444209454
3,0,1,1,64,100,0.578125,0.6213157364442095,-0.043190736444209454
3,0,1,1,64,101,0.609375,0.6213157364442095,-0.011940736444209454
3,0,1,1,64,102,0.65625,0.6213157364442095,0.034934263555790546
3,0,1,1,64,103,0.6875,0.6213157364442095,0.06618426355579055
3,0,1,1,64,104,0.703125,0.6213157364442095,0.08180926355579055
3,0,1,1,64,105,0.734375,0.6213157364442095,0.11305926355579055
3,0,1,1,64,106,0.609375,0.6213157364442095,-0.011940736444209454
3,0,1,1,64,107,0.671875,0.6213157364442095,0.050559263555790546
3,0,1,1,64,108,0.671875,0.6213157364442095,0.050559263555790546
3,0,1,1,64,109,0.75,0.6213157364442095,0.12868426355579055
3,0,1,1,64,110,0.75,0.6213157364442095,0.12868426355579055
3,0,1,1,64,111,0.640625,0.6213157364442095,0.019309263555790546
3,0,1,1,64,112,0.640625,0.6213157364442095,0.019309263555790546
3,0,1,1,64,113,0.65625,0.6213157364442095,0.034934263555790546
3,0,1,1,64,114,0.703125,0.6213157364442095,0.08180926355579055
3,0,1,1,64,115,0.578125,0.6213157364442095,-0.043190736444209454
3,0,1,1,64,116,0.5625,0.6213157364442095,-0.058815736444209454
3,0,1,1,64,117,0.65625,0.6213157364442095,0.034934263555790546
3,0,1,1,64,118,0.59375,0.6213157364442095,-0.027565736444209454
3,0,1,1,64,119,0.515625,0.6213157364442095,-0.10569073644420945
3,0,1,1,64,120,0.6875,0.6213157364442095,0.06618426355579055
3,0,1,1,64,121,0.6875,0.6213157364442095,0.06618426355579055
3,0,1,1,64,122,0.65625,0.6213157364442095,0.034934263555790546
3,0,1,1,64,123,0.609375,0.6213157364442095,-0.011940736444209454
3,0,1,1,64,124,0.59375,0.6213157364442095,-0.027565736444209454
3,0,1,1,64,125,0.640625,0.6213157364442095,0.019309263555790546
3,0,1,1,64,126,0.53125,0.6213157364442095,-0.09006573644420945
3,0,1,1,64,127,0.6875,0.6213157364442095,0.06618426355579055
3,0,1,1,64,128,0.578125,0.6213157364442095,-0.043190736444209454
3,0,1,1,64,129,0.484375,0.6213157364442095,-0.13694073644420945
3,0,1,1,64,130,0.734375,0.6213157364442095,0.11305926355579055
3,0,1,1,64,131,0.53125,0.6213157364442095,-0.09006573644420945
3,0,1,1,64,132,0.609375,0.6213157364442095,-0.011940736444209454
3,0,1,1,64,133,0.6875,0.6213157364442095,0.06618426355579055
3,0,1,1,64,134,0.5,0.6213157364442095,-0.12131573644420945
3,0,1,1,64,135,0.640625,0.6213157364442095,0.019309263555790546
3,0,1,1,64,136,0.5625,0.6213157364442095,-0.058815736444209454
3,0,1,1,64,137,0.65625,0.6213157364442095,0.034934263555790546
3,0,1,1,64,138,0.59375,0.6213157364442095,-0.027565736444209454
3,0,1,1,64,139,0.5625,0.6213157364442095,-0.058815736444209454
3,0,1,1,64,140,0.671875,0.6213157364442095,0.050559263555790546
3,0,1,1,64,141,0.625,0.6213157364442095,0.0036842635557905457
3,0,1,1,64,142,0.6875,0.6213157364442095,0.06618426355579055
3,0,1,1,64,143,0.640625,0.6213157364442095,0.019309263555790546
3,0,1,1,64,144,0.609375,0.6213157364442095,-0.011940736444209454
3,0,1,1,64,145,0.59375,0.6213157364442095,-0.027565736444209454
3,0,1,1,64,146,0.609375,0.6213157364442095,-0.011940736444209454
3,0,1,1,64,147,0.625,0.6213157364442095,0.0036842635557905457
3,0,1,1,64,148,0.640625,0.6213157364442095,0.019309263555790546
3,0,1,1,64,149,0.671875,0.6213157364442095,0.050559263555790546
3,0,1,1,64,150,0.65625,0.6213157364442095,0.034934263555790546
3,0,1,1,64,151,0.671875,0.6213157364442095,0.050559263555790546
3,0,1,1,64,152,0.625,0.6213157364442095,0.0036842635557905457
3,0,1,1,64,153,0.6875,0.6213157364442095,0.06618426355579055
3,0,1,1,64,154,0.53125,0.6213157364442095,-0.09006573644420945
3,0,1,1,64,155,0.6875,0.6213157364442095,0.06618426355579055
3,0,1,1,64,156,0.59375,0.6213157364442095,-0.027565736444209454
3,0,1,1,64,157,0.703125,0.6213157364442095,0.08180926355579055
3,0,1,1,64,158,0.578125,0.6213157364442095,-0.043190736444209454
3,0,1,1,64,159,0.671875,0.6213157364442095,0.050559263555790546
3,0,1,1,64,160,0.625,0.6213157364442095,0.0036842635557905457
3,0,1,1,64,161,0.53125,0.6213157364442095,-0.09006573644420945
3,0,1,1,64,162,0.703125,0.6213157364442095,0.08180926355579055
3,0,1,1,64,163,0.59375,0.6213157364442095,-0.027565736444209454
3,0,1,1,64,164,0.640625,0.6213157364442095,0.019309263555790546
3,0,1,1,64,165,0.609375,0.6213157364442095,-0.011940736444209454
3,0,1,1,64,166,0.546875,0.6213157364442095,-0.07444073644420945
3,0,1,1,64,167,0.671875,0.6213157364442095,0.050559263555790546
3,0,1,1,64,168,0.609375,0.6213157364442095,-0.011940736444209454
3,0,1,1,64,169,0.640625,0.6213157364442095,0.019309263555790546
3,0,1,1,64,170,0.515625,0.6213157364442095,-0.10569073644420945
3,0,1,1,64,171,0.609375,0.6213157364442095,-0.011940736444209454
3,0,1,1,64,172,0.625,0.6213157364442095,0.0036842635557905457
3,0,1,1,64,173,0.625,0.6213157364442095,0.0036842635557905457
3,0,1,1,64,174,0.59375,0.6213157364442095,-0.027565736444209454
3,0,1,1,64,175,0.578125,0.6213157364442095,-0.043190736444209454
3,0,1,1,64,176,0.6875,0.6213157364442095,0.06618426355579055
3,0,1,1,64,177,0.625,0.6213157364442095,0.0036842635557905457
3,0,1,1,64,178,0.625,0.6213157364442095,0.0036842635557905457
3,0,1,1,64,179,0.640625,0.6213157364442095,0.019309263555790546
3,0,1,1,64,180,0.578125,0.6213157364442095,-0.043190736444209454
3,0,1,1,64,181,0.671875,0.6213157364442095,0.050559263555790546
3,0,1,1,64,182,0.578125,0.6213157364442095,-0.043190736444209454
3,0,1,1,64,183,0.65625,0.6213157364442095,0.034934263555790546
3,0,1,1,64,184,0.59375,0.6213157364442095,-0.027565736444209454
3,0,1,1,64,185,0.578125,0.6213157364442095,-0.043190736444209454
3,0,1,1,64,186,0.671875,0.6213157364442095,0.050559263555790546
3,0,1,1,64,187,0.65625,0.6213157364442095,0.034934263555790546
3,0,1,1,64,188,0.609375,0.6213157364442095,-0.011940736444209454
3,0,1,1,64,189,0.6875,0.6213157364442095,0.06618426355579055
3,0,1,1,64,190,0.640625,0.6213157364442095,0.019309263555790546
3,0,1,1,64,191,0.609375,0.6213157364442095,-0.011940736444209454
3,0,1,1,64,192,0.546875,0.6213157364442095,-0.07444073644420945
3,0,1,1,64,193,0.734375,0.6213157364442095,0.11305926355579055
3,0,1,1,64,194,0.640625,0.6213157364442095,0.019309263555790546
3,0,1,1,64,195,0.65625,0.6213157364442095,0.034934263555790546
3,0,1,1,64,196,0.578125,0.6213157364442095,-0.043190736444209454
3,0,1,1,64,197,0.609375,0.6213157364442095,-0.011940736444209454
3,0,1,1,64,198,0.71875,0.6213157364442095,0.09743426355579055
3,0,1,1,64,199,0.671875,0.6213157364442095,0.050559263555790546
3,0,1,1,128,0,0.6015625,0.6213157364442095,-0.019753236444209454
3,0,1,1,128,1,0.625,0.6213157364442095,0.0036842635557905457
3,0,1,1,128,2,0.609375,0.6213157364442095,-0.011940736444209454
3,0,1,1,128,3,0.6640625,0.6213157364442095,0.042746763555790546
3,0,1,1,128,4,0.5859375,0.6213157364442095,-0.035378236444209454
3,0,1,1,128,5,0.6640625,0.6213157364442095,0.042746763555790546
3,0,1,1,128,6,0.625,0.6213157364442095,0.0036842635557905457
3,0,1,1,128,7,0.65625,0.6213157364442095,0.034934263555790546
3,0,1,1,128,8,0.59375,0.6213157364442095,-0.027565736444209454
3,0,1,1,128,9,0.703125,0.6213157364442095,0.08180926355579055
3,0,1,1,128,10,0.6875,0.6213157364442095,0.06618426355579055
3,0,1,1,128,11,0.640625,0.6213157364442095,0.019309263555790546
3,0,1,1,128,12,0.6171875,0.6213157364442095,-0.004128236444209454
3,0,1,1,128,13,0.6328125,0.6213157364442095,0.011496763555790546
3,0,1,1,128,14,0.5546875,0.6213157364442095,-0.06662823644420945
3,0,1,1,128,15,0.671875,0.6213157364442095,0.050559263555790546
3,0,1,1,128,16,0.6796875,0.6213157364442095,0.058371763555790546
3,0,1,1,128,17,0.640625,0.6213157364442095,0.019309263555790546
3,0,1,1,128,18,0.578125,0.6213157364442095,-0.043190736444209454
3,0,1,1,128,19,0.578125,0.6213157364442095,-0.043190736444209454
3,0,1,1,128,20,0.671875,0.6213157364442095,0.050559263555790546
3,0,1,1,128,21,0.65625,0.6213157364442095,0.034934263555790546
3,0,1,1,128,22,0.6640625,0.6213157364442095,0.042746763555790546
3,0,1,1,128,23,0.59375,0.6213157364442095,-0.027565736444209454
3,0,1,1,128,24,0.5625,0.6213157364442095,-0.058815736444209454
3,0,1,1,128,25,0.6015625,0.6213157364442095,-0.019753236444209454
3,0,1,1,128,26,0.6484375,0.6213157364442095,0.027121763555790546
3,0,1,1,128,27,0.59375,0.6213157364442095,-0.027565736444209454
3,0,1,1,128,28,0.5546875,0.6213157364442095,-0.06662823644420945
3,0,1,1,128,29,0.6328125,0.6213157364442095,0.011496763555790546
3,0,1,1,128,30,0.671875,0.6213157364442095,0.050559263555790546
3,0,1,1,128,31,0.6171875,0.6213157364442095,-0.004128236444209454
3,0,1,1,128,32,0.6015625,0.6213157364442095,-0.019753236444209454
3,0,1,1,128,33,0.5078125,0.6213157364442095,-0.11350323644420945
3,0,1,1,128,34,0.5703125,0.6213157364442095,-0.051003236444209454
3,0,1,1,128,35,0.6953125,0.6213157364442095,0.07399676355579055
3,0,1,1,128,36,0.6796875,0.6213157364442095,0.058371763555790546
3,0,1,1,128,37,0.6328125,0.6213157364442095,0.011496763555790546
3,0,1,1,128,38,0.703125,0.6213157364442095,0.08180926355579055
3,0,1,1,128,39,0.65625,0.6213157364442095,0.034934263555790546
3,0,1,1,128,40,0.6875,0.6213157364442095,0.06618426355579055
3,0,1,1,128,41,0.5546875,0.6213157364442095,-0.06662823644420945
3,0,1,1,128,42,0.578125,0.6213157364442095,-0.043190736444209454
3,0,1,1,128,43,0.578125,0.6213157364442095,-0.043190736444209454
3,0,1,1,128,44,0.6953125,0.6213157364442095,0.07399676355579055
3,0,1,1,128,45,0.609375,0.6213157364442095,-0.011940736444209454
3,0,1,1,128,46,0.6484375,0.6213157364442095,0.027121763555790546
3,0,1,1,128,47,0.6875,0.6213157364442095,0.06618426355579055
3,0,1,1,128,48,0.6484375,0.6213157364442095,0.027121763555790546
3,0,1,1,128,49,0.5859375,0.6213157364442095,-0.035378236444209454
3,0,1,1,128,50,0.65625,0.6213157364442095,0.034934263555790546
3,0,1,1,128,51,0.6796875,0.6213157364442095,0.058371763555790546
3,0,1,1,128,52,0.5390625,0.6213157364442095,-0.08225323644420945
3,0,1,1,128,53,0.703125,0.6213157364442095,0.08180926355579055
3,0,1,1,128,54,0.6953125,0.6213157364442095,0.07399676355579055
3,0,1,1,128,55,0.6015625,0.6213157364442095,-0.019753236444209454
3,0,1,1,128,56,0.546875,0.6213157364442095,-0.07444073644420945
3,0,1,1,128,57,0.6171875,0.6213157364442095,-0.004128236444209454
3,0,1,1,128,58,0.6953125,0.6213157364442095,0.07399676355579055
3,0,1,1,128,59,0.6015625,0.6213157364442095,-0.019753236444209454
3,0,1,1,128,60,0.578125,0.6213157364442095,-0.043190736444209454
3,0,1,1,128,61,0.640625,0.6213157364442095,0.019309263555790546
3,0,1,1,128,62,0.625,0.6213157364442095,0.0036842635557905457
3,0,1,1,128,63,0.609375,0.6213157364442095,-0.011940736444209454
3,0,1,1,128,64,0.6875,0.6213157364442095,0.06618426355579055
3,0,1,1,128,65,0.6484375,0.6213157364442095,0.027121763555790546
3,0,1,1,128,66,0.6484375,0.6213157364442095,0.027121763555790546
3,0,1,1,128,67,0.5859375,0.6213157364442095,-0.035378236444209454
3,0,1,1,128,68,0.5546875,0.6213157364442095,-0.06662823644420945
3,0,1,1,128,69,0.65625,0.6213157364442095,0.034934263555790546
3,0,1,1,128,70,0.671875,0.6213157364442095,0.050559263555790546
3,0,1,1,128,71,0.6640625,0.6213157364442095,0.042746763555790546
3,0,1,1,128,72,0.6640625,0.6213157364442095,0.042746763555790546
3,0,1,1,128,73,0.5703125,0.6213157364442095,-0.051003236444209454
3,0,1,1,128,74,0.6328125,0.6213157364442095,0.011496763555790546
3,0,1,1,128,75,0.640625,0.6213157364442095,0.019309263555790546
3,0,1,1,128,76,0.640625,0.6213157364442095,0.019309263555790546
3,0,1,1,128,77,0.625,0.6213157364442095,0.0036842635557905457
3,0,1,1,128,78,0.609375,0.6213157364442095,-0.011940736444209454
3,0,1,1,128,79,0.578125,0.6213157364442095,-0.043190736444209454
3,0,1,1,128,80,0.6171875,0.6213157364442095,-0.004128236444209454
3,0,1,1,128,81,0.703125,0.6213157364442095,0.08180926355579055
3,0,1,1,128,82,0.5078125,0.6213157364442095,-0.11350323644420945
3,0,1,1,128,83,0.6015625,0.6213157364442095,-0.019753236444209454
3,0,1,1,128,84,0.796875,0.6213157364442095,0.17555926355579055
3,0,1,1,128,85,0.6171875,0.6213157364442095,-0.004128236444209454
3,0,1,1,128,86,0.6171875,0.6213157364442095,-0.004128236444209454
3,0,1,1,128,87,0.625,0.6213157364442095,0.0036842635557905457
3,0,1,1,128,88,0.578125,0.6213157364442095,-0.043190736444209454
3,0,1,1,128,89,0.671875,0.6213157364442095,0.050559263555790546
3,0,1,1,128,90,0.640625,0.6213157364442095,0.019309263555790546
3,0,1,1,128,91,0.6171875,0.6213157364442095,-0.004128236444209454
3,0,1,1,128,92,0.625,0.6213157364442095,0.0036842635557905457
3,0,1,1,128,93,0.6640625,0.6213157364442095,0.042746763555790546
3,0,1,1,128,94,0.5234375,0.6213157364442095,-0.09787823644420945
3,0,1,1,128,95,0.6171875,0.6213157364442095,-0.004128236444209454
3,0,1,1,128,96,0.6640625,0.6213157364442095,0.042746763555790546
3,0,1,1,128,97,0.6015625,0.6213157364442095,-0.019753236444209454
3,0,1,1,128,98,0.6484375,0.6213157364442095,0.027121763555790546
3,0,1,1,128,99,0.625,0.6213157364442095,0.0036842635557905457
3,0,1,1,128,100,0.6015625,0.6213157364442095,-0.019753236444209454
3,0,1,1,128,101,0.6640625,0.6213157364442095,0.042746763555790546
3,0,1,1,128,102,0.625,0.6213157364442095,0.0036842635557905457
3,0,1,1,128,103,0.5234375,0.6213157364442095,-0.09787823644420945
3,0,1,1,128,104,0.703125,0.6213157364442095,0.08180926355579055
3,0,1,1,128,105,0.625,0.6213157364442095,0.0036842635557905457
3,0,1,1,128,106,0.609375,0.6213157364442095,-0.011940736444209454
3,0,1,1,128,107,0.6015625,0.6213157364442095,-0.019753236444209454
3,0,1,1,128,108,0.5703125,0.6213157364442095,-0.051003236444209454
3,0,1,1,128,109,0.625,0.6213157364442095,0.0036842635557905457
3,0,1,1,128,110,0.578125,0.6213157364442095,-0.043190736444209454
3,0,1,1,128,111,0.65625,0.6213157364442095,0.034934263555790546
3,0,1,1,128,112,0.5859375,0.6213157364442095,-0.035378236444209454
3,0,1,1,128,113,0.6640625,0.6213157364442095,0.042746763555790546
3,0,1,1,128,114,0.5859375,0.6213157364442095,-0.035378236444209454
3,0,1,1,128,115,0.6328125,0.6213157364442095,0.011496763555790546
3,0,1,1,128,116,0.59375,0.6213157364442095,-0.027565736444209454
3,0,1,1,128,117,0.578125,0.6213157364442095,-0.043190736444209454
3,0,1,1,128,118,0.6640625,0.6213157364442095,0.042746763555790546
3,0,1,1,128,119,0.6953125,0.6213157364442095,0.07399676355579055
3,0,1,1,128,120,0.6328125,0.6213157364442095,0.011496763555790546
3,0,1,1,128,121,0.6953125,0.6213157364442095,0.07399676355579055
3,0,1,1,128,122,0.5703125,0.6213157364442095,-0.051003236444209454
3,0,1,1,128,123,0.578125,0.6213157364442095,-0.043190736444209454
3,0,1,1,128,124,0.6328125,0.6213157364442095,0.011496763555790546
3,0,1,1,128,125,0.6015625,0.6213157364442095,-0.019753236444209454
3,0,1,1,128,126,0.6171875,0.6213157364442095,-0.004128236444209454
3,0,1,1,128,127,0.59375,0.6213157364442095,-0.027565736444209454
3,0,1,1,128,128,0.6015625,0.6213157364442095,-0.019753236444209454
3,0,1,1,128,129,0.671875,0.6213157364442095,0.050559263555790546
3,0,1,1,128,130,0.6484375,0.6213157364442095,0.027121763555790546
3,0,1,1,128,131,0.6796875,0.6213157364442095,0.058371763555790546
3,0,1,1,128,132,0.5703125,0.6213157364442095,-0.051003236444209454
3,0,1,1,128,133,0.6640625,0.6213157364442095,0.042746763555790546
3,0,1,1,128,134,0.640625,0.6213157364442095,0.019309263555790546
3,0,1,1,128,135,0.640625,0.6213157364442095,0.019309263555790546
3,0,1,1,128,136,0.5625,0.6213157364442095,-0.058815736444209454
3,0,1,1,128,137,0.53125,0.6213157364442095,-0.09006573644420945
3,0,1,1,128,138,0.6796875,0.6213157364442095,0.058371763555790546
3,0,1,1,128,139,0.625,0.6213157364442095,0.0036842635557905457
3,0,1,1,128,140,0.625,0.6213157364442095,0.0036842635557905457
3,0,1,1,128,141,0.6796875,0.6213157364442095,0.058371763555790546
3,0,1,1,128,142,0.625,0.6213157364442095,0.0036842635557905457
3,0,1,1,128,143,0.6015625,0.6213157364442095,-0.019753236444209454
3,0,1,1,128,144,0.65625,0.6213157364442095,0.034934263555790546
3,0,1,1,128,145,0.59375,0.6213157364442095,-0.027565736444209454
3,0,1,1,128,146,0.65625,0.6213157364442095,0.034934263555790546
3,0,1,1,128,147,0.640625,0.6213157364442095,0.019309263555790546
3,0,1,1,128,148,0.6796875,0.6213157364442095,0.058371763555790546
3,0,1,1,128,149,0.6640625,0.6213157364442095,0.042746763555790546
3,0,1,1,128,150,0.578125,0.6213157364442095,-0.043190736444209454
3,0,1,1,128,151,0.5703125,0.6213157364442095,-0.051003236444209454
3,0,1,1,128,152,0.65625,0.6213157364442095,0.034934263555790546
3,0,1,1,128,153,0.59375,0.6213157364442095,-0.027565736444209454
3,0,1,1,128,154,0.5703125,0.6213157364442095,-0.051003236444209454
3,0,1,1,128,155,0.65625,0.6213157364442095,0.034934263555790546
3,0,1,1,128,156,0.5703125,0.6213157364442095,-0.051003236444209454
3,0,1,1,128,157,0.640625,0.6213157364442095,0.019309263555790546
3,0,1,1,128,158,0.578125,0.6213157364442095,-0.043190736444209454
3,0,1,1,128,159,0.5,0.6213157364442095,-0.12131573644420945
3,0,1,1,128,160,0.65625,0.6213157364442095,0.034934263555790546
3,0,1,1,128,161,0.5859375,0.6213157364442095,-0.035378236444209454
3,0,1,1,128,162,0.6328125,0.6213157364442095,0.011496763555790546
3,0,1,1,128,163,0.59375,0.6213157364442095,-0.027565736444209454
3,0,1,1,128,164,0.625,0.6213157364442095,0.0036842635557905457
3,0,1,1,128,165,0.6171875,0.6213157364442095,-0.004128236444209454
3,0,1,1,128,166,0.640625,0.6213157364442095,0.019309263555790546
3,0,1,1,128,167,0.71875,0.6213157364442095,0.09743426355579055
3,0,1,1,128,168,0.5546875,0.6213157364442095,-0.06662823644420945
3,0,1,1,128,169,0.6171875,0.6213157364442095,-0.004128236444209454
3,0,1,1,128,170,0.6171875,0.6213157364442095,-0.004128236444209454
3,0,1,1,128,171,0.609375,0.6213157364442095,-0.011940736444209454
3,0,1,1,128,172,0.6953125,0.6213157364442095,0.07399676355579055
3,0,1,1,128,173,0.6171875,0.6213157364442095,-0.004128236444209454
3,0,1,1,128,174,0.5390625,0.6213157364442095,-0.08225323644420945
3,0,1,1,128,175,0.65625,0.6213157364442095,0.034934263555790546
3,0,1,1,128,176,0.65625,0.6213157364442095,0.034934263555790546
3,0,1,1,128,177,0.5546875,0.6213157364442095,-0.06662823644420945
3,0,1,1,128,178,0.6640625,0.6213157364442095,0.042746763555790546
3,0,1,1,128,179,0.71875,0.6213157364442095,0.09743426355579055
3,0,1,1,128,180,0.6484375,0.6213157364442095,0.027121763555790546
3,0,1,1,128,181,0.6171875,0.6213157364442095,-0.004128236444209454
3,0,1,1,128,182,0.546875,0.6213157364442095,-0.07444073644420945
3,0,1,1,128,183,0.625,0.6213157364442095,0.0036842635557905457
3,0,1,1,128,184,0.625,0.6213157364442095,0.0036842635557905457
3,0,1,1,128,185,0.65625,0.6213157364442095,0.034934263555790546
3,0,1,1,128,186,0.671875,0.6213157364442095,0.050559263555790546
3,0,1,1,128,187,0.6328125,0.6213157364442095,0.011496763555790546
3,0,1,1,128,188,0.6484375,0.6213157364442095,0.027121763555790546
3,0,1,1,128,189,0.6015625,0.6213157364442095,-0.019753236444209454
3,0,1,1,128,190,0.6796875,0.6213157364442095,0.058371763555790546
3,0,1,1,128,191,0.6796875,0.6213157364442095,0.058371763555790546
3,0,1,1,128,192,0.609375,0.6213157364442095,-0.011940736444209454
3,0,1,1,128,193,0.6015625,0.6213157364442095,-0.019753236444209454
3,0,1,1,128,194,0.65625,0.6213157364442095,0.034934263555790546
3,0,1,1,128,195,0.609375,0.6213157364442095,-0.011940736444209454
3,0,1,1,128,196,0.65625,0.6213157364442095,0.034934263555790546
3,0,1,1,128,197,0.640625,0.6213157364442095,0.019309263555790546
3,0,1,1,128,198,0.5859375,0.6213157364442095,-0.035378236444209454
3,0,1,1,128,199,0.59375,0.6213157364442095,-0.027565736444209454
3,0,1,1,256,0,0.640625,0.6213157364442095,0.019309263555790546
3,0,1,1,256,1,0.609375,0.6213157364442095,-0.011940736444209454
3,0,1,1,256,2,0.625,0.6213157364442095,0.0036842635557905457
3,0,1,1,256,3,0.62890625,0.6213157364442095,0.007590513555790546
3,0,1,1,256,4,0.6015625,0.6213157364442095,-0.019753236444209454
3,0,1,1,256,5,0.6171875,0.6213157364442095,-0.004128236444209454
3,0,1,1,256,6,0.59375,0.6213157364442095,-0.027565736444209454
3,0,1,1,256,7,0.62890625,0.6213157364442095,0.007590513555790546
3,0,1,1,256,8,0.6171875,0.6213157364442095,-0.004128236444209454
3,0,1,1,256,9,0.58203125,0.6213157364442095,-0.039284486444209454
3,0,1,1,256,10,0.59375,0.6213157364442095,-0.027565736444209454
3,0,1,1,256,11,0.57421875,0.6213157364442095,-0.047096986444209454
3,0,1,1,256,12,0.5703125,0.6213157364442095,-0.051003236444209454
3,0,1,1,256,13,0.6484375,0.6213157364442095,0.027121763555790546
3,0,1,1,256,14,0.66796875,0.6213157364442095,0.046653013555790546
3,0,1,1,256,15,0.69921875,0.6213157364442095,0.07790301355579055
3,0,1,1,256,16,0.65625,0.6213157364442095,0.034934263555790546
3,0,1,1,256,17,0.59375,0.6213157364442095,-0.027565736444209454
3,0,1,1,256,18,0.625,0.6213157364442095,0.0036842635557905457
3,0,1,1,256,19,0.671875,0.6213157364442095,0.050559263555790546
3,0,1,1,256,20,0.671875,0.6213157364442095,0.050559263555790546
3,0,1,1,256,21,0.64453125,0.6213157364442095,0.023215513555790546
3,0,1,1,256,22,0.5625,0.6213157364442095,-0.058815736444209454
3,0,1,1,256,23,0.58984375,0.6213157364442095,-0.031471986444209454
3,0,1,1,256,24,0.6015625,0.6213157364442095,-0.019753236444209454
3,0,1,1,256,25,0.640625,0.6213157364442095,0.019309263555790546
3,0,1,1,256,26,0.62890625,0.6213157364442095,0.007590513555790546
3,0,1,1,256,27,0.5625,0.6213157364442095,-0.058815736444209454
3,0,1,1,256,28,0.64453125,0.6213157364442095,0.023215513555790546
3,0,1,1,256,29,0.63671875,0.6213157364442095,0.015403013555790546
3,0,1,1,256,30,0.6171875,0.6213157364442095,-0.004128236444209454
3,0,1,1,256,31,0.67578125,0.6213157364442095,0.054465513555790546
3,0,1,1,256,32,0.5859375,0.6213157364442095,-0.035378236444209454
3,0,1,1,256,33,0.69140625,0.6213157364442095,0.07009051355579055
3,0,1,1,256,34,0.6171875,0.6213157364442095,-0.004128236444209454
3,0,1,1,256,35,0.62890625,0.6213157364442095,0.007590513555790546
3,0,1,1,256,36,0.65234375,0.6213157364442095,0.031028013555790546
3,0,1,1,256,37,0.60546875,0.6213157364442095,-0.015846986444209454
3,0,1,1,256,38,0.734375,0.6213157364442095,0.11305926355579055
3,0,1,1,256,39,0.60546875,0.6213157364442095,-0.015846986444209454
3,0,1,1,256,40,0.64453125,0.6213157364442095,0.023215513555790546
3,0,1,1,256,41,0.5625,0.6213157364442095,-0.058815736444209454
3,0,1,1,256,42,0.60546875,0.6213157364442095,-0.015846986444209454
3,0,1,1,256,43,0.64453125,0.6213157364442095,0.023215513555790546
3,0,1,1,256,44,0.55859375,0.6213157364442095,-0.06272198644420945
3,0,1,1,256,45,0.65625,0.6213157364442095,0.034934263555790546
3,0,1,1,256,46,0.5703125,0.6213157364442095,-0.051003236444209454
3,0,1,1,256,47,0.62890625,0.6213157364442095,0.007590513555790546
3,0,1,1,256,48,0.671875,0.6213157364442095,0.050559263555790546
3,0,1,1,256,49,0.58203125,0.6213157364442095,-0.039284486444209454
3,0,1,1,256,50,0.60546875,0.6213157364442095,-0.015846986444209454
3,0,1,1,256,51,0.6171875,0.6213157364442095,-0.004128236444209454
3,0,1,1,256,52,0.6015625,0.6213157364442095,-0.019753236444209454
3,0,1,1,256,53,0.58984375,0.6213157364442095,-0.031471986444209454
3,0,1,1,256,54,0.5703125,0.6213157364442095,-0.051003236444209454
3,0,1,1,256,55,0.66015625,0.6213157364442095,0.038840513555790546
3,0,1,1,256,56,0.57421875,0.6213157364442095,-0.047096986444209454
3,0,1,1,256,57,0.671875,0.6213157364442095,0.050559263555790546
3,0,1,1,256,58,0.6015625,0.6213157364442095,-0.019753236444209454
3,0,1,1,256,59,0.65625,0.6213157364442095,0.034934263555790546
3,0,1,1,256,60,0.640625,0.6213157364442095,0.019309263555790546
3,0,1,1,256,61,0.625,0.6213157364442095,0.0036842635557905457
3,0,1,1,256,62,0.66015625,0.6213157364442095,0.038840513555790546
3,0,1,1,256,63,0.625,0.6213157364442095,0.0036842635557905457
3,0,1,1,256,64,0.5234375,0.6213157364442095,-0.09787823644420945
3,0,1,1,256,65,0.65234375,0.6213157364442095,0.031028013555790546
3,0,1,1,256,66,0.6640625,0.6213157364442095,0.042746763555790546
3,0,1,1,256,67,0.65625,0.6213157364442095,0.034934263555790546
3,0,1,1,256,68,0.58203125,0.6213157364442095,-0.039284486444209454
3,0,1,1,256,69,0.60546875,0.6213157364442095,-0.015846986444209454
3,0,1,1,256,70,0.58984375,0.6213157364442095,-0.031471986444209454
3,0,1,1,256,71,0.671875,0.6213157364442095,0.050559263555790546
3,0,1,1,256,72,0.65234375,0.6213157364442095,0.031028013555790546
3,0,1,1,256,73,0.66796875,0.6213157364442095,0.046653013555790546
3,0,1,1,256,74,0.59765625,0.6213157364442095,-0.023659486444209454
3,0,1,1,256,75,0.5859375,0.6213157364442095,-0.035378236444209454
3,0,1,1,256,76,0.609375,0.6213157364442095,-0.011940736444209454
3,0,1,1,256,77,0.6484375,0.6213157364442095,0.027121763555790546
3,0,1,1,256,78,0.6171875,0.6213157364442095,-0.004128236444209454
3,0,1,1,256,79,0.578125,0.6213157364442095,-0.043190736444209454
3,0,1,1,256,80,0.65625,0.6213157364442095,0.034934263555790546
3,0,1,1,256,81,0.63671875,0.6213157364442095,0.015403013555790546
3,0,1,1,256,82,0.625,0.6213157364442095,0.0036842635557905457
3,0,1,1,256,83,0.578125,0.6213157364442095,-0.043190736444209454
3,0,1,1,256,84,0.59765625,0.6213157364442095,-0.023659486444209454
3,0,1,1,256,85,0.63671875,0.6213157364442095,0.015403013555790546
3,0,1,1,256,86,0.62109375,0.6213157364442095,-0.00022198644420945435
3,0,1,1,256,87,0.6328125,0.6213157364442095,0.011496763555790546
3,0,1,1,256,88,0.671875,0.6213157364442095,0.050559263555790546
3,0,1,1,256,89,0.59765625,0.6213157364442095,-0.023659486444209454
3,0,1,1,256,90,0.65234375,0.6213157364442095,0.031028013555790546
3,0,1,1,256,91,0.6171875,0.6213157364442095,-0.004128236444209454
3,0,1,1,256,92,0.66796875,0.6213157364442095,0.046653013555790546
3,0,1,1,256,93,0.57421875,0.6213157364442095,-0.047096986444209454
3,0,1,1,256,94,0.6328125,0.6213157364442095,0.011496763555790546
3,0,1,1,256,95,0.66015625,0.6213157364442095,0.038840513555790546
3,0,1,1,256,96,0.62890625,0.6213157364442095,0.007590513555790546
3,0,1,1,256,97,0.6484375,0.6213157364442095,0.027121763555790546
3,0,1,1,256,98,0.58203125,0.6213157364442095,-0.039284486444209454
3,0,1,1,256,99,0.55859375,0.6213157364442095,-0.06272198644420945
3,0,1,1,256,100,0.63671875,0.6213157364442095,0.015403013555790546
3,0,1,1,256,101,0.6875,0.6213157364442095,0.06618426355579055
3,0,1,1,256,102,0.6640625,0.6213157364442095,0.042746763555790546
3,0,1,1,256,103,0.578125,0.6213157364442095,-0.043190736444209454
3,0,1,1,256,104,0.58984375,0.6213157364442095,-0.031471986444209454
3,0,1,1,256,105,0.58984375,0.6213157364442095,-0.031471986444209454
3,0,1,1,256,106,0.640625,0.6213157364442095,0.019309263555790546
3,0,1,1,256,107,0.609375,0.6213157364442095,-0.011940736444209454
3,0,1,1,256,108,0.62890625,0.6213157364442095,0.007590513555790546
3,0,1,1,256,109,0.57421875,0.6213157364442095,-0.047096986444209454
3,0,1,1,256,110,0.53515625,0.6213157364442095,-0.08615948644420945
3,0,1,1,256,111,0.64453125,0.6213157364442095,0.023215513555790546
3,0,1,1,256,112,0.6171875,0.6213157364442095,-0.004128236444209454
3,0,1,1,256,113,0.6484375,0.6213157364442095,0.027121763555790546
3,0,1,1,256,114,0.63671875,0.6213157364442095,0.015403013555790546
3,0,1,1,256,115,0.65625,0.6213157364442095,0.034934263555790546
3,0,1,1,256,116,0.57421875,0.6213157364442095,-0.047096986444209454
3,0,1,1,256,117,0.62109375,0.6213157364442095,-0.00022198644420945435
3,0,1,1,256,118,0.5625,0.6213157364442095,-0.058815736444209454
3,0,1,1,256,119,0.6328125,0.6213157364442095,0.011496763555790546
3,0,1,1,256,120,0.65234375,0.6213157364442095,0.031028013555790546
3,0,1,1,256,121,0.6328125,0.6213157364442095,0.011496763555790546
3,0,1,1,256,122,0.625,0.6213157364442095,0.0036842635557905457
3,0,1,1,256,123,0.58984375,0.6213157364442095,-0.031471986444209454
3,0,1,1,256,124,0.66796875,0.6213157364442095,0.046653013555790546
3,0,1,1,256,125,0.59765625,0.6213157364442095,-0.023659486444209454
3,0,1,1,256,126,0.60546875,0.6213157364442095,-0.015846986444209454
3,0,1,1,256,127,0.59375,0.6213157364442095,-0.027565736444209454
3,0,1,1,256,128,0.60546875,0.6213157364442095,-0.015846986444209454
3,0,1,1,256,129,0.7109375,0.6213157364442095,0.08962176355579055
3,0,1,1,256,130,0.62109375,0.6213157364442095,-0.00022198644420945435
3,0,1,1,256,131,0.65625,0.6213157364442095,0.034934263555790546
3,0,1,1,256,132,0.57421875,0.6213157364442095,-0.047096986444209454
3,0,1,1,256,133,0.64453125,0.6213157364442095,0.023215513555790546
3,0,1,1,256,134,0.63671875,0.6213157364442095,0.015403013555790546
3,0,1,1,256,135,0.6328125,0.6213157364442095,0.011496763555790546
3,0,1,1,256,136,0.6796875,0.6213157364442095,0.058371763555790546
3,0,1,1,256,137,0.65625,0.6213157364442095,0.034934263555790546
3,0,1,1,256,138,0.5625,0.6213157364442095,-0.058815736444209454
3,0,1,1,256,139,0.62890625,0.6213157364442095,0.007590513555790546
3,0,1,1,256,140,0.61328125,0.6213157364442095,-0.008034486444209454
3,0,1,1,256,141,0.6171875,0.6213157364442095,-0.004128236444209454
3,0,1,1,256,142,0.66796875,0.6213157364442095,0.046653013555790546
3,0,1,1,256,143,0.60546875,0.6213157364442095,-0.015846986444209454
3,0,1,1,256,144,0.59765625,0.6213157364442095,-0.023659486444209454
3,0,1,1,256,145,0.60546875,0.6213157364442095,-0.015846986444209454
3,0,1,1,256,146,0.68359375,0.6213157364442095,0.062278013555790546
3,0,1,1,256,147,0.6875,0.6213157364442095,0.06618426355579055
3,0,1,1,256,148,0.68359375,0.6213157364442095,0.062278013555790546
3,0,1,1,256,149,0.625,0.6213157364442095,0.0036842635557905457
3,0,1,1,256,150,0.640625,0.6213157364442095,0.019309263555790546
3,0,1,1,256,151,0.59765625,0.6213157364442095,-0.023659486444209454
3,0,1,1,256,152,0.5859375,0.6213157364442095,-0.035378236444209454
3,0,1,1,256,153,0.57421875,0.6213157364442095,-0.047096986444209454
3,0,1,1,256,154,0.6171875,0.6213157364442095,-0.004128236444209454
3,0,1,1,256,155,0.6171875,0.6213157364442095,-0.004128236444209454
3,0,1,1,256,156,0.6015625,0.6213157364442095,-0.019753236444209454
3,0,1,1,256,157,0.6015625,0.6213157364442095,-0.019753236444209454
3,0,1,1,256,158,0.640625,0.6213157364442095,0.019309263555790546
3,0,1,1,256,159,0.6796875,0.6213157364442095,0.058371763555790546
3,0,1,1,256,160,0.61328125,0.6213157364442095,-0.008034486444209454
3,0,1,1,256,161,0.63671875,0.6213157364442095,0.015403013555790546
3,0,1,1,256,162,0.5859375,0.6213157364442095,-0.035378236444209454
3,0,1,1,256,163,0.5234375,0.6213157364442095,-0.09787823644420945
3,0,1,1,256,164,0.6484375,0.6213157364442095,0.027121763555790546
3,0,1,1,256,165,0.62890625,0.6213157364442095,0.007590513555790546
3,0,1,1,256,166,0.62109375,0.6213157364442095,-0.00022198644420945435
3,0,1,1,256,167,0.64453125,0.6213157364442095,0.023215513555790546
3,0,1,1,256,168,0.59765625,0.6213157364442095,-0.023659486444209454
3,0,1,1,256,169,0.67578125,0.6213157364442095,0.054465513555790546
3,0,1,1,256,170,0.5859375,0.6213157364442095,-0.035378236444209454
3,0,1,1,256,171,0.65234375,0.6213157364442095,0.031028013555790546
3,0,1,1,256,172,0.671875,0.6213157364442095,0.050559263555790546
3,0,1,1,256,173,0.62109375,0.6213157364442095,-0.00022198644420945435
3,0,1,1,256,174,0.609375,0.6213157364442095,-0.011940736444209454
3,0,1,1,256,175,0.640625,0.6213157364442095,0.019309263555790546
3,0,1,1,256,176,0.6484375,0.6213157364442095,0.027121763555790546
3,0,1,1,256,177,0.5625,0.6213157364442095,-0.058815736444209454
3,0,1,1,256,178,0.59375,0.6213157364442095,-0.027565736444209454
3,0,1,1,256,179,0.64453125,0.6213157364442095,0.023215513555790546
3,0,1,1,256,180,0.6640625,0.6213157364442095,0.042746763555790546
3,0,1,1,256,181,0.5625,0.6213157364442095,-0.058815736444209454
3,0,1,1,256,182,0.5859375,0.6213157364442095,-0.035378236444209454
3,0,1,1,256,183,0.62109375,0.6213157364442095,-0.00022198644420945435
3,0,1,1,256,184,0.54296875,0.6213157364442095,-0.07834698644420945
3,0,1,1,256,185,0.59765625,0.6213157364442095,-0.023659486444209454
3,0,1,1,256,186,0.578125,0.6213157364442095,-0.043190736444209454
3,0,1,1,256,187,0.59765625,0.6213157364442095,-0.023659486444209454
3,0,1,1,256,188,0.62890625,0.6213157364442095,0.007590513555790546
3,0,1,1,256,189,0.58984375,0.6213157364442095,-0.031471986444209454
3,0,1,1,256,190,0.578125,0.6213157364442095,-0.043190736444209454
3,0,1,1,256,191,0.66015625,0.6213157364442095,0.038840513555790546
3,0,1,1,256,192,0.6015625,0.6213157364442095,-0.019753236444209454
3,0,1,1,256,193,0.6328125,0.6213157364442095,0.011496763555790546
3,0,1,1,256,194,0.640625,0.6213157364442095,0.019309263555790546
3,0,1,1,256,195,0.66796875,0.6213157364442095,0.046653013555790546
3,0,1,1,256,196,0.64453125,0.6213157364442095,0.023215513555790546
3,0,1,1,256,197,0.609375,0.6213157364442095,-0.011940736444209454
3,0,1,1,256,198,0.640625,0.6213157364442095,0.019309263555790546
3,0,1,1,256,199,0.58984375,0.6213157364442095,-0.031471986444209454
3,0,1,1,512,0,0.609375,0.6213157364442095,-0.011940736444209454
3,0,1,1,512,1,0.587890625,0.6213157364442095,-0.033425111444209454
3,0,1,1,512,2,0.6171875,0.6213157364442095,-0.004128236444209454
3,0,1,1,512,3,0.61328125,0.6213157364442095,-0.008034486444209454
3,0,1,1,512,4,0.658203125,0.6213157364442095,0.036887388555790546
3,0,1,1,512,5,0.630859375,0.6213157364442095,0.009543638555790546
3,0,1,1,512,6,0.646484375,0.6213157364442095,0.025168638555790546
3,0,1,1,512,7,0.650390625,0.6213157364442095,0.029074888555790546
3,0,1,1,512,8,0.5859375,0.6213157364442095,-0.035378236444209454
3,0,1,1,512,9,0.666015625,0.6213157364442095,0.044699888555790546
3,0,1,1,512,10,0.62890625,0.6213157364442095,0.007590513555790546
3,0,1,1,512,11,0.6328125,0.6213157364442095,0.011496763555790546
3,0,1,1,512,12,0.640625,0.6213157364442095,0.019309263555790546
3,0,1,1,512,13,0.63671875,0.6213157364442095,0.015403013555790546
3,0,1,1,512,14,0.646484375,0.6213157364442095,0.025168638555790546
3,0,1,1,512,15,0.595703125,0.6213157364442095,-0.025612611444209454
3,0,1,1,512,16,0.595703125,0.6213157364442095,-0.025612611444209454
3,0,1,1,512,17,0.6171875,0.6213157364442095,-0.004128236444209454
3,0,1,1,512,18,0.609375,0.6213157364442095,-0.011940736444209454
3,0,1,1,512,19,0.640625,0.6213157364442095,0.019309263555790546
3,0,1,1,512,20,0.595703125,0.6213157364442095,-0.025612611444209454
3,0,1,1,512,21,0.66015625,0.6213157364442095,0.038840513555790546
3,0,1,1,512,22,0.625,0.6213157364442095,0.0036842635557905457
3,0,1,1,512,23,0.572265625,0.6213157364442095,-0.049050111444209454
3,0,1,1,512,24,0.638671875,0.6213157364442095,0.017356138555790546
3,0,1,1,512,25,0.626953125,0.6213157364442095,0.005637388555790546
3,0,1,1,512,26,0.630859375,0.6213157364442095,0.009543638555790546
3,0,1,1,512,27,0.603515625,0.6213157364442095,-0.017800111444209454
3,0,1,1,512,28,0.560546875,0.6213157364442095,-0.060768861444209454
3,0,1,1,512,29,0.634765625,0.6213157364442095,0.013449888555790546
3,0,1,1,512,30,0.60546875,0.6213157364442095,-0.015846986444209454
3,0,1,1,512,31,0.599609375,0.6213157364442095,-0.021706361444209454
3,0,1,1,512,32,0.59375,0.6213157364442095,-0.027565736444209454
3,0,1,1,512,33,0.638671875,0.6213157364442095,0.017356138555790546
3,0,1,1,512,34,0.62890625,0.6213157364442095,0.007590513555790546
3,0,1,1,512,35,0.67578125,0.6213157364442095,0.054465513555790546
3,0,1,1,512,36,0.587890625,0.6213157364442095,-0.033425111444209454
3,0,1,1,512,37,0.615234375,0.6213157364442095,-0.006081361444209454
3,0,1,1,512,38,0.62890625,0.6213157364442095,0.007590513555790546
3,0,1,1,512,39,0.6171875,0.6213157364442095,-0.004128236444209454
3,0,1,1,512,40,0.58984375,0.6213157364442095,-0.031471986444209454
3,0,1,1,512,41,0.626953125,0.6213157364442095,0.005637388555790546
3,0,1,1,512,42,0.599609375,0.6213157364442095,-0.021706361444209454
3,0,1,1,512,43,0.59375,0.6213157364442095,-0.027565736444209454
3,0,1,1,512,44,0.623046875,0.6213157364442095,0.0017311385557905457
3,0,1,1,512,45,0.62890625,0.6213157364442095,0.007590513555790546
3,0,1,1,512,46,0.609375,0.6213157364442095,-0.011940736444209454
3,0,1,1,512,47,0.619140625,0.6213157364442095,-0.0021751114442094543
3,0,1,1,512,48,0.6015625,0.6213157364442095,-0.019753236444209454
3,0,1,1,512,49,0.640625,0.6213157364442095,0.019309263555790546
3,0,1,1,512,50,0.630859375,0.6213157364442095,0.009543638555790546
3,0,1,1,512,51,0.630859375,0.6213157364442095,0.009543638555790546
3,0,1,1,512,52,0.669921875,0.6213157364442095,0.048606138555790546
3,0,1,1,512,53,0.61328125,0.6213157364442095,-0.008034486444209454
3,0,1,1,512,54,0.6328125,0.6213157364442095,0.011496763555790546
3,0,1,1,512,55,0.65234375,0.6213157364442095,0.031028013555790546
3,0,1,1,512,56,0.646484375,0.6213157364442095,0.025168638555790546
3,0,1,1,512,57,0.599609375,0.6213157364442095,-0.021706361444209454
3,0,1,1,512,58,0.619140625,0.6213157364442095,-0.0021751114442094543
3,0,1,1,512,59,0.599609375,0.6213157364442095,-0.021706361444209454
3,0,1,1,512,60,0.634765625,0.6213157364442095,0.013449888555790546
3,0,1,1,512,61,0.6484375,0.6213157364442095,0.027121763555790546
3,0,1,1,512,62,0.65625,0.6213157364442095,0.034934263555790546
3,0,1,1,512,63,0.640625,0.6213157364442095,0.019309263555790546
3,0,1,1,512,64,0.68359375,0.6213157364442095,0.062278013555790546
3,0,1,1,512,65,0.609375,0.6213157364442095,-0.011940736444209454
3,0,1,1,512,66,0.603515625,0.6213157364442095,-0.017800111444209454
3,0,1,1,512,67,0.626953125,0.6213157364442095,0.005637388555790546
3,0,1,1,512,68,0.65234375,0.6213157364442095,0.031028013555790546
3,0,1,1,512,69,0.60546875,0.6213157364442095,-0.015846986444209454
3,0,1,1,512,70,0.607421875,0.6213157364442095,-0.013893861444209454
3,0,1,1,512,71,0.619140625,0.6213157364442095,-0.0021751114442094543
3,0,1,1,512,72,0.58203125,0.6213157364442095,-0.039284486444209454
3,0,1,1,512,73,0.646484375,0.6213157364442095,0.025168638555790546
3,0,1,1,512,74,0.580078125,0.6213157364442095,-0.041237611444209454
3,0,1,1,512,75,0.634765625,0.6213157364442095,0.013449888555790546
3,0,1,1,512,76,0.6015625,0.6213157364442095,-0.019753236444209454
3,0,1,1,512,77,0.642578125,0.6213157364442095,0.021262388555790546
3,0,1,1,512,78,0.548828125,0.6213157364442095,-0.07248761144420945
3,0,1,1,512,79,0.62890625,0.6213157364442095,0.007590513555790546
3,0,1,1,512,80,0.65625,0.6213157364442095,0.034934263555790546
3,0,1,1,512,81,0.619140625,0.6213157364442095,-0.0021751114442094543
3,0,1,1,512,82,0.615234375,0.6213157364442095,-0.006081361444209454
3,0,1,1,512,83,0.609375,0.6213157364442095,-0.011940736444209454
3,0,1,1,512,84,0.5546875,0.6213157364442095,-0.06662823644420945
3,0,1,1,512,85,0.615234375,0.6213157364442095,-0.006081361444209454
3,0,1,1,512,86,0.630859375,0.6213157364442095,0.009543638555790546
3,0,1,1,512,87,0.59765625,0.6213157364442095,-0.023659486444209454
3,0,1,1,512,88,0.609375,0.6213157364442095,-0.011940736444209454
3,0,1,1,512,89,0.595703125,0.6213157364442095,-0.025612611444209454
3,0,1,1,512,90,0.67578125,0.6213157364442095,0.054465513555790546
3,0,1,1,512,91,0.654296875,0.6213157364442095,0.032981138555790546
3,0,1,1,512,92,0.623046875,0.6213157364442095,0.0017311385557905457
3,0,1,1,512,93,0.638671875,0.6213157364442095,0.017356138555790546
3,0,1,1,512,94,0.630859375,0.6213157364442095,0.009543638555790546
3,0,1,1,512,95,0.611328125,0.6213157364442095,-0.009987611444209454
3,0,1,1,512,96,0.607421875,0.6213157364442095,-0.013893861444209454
3,0,1,1,512,97,0.654296875,0.6213157364442095,0.032981138555790546
3,0,1,1,512,98,0.646484375,0.6213157364442095,0.025168638555790546
3,0,1,1,512,99,0.599609375,0.6213157364442095,-0.021706361444209454
3,0,1,1,512,100,0.63671875,0.6213157364442095,0.015403013555790546
3,0,1,1,512,101,0.6484375,0.6213157364442095,0.027121763555790546
3,0,1,1,512,102,0.60546875,0.6213157364442095,-0.015846986444209454
3,0,1,1,512,103,0.640625,0.6213157364442095,0.019309263555790546
3,0,1,1,512,104,0.640625,0.6213157364442095,0.019309263555790546
3,0,1,1,512,105,0.64453125,0.6213157364442095,0.023215513555790546
3,0,1,1,512,106,0.5859375,0.6213157364442095,-0.035378236444209454
3,0,1,1,512,107,0.595703125,0.6213157364442095,-0.025612611444209454
3,0,1,1,512,108,0.62890625,0.6213157364442095,0.007590513555790546
3,0,1,1,512,109,0.615234375,0.6213157364442095,-0.006081361444209454
3,0,1,1,512,110,0.6171875,0.6213157364442095,-0.004128236444209454
3,0,1,1,512,111,0.658203125,0.6213157364442095,0.036887388555790546
3,0,1,1,512,112,0.646484375,0.6213157364442095,0.025168638555790546
3,0,1,1,512,113,0.66796875,0.6213157364442095,0.046653013555790546
3,0,1,1,512,114,0.640625,0.6213157364442095,0.019309263555790546
3,0,1,1,512,115,0.62109375,0.6213157364442095,-0.00022198644420945435
3,0,1,1,512,116,0.630859375,0.6213157364442095,0.009543638555790546
3,0,1,1,512,117,0.650390625,0.6213157364442095,0.029074888555790546
3,0,1,1,512,118,0.62109375,0.6213157364442095,-0.00022198644420945435
3,0,1,1,512,119,0.62890625,0.6213157364442095,0.007590513555790546
3,0,1,1,512,120,0.64453125,0.6213157364442095,0.023215513555790546
3,0,1,1,512,121,0.578125,0.6213157364442095,-0.043190736444209454
3,0,1,1,512,122,0.61328125,0.6213157364442095,-0.008034486444209454
3,0,1,1,512,123,0.61328125,0.6213157364442095,-0.008034486444209454
3,0,1,1,512,124,0.615234375,0.6213157364442095,-0.006081361444209454
3,0,1,1,512,125,0.59765625,0.6213157364442095,-0.023659486444209454
3,0,1,1,512,126,0.64453125,0.6213157364442095,0.023215513555790546
3,0,1,1,512,127,0.646484375,0.6213157364442095,0.025168638555790546
3,0,1,1,512,128,0.62109375,0.6213157364442095,-0.00022198644420945435
3,0,1,1,512,129,0.619140625,0.6213157364442095,-0.0021751114442094543
3,0,1,1,512,130,0.615234375,0.6213157364442095,-0.006081361444209454
3,0,1,1,512,131,0.64453125,0.6213157364442095,0.023215513555790546
3,0,1,1,512,132,0.615234375,0.6213157364442095,-0.006081361444209454
3,0,1,1,512,133,0.666015625,0.6213157364442095,0.044699888555790546
3,0,1,1,512,134,0.62109375,0.6213157364442095,-0.00022198644420945435
3,0,1,1,512,135,0.60546875,0.6213157364442095,-0.015846986444209454
3,0,1,1,512,136,0.6015625,0.6213157364442095,-0.019753236444209454
3,0,1,1,512,137,0.619140625,0.6213157364442095,-0.0021751114442094543
3,0,1,1,512,138,0.591796875,0.6213157364442095,-0.029518861444209454
3,0,1,1,512,139,0.60546875,0.6213157364442095,-0.015846986444209454
3,0,1,1,512,140,0.58984375,0.6213157364442095,-0.031471986444209454
3,0,1,1,512,141,0.603515625,0.6213157364442095,-0.017800111444209454
3,0,1,1,512,142,0.662109375,0.6213157364442095,0.040793638555790546
3,0,1,1,512,143,0.6015625,0.6213157364442095,-0.019753236444209454
3,0,1,1,512,144,0.64453125,0.6213157364442095,0.023215513555790546
3,0,1,1,512,145,0.658203125,0.6213157364442095,0.036887388555790546
3,0,1,1,512,146,0.654296875,0.6213157364442095,0.032981138555790546
3,0,1,1,512,147,0.6328125,0.6213157364442095,0.011496763555790546
3,0,1,1,512,148,0.609375,0.6213157364442095,-0.011940736444209454
3,0,1,1,512,149,0.62109375,0.6213157364442095,-0.00022198644420945435
3,0,1,1,512,150,0.62109375,0.6213157364442095,-0.00022198644420945435
3,0,1,1,512,151,0.59375,0.6213157364442095,-0.027565736444209454
3,0,1,1,512,152,0.623046875,0.6213157364442095,0.0017311385557905457
3,0,1,1,512,153,0.59765625,0.6213157364442095,-0.023659486444209454
3,0,1,1,512,154,0.630859375,0.6213157364442095,0.009543638555790546
3,0,1,1,512,155,0.59765625,0.6213157364442095,-0.023659486444209454
3,0,1,1,512,156,0.5546875,0.6213157364442095,-0.06662823644420945
3,0,1,1,512,157,0.6328125,0.6213157364442095,0.011496763555790546
3,0,1,1,512,158,0.6796875,0.6213157364442095,0.058371763555790546
3,0,1,1,512,159,0.623046875,0.6213157364442095,0.0017311385557905457
3,0,1,1,512,160,0.60546875,0.6213157364442095,-0.015846986444209454
3,0,1,1,512,161,0.623046875,0.6213157364442095,0.0017311385557905457
3,0,1,1,512,162,0.5859375,0.6213157364442095,-0.035378236444209454
3,0,1,1,512,163,0.62890625,0.6213157364442095,0.007590513555790546
3,0,1,1,512,164,0.58984375,0.6213157364442095,-0.031471986444209454
3,0,1,1,512,165,0.625,0.6213157364442095,0.0036842635557905457
3,0,1,1,512,166,0.599609375,0.6213157364442095,-0.021706361444209454
3,0,1,1,512,167,0.58984375,0.6213157364442095,-0.031471986444209454
3,0,1,1,512,168,0.6015625,0.6213157364442095,-0.019753236444209454
3,0,1,1,512,169,0.611328125,0.6213157364442095,-0.009987611444209454
3,0,1,1,512,170,0.599609375,0.6213157364442095,-0.021706361444209454
3,0,1,1,512,171,0.61328125,0.6213157364442095,-0.008034486444209454
3,0,1,1,512,172,0.611328125,0.6213157364442095,-0.009987611444209454
3,0,1,1,512,173,0.607421875,0.6213157364442095,-0.013893861444209454
3,0,1,1,512,174,0.541015625,0.6213157364442095,-0.08030011144420945
3,0,1,1,512,175,0.580078125,0.6213157364442095,-0.041237611444209454
3,0,1,1,512,176,0.611328125,0.6213157364442095,-0.009987611444209454
3,0,1,1,512,177,0.630859375,0.6213157364442095,0.009543638555790546
3,0,1,1,512,178,0.63671875,0.6213157364442095,0.015403013555790546
3,0,1,1,512,179,0.642578125,0.6213157364442095,0.021262388555790546
3,0,1,1,512,180,0.64453125,0.6213157364442095,0.023215513555790546
3,0,1,1,512,181,0.611328125,0.6213157364442095,-0.009987611444209454
3,0,1,1,512,182,0.654296875,0.6213157364442095,0.032981138555790546
3,0,1,1,512,183,0.6171875,0.6213157364442095,-0.004128236444209454
3,0,1,1,512,184,0.625,0.6213157364442095,0.0036842635557905457
3,0,1,1,512,185,0.591796875,0.6213157364442095,-0.029518861444209454
3,0,1,1,512,186,0.626953125,0.6213157364442095,0.005637388555790546
3,0,1,1,512,187,0.587890625,0.6213157364442095,-0.033425111444209454
3,0,1,1,512,188,0.6171875,0.6213157364442095,-0.004128236444209454
3,0,1,1,512,189,0.615234375,0.6213157364442095,-0.006081361444209454
3,0,1,1,512,190,0.623046875,0.6213157364442095,0.0017311385557905457
3,0,1,1,512,191,0.625,0.6213157364442095,0.0036842635557905457
3,0,1,1,512,192,0.6328125,0.6213157364442095,0.011496763555790546
3,0,1,1,512,193,0.61328125,0.6213157364442095,-0.008034486444209454
3,0,1,1,512,194,0.609375,0.6213157364442095,-0.011940736444209454
3,0,1,1,512,195,0.591796875,0.6213157364442095,-0.029518861444209454
3,0,1,1,512,196,0.59765625,0.6213157364442095,-0.023659486444209454
3,0,1,1,512,197,0.607421875,0.6213157364442095,-0.013893861444209454
3,0,1,1,512,198,0.568359375,0.6213157364442095,-0.052956361444209454
3,0,1,1,512,199,0.580078125,0.6213157364442095,-0.041237611444209454
3,0,1,1,1024,0,0.6396484375,0.6213157364442095,0.018332701055790546
3,0,1,1,1024,1,0.6279296875,0.6213157364442095,0.006613951055790546
3,0,1,1,1024,2,0.6171875,0.6213157364442095,-0.004128236444209454
3,0,1,1,1024,3,0.6484375,0.6213157364442095,0.027121763555790546
3,0,1,1,1024,4,0.65234375,0.6213157364442095,0.031028013555790546
3,0,1,1,1024,5,0.5966796875,0.6213157364442095,-0.024636048944209454
3,0,1,1,1024,6,0.6123046875,0.6213157364442095,-0.009011048944209454
3,0,1,1,1024,7,0.6201171875,0.6213157364442095,-0.0011985489442094543
3,0,1,1,1024,8,0.6240234375,0.6213157364442095,0.0027077010557905457
3,0,1,1,1024,9,0.630859375,0.6213157364442095,0.009543638555790546
3,0,1,1,1024,10,0.63671875,0.6213157364442095,0.015403013555790546
3,0,1,1,1024,11,0.630859375,0.6213157364442095,0.009543638555790546
3,0,1,1,1024,12,0.595703125,0.6213157364442095,-0.025612611444209454
3,0,1,1,1024,13,0.5849609375,0.6213157364442095,-0.036354798944209454
3,0,1,1,1024,14,0.6201171875,0.6213157364442095,-0.0011985489442094543
3,0,1,1,1024,15,0.6357421875,0.6213157364442095,0.014426451055790546
3,0,1,1,1024,16,0.6044921875,0.6213157364442095,-0.016823548944209454
3,0,1,1,1024,17,0.6083984375,0.6213157364442095,-0.012917298944209454
3,0,1,1,1024,18,0.640625,0.6213157364442095,0.019309263555790546
3,0,1,1,1024,19,0.619140625,0.6213157364442095,-0.0021751114442094543
3,0,1,1,1024,20,0.61328125,0.6213157364442095,-0.008034486444209454
3,0,1,1,1024,21,0.5830078125,0.6213157364442095,-0.038307923944209454
3,0,1,1,1024,22,0.6015625,0.6213157364442095,-0.019753236444209454
3,0,1,1,1024,23,0.6435546875,0.6213157364442095,0.022238951055790546
3,0,1,1,1024,24,0.6103515625,0.6213157364442095,-0.010964173944209454
3,0,1,1,1024,25,0.6337890625,0.6213157364442095,0.012473326055790546
3,0,1,1,1024,26,0.6162109375,0.6213157364442095,-0.005104798944209454
3,0,1,1,1024,27,0.6123046875,0.6213157364442095,-0.009011048944209454
3,0,1,1,1024,28,0.650390625,0.6213157364442095,0.029074888555790546
3,0,1,1,1024,29,0.6435546875,0.6213157364442095,0.022238951055790546
3,0,1,1,1024,30,0.6123046875,0.6213157364442095,-0.009011048944209454
3,0,1,1,1024,31,0.6083984375,0.6213157364442095,-0.012917298944209454
3,0,1,1,1024,32,0.6337890625,0.6213157364442095,0.012473326055790546
3,0,1,1,1024,33,0.625,0.6213157364442095,0.0036842635557905457
3,0,1,1,1024,34,0.6103515625,0.6213157364442095,-0.010964173944209454
3,0,1,1,1024,35,0.6328125,0.6213157364442095,0.011496763555790546
3,0,1,1,1024,36,0.6416015625,0.6213157364442095,0.020285826055790546
3,0,1,1,1024,37,0.5947265625,0.6213157364442095,-0.026589173944209454
3,0,1,1,1024,38,0.611328125,0.6213157364442095,-0.009987611444209454
3,0,1,1,1024,39,0.6279296875,0.6213157364442095,0.006613951055790546
3,0,1,1,1024,40,0.6357421875,0.6213157364442095,0.014426451055790546
3,0,1,1,1024,41,0.6171875,0.6213157364442095,-0.004128236444209454
3,0,1,1,1024,42,0.607421875,0.6213157364442095,-0.013893861444209454
3,0,1,1,1024,43,0.6298828125,0.6213157364442095,0.008567076055790546
3,0,1,1,1024,44,0.6572265625,0.6213157364442095,0.035910826055790546
3,0,1,1,1024,45,0.6279296875,0.6213157364442095,0.006613951055790546
3,0,1,1,1024,46,0.626953125,0.6213157364442095,0.005637388555790546
3,0,1,1,1024,47,0.6162109375,0.6213157364442095,-0.005104798944209454
3,0,1,1,1024,48,0.6103515625,0.6213157364442095,-0.010964173944209454
3,0,1,1,1024,49,0.6064453125,0.6213157364442095,-0.014870423944209454
3,0,1,1,1024,50,0.61328125,0.6213157364442095,-0.008034486444209454
3,0,1,1,1024,51,0.603515625,0.6213157364442095,-0.017800111444209454
3,0,1,1,1024,52,0.642578125,0.6213157364442095,0.021262388555790546
3,0,1,1,1024,53,0.615234375,0.6213157364442095,-0.006081361444209454
3,0,1,1,1024,54,0.6162109375,0.6213157364442095,-0.005104798944209454
3,0,1,1,1024,55,0.607421875,0.6213157364442095,-0.013893861444209454
3,0,1,1,1024,56,0.6201171875,0.6213157364442095,-0.0011985489442094543
3,0,1,1,1024,57,0.6328125,0.6213157364442095,0.011496763555790546
3,0,1,1,1024,58,0.59765625,0.6213157364442095,-0.023659486444209454
3,0,1,1,1024,59,0.65625,0.6213157364442095,0.034934263555790546
3,0,1,1,1024,60,0.6142578125,0.6213157364442095,-0.007057923944209454
3,0,1,1,1024,61,0.64453125,0.6213157364442095,0.023215513555790546
3,0,1,1,1024,62,0.626953125,0.6213157364442095,0.005637388555790546
3,0,1,1,1024,63,0.62890625,0.6213157364442095,0.007590513555790546
3,0,1,1,1024,64,0.6201171875,0.6213157364442095,-0.0011985489442094543
3,0,1,1,1024,65,0.6044921875,0.6213157364442095,-0.016823548944209454
3,0,1,1,1024,66,0.6279296875,0.6213157364442095,0.006613951055790546
3,0,1,1,1024,67,0.62890625,0.6213157364442095,0.007590513555790546
3,0,1,1,1024,68,0.5771484375,0.6213157364442095,-0.044167298944209454
3,0,1,1,1024,69,0.603515625,0.6213157364442095,-0.017800111444209454
3,0,1,1,1024,70,0.626953125,0.6213157364442095,0.005637388555790546
3,0,1,1,1024,71,0.619140625,0.6213157364442095,-0.0021751114442094543
3,0,1,1,1024,72,0.6064453125,0.6213157364442095,-0.014870423944209454
3,0,1,1,1024,73,0.6533203125,0.6213157364442095,0.032004576055790546
3,0,1,1,1024,74,0.6083984375,0.6213157364442095,-0.012917298944209454
3,0,1,1,1024,75,0.6044921875,0.6213157364442095,-0.016823548944209454
3,0,1,1,1024,76,0.6025390625,0.6213157364442095,-0.018776673944209454
3,0,1,1,1024,77,0.6240234375,0.6213157364442095,0.0027077010557905457
3,0,1,1,1024,78,0.6279296875,0.6213157364442095,0.006613951055790546
3,0,1,1,1024,79,0.5947265625,0.6213157364442095,-0.026589173944209454
3,0,1,1,1024,80,0.6005859375,0.6213157364442095,-0.020729798944209454
3,0,1,1,1024,81,0.619140625,0.6213157364442095,-0.0021751114442094543
3,0,1,1,1024,82,0.6259765625,0.6213157364442095,0.004660826055790546
3,0,1,1,1024,83,0.6357421875,0.6213157364442095,0.014426451055790546
3,0,1,1,1024,84,0.646484375,0.6213157364442095,0.025168638555790546
3,0,1,1,1024,85,0.6328125,0.6213157364442095,0.011496763555790546
3,0,1,1,1024,86,0.599609375,0.6213157364442095,-0.021706361444209454
3,0,1,1,1024,87,0.615234375,0.6213157364442095,-0.006081361444209454
3,0,1,1,1024,88,0.5947265625,0.6213157364442095,-0.026589173944209454
3,0,1,1,1024,89,0.6591796875,0.6213157364442095,0.037863951055790546
3,0,1,1,1024,90,0.60546875,0.6213157364442095,-0.015846986444209454
3,0,1,1,1024,91,0.5966796875,0.6213157364442095,-0.024636048944209454
3,0,1,1,1024,92,0.6328125,0.6213157364442095,0.011496763555790546
3,0,1,1,1024,93,0.61328125,0.6213157364442095,-0.008034486444209454
3,0,1,1,1024,94,0.625,0.6213157364442095,0.0036842635557905457
3,0,1,1,1024,95,0.59375,0.6213157364442095,-0.027565736444209454
3,0,1,1,1024,96,0.6376953125,0.6213157364442095,0.016379576055790546
3,0,1,1,1024,97,0.60546875,0.6213157364442095,-0.015846986444209454
3,0,1,1,1024,98,0.6494140625,0.6213157364442095,0.028098326055790546
3,0,1,1,1024,99,0.640625,0.6213157364442095,0.019309263555790546
3,0,1,1,1024,100,0.6259765625,0.6213157364442095,0.004660826055790546
3,0,1,1,1024,101,0.6142578125,0.6213157364442095,-0.007057923944209454
3,0,1,1,1024,102,0.6171875,0.6213157364442095,-0.004128236444209454
3,0,1,1,1024,103,0.6318359375,0.6213157364442095,0.010520201055790546
3,0,1,1,1024,104,0.623046875,0.6213157364442095,0.0017311385557905457
3,0,1,1,1024,105,0.6201171875,0.6213157364442095,-0.0011985489442094543
3,0,1,1,1024,106,0.625,0.6213157364442095,0.0036842635557905457
3,0,1,1,1024,107,0.6337890625,0.6213157364442095,0.012473326055790546
3,0,1,1,1024,108,0.6201171875,0.6213157364442095,-0.0011985489442094543
3,0,1,1,1024,109,0.623046875,0.6213157364442095,0.0017311385557905457
3,0,1,1,1024,110,0.6181640625,0.6213157364442095,-0.0031516739442094543
3,0,1,1,1024,111,0.609375,0.6213157364442095,-0.011940736444209454
3,0,1,1,1024,112,0.626953125,0.6213157364442095,0.005637388555790546
3,0,1,1,1024,113,0.6318359375,0.6213157364442095,0.010520201055790546
3,0,1,1,1024,114,0.6455078125,0.6213157364442095,0.024192076055790546
3,0,1,1,1024,115,0.6025390625,0.6213157364442095,-0.018776673944209454
3,0,1,1,1024,116,0.6171875,0.6213157364442095,-0.004128236444209454
3,0,1,1,1024,117,0.6376953125,0.6213157364442095,0.016379576055790546
3,0,1,1,1024,118,0.634765625,0.6213157364442095,0.013449888555790546
3,0,1,1,1024,119,0.6572265625,0.6213157364442095,0.035910826055790546
3,0,1,1,1024,120,0.609375,0.6213157364442095,-0.011940736444209454
3,0,1,1,1024,121,0.62890625,0.6213157364442095,0.007590513555790546
3,0,1,1,1024,122,0.6572265625,0.6213157364442095,0.035910826055790546
3,0,1,1,1024,123,0.6376953125,0.6213157364442095,0.016379576055790546
3,0,1,1,1024,124,0.5966796875,0.6213157364442095,-0.024636048944209454
3,0,1,1,1024,125,0.6123046875,0.6213157364442095,-0.009011048944209454
3,0,1,1,1024,126,0.6240234375,0.6213157364442095,0.0027077010557905457
3,0,1,1,1024,127,0.6259765625,0.6213157364442095,0.004660826055790546
3,0,1,1,1024,128,0.6083984375,0.6213157364442095,-0.012917298944209454
3,0,1,1,1024,129,0.630859375,0.6213157364442095,0.009543638555790546
3,0,1,1,1024,130,0.6103515625,0.6213157364442095,-0.010964173944209454
3,0,1,1,1024,131,0.640625,0.6213157364442095,0.019309263555790546
3,0,1,1,1024,132,0.630859375,0.6213157364442095,0.009543638555790546
3,0,1,1,1024,133,0.6220703125,0.6213157364442095,0.0007545760557905457
3,0,1,1,1024,134,0.6640625,0.6213157364442095,0.042746763555790546
3,0,1,1,1024,135,0.630859375,0.6213157364442095,0.009543638555790546
3,0,1,1,1024,136,0.6279296875,0.6213157364442095,0.006613951055790546
3,0,1,1,1024,137,0.6171875,0.6213157364442095,-0.004128236444209454
3,0,1,1,1024,138,0.64453125,0.6213157364442095,0.023215513555790546
3,0,1,1,1024,139,0.6162109375,0.6213157364442095,-0.005104798944209454
3,0,1,1,1024,140,0.6103515625,0.6213157364442095,-0.010964173944209454
3,0,1,1,1024,141,0.6328125,0.6213157364442095,0.011496763555790546
3,0,1,1,1024,142,0.6162109375,0.6213157364442095,-0.005104798944209454
3,0,1,1,1024,143,0.6064453125,0.6213157364442095,-0.014870423944209454
3,0,1,1,1024,144,0.6259765625,0.6213157364442095,0.004660826055790546
3,0,1,1,1024,145,0.6298828125,0.6213157364442095,0.008567076055790546
3,0,1,1,1024,146,0.6376953125,0.6213157364442095,0.016379576055790546
3,0,1,1,1024,147,0.6220703125,0.6213157364442095,0.0007545760557905457
3,0,1,1,1024,148,0.646484375,0.6213157364442095,0.025168638555790546
3,0,1,1,1024,149,0.6435546875,0.6213157364442095,0.022238951055790546
3,0,1,1,1024,150,0.61328125,0.6213157364442095,-0.008034486444209454
3,0,1,1,1024,151,0.6083984375,0.6213157364442095,-0.012917298944209454
3,0,1,1,1024,152,0.5947265625,0.6213157364442095,-0.026589173944209454
3,0,1,1,1024,153,0.6220703125,0.6213157364442095,0.0007545760557905457
3,0,1,1,1024,154,0.625,0.6213157364442095,0.0036842635557905457
3,0,1,1,1024,155,0.62109375,0.6213157364442095,-0.00022198644420945435
3,0,1,1,1024,156,0.61328125,0.6213157364442095,-0.008034486444209454
3,0,1,1,1024,157,0.6416015625,0.6213157364442095,0.020285826055790546
3,0,1,1,1024,158,0.6240234375,0.6213157364442095,0.0027077010557905457
3,0,1,1,1024,159,0.6708984375,0.6213157364442095,0.049582701055790546
3,0,1,1,1024,160,0.63671875,0.6213157364442095,0.015403013555790546
3,0,1,1,1024,161,0.6279296875,0.6213157364442095,0.006613951055790546
3,0,1,1,1024,162,0.6005859375,0.6213157364442095,-0.020729798944209454
3,0,1,1,1024,163,0.59765625,0.6213157364442095,-0.023659486444209454
3,0,1,1,1024,164,0.62109375,0.6213157364442095,-0.00022198644420945435
3,0,1,1,1024,165,0.6240234375,0.6213157364442095,0.0027077010557905457
3,0,1,1,1024,166,0.64453125,0.6213157364442095,0.023215513555790546
3,0,1,1,1024,167,0.6259765625,0.6213157364442095,0.004660826055790546
3,0,1,1,1024,168,0.6376953125,0.6213157364442095,0.016379576055790546
3,0,1,1,1024,169,0.630859375,0.6213157364442095,0.009543638555790546
3,0,1,1,1024,170,0.640625,0.6213157364442095,0.019309263555790546
3,0,1,1,1024,171,0.6240234375,0.6213157364442095,0.0027077010557905457
3,0,1,1,1024,172,0.62890625,0.6213157364442095,0.007590513555790546
3,0,1,1,1024,173,0.6416015625,0.6213157364442095,0.020285826055790546
3,0,1,1,1024,174,0.576171875,0.6213157364442095,-0.045143861444209454
3,0,1,1,1024,175,0.6435546875,0.6213157364442095,0.022238951055790546
3,0,1,1,1024,176,0.6171875,0.6213157364442095,-0.004128236444209454
3,0,1,1,1024,177,0.6240234375,0.6213157364442095,0.0027077010557905457
3,0,1,1,1024,178,0.607421875,0.6213157364442095,-0.013893861444209454
3,0,1,1,1024,179,0.6044921875,0.6213157364442095,-0.016823548944209454
3,0,1,1,1024,180,0.615234375,0.6213157364442095,-0.006081361444209454
3,0,1,1,1024,181,0.59765625,0.6213157364442095,-0.023659486444209454
3,0,1,1,1024,182,0.6123046875,0.6213157364442095,-0.009011048944209454
3,0,1,1,1024,183,0.626953125,0.6213157364442095,0.005637388555790546
3,0,1,1,1024,184,0.6455078125,0.6213157364442095,0.024192076055790546
3,0,1,1,1024,185,0.6005859375,0.6213157364442095,-0.020729798944209454
3,0,1,1,1024,186,0.626953125,0.6213157364442095,0.005637388555790546
3,0,1,1,1024,187,0.6025390625,0.6213157364442095,-0.018776673944209454
3,0,1,1,1024,188,0.578125,0.6213157364442095,-0.043190736444209454
3,0,1,1,1024,189,0.646484375,0.6213157364442095,0.025168638555790546
3,0,1,1,1024,190,0.623046875,0.6213157364442095,0.0017311385557905457
3,0,1,1,1024,191,0.6396484375,0.6213157364442095,0.018332701055790546
3,0,1,1,1024,192,0.630859375,0.6213157364442095,0.009543638555790546
3,0,1,1,1024,193,0.6171875,0.6213157364442095,-0.004128236444209454
3,0,1,1,1024,194,0.6171875,0.6213157364442095,-0.004128236444209454
3,0,1,1,1024,195,0.6328125,0.6213157364442095,0.011496763555790546
3,0,1,1,1024,196,0.6650390625,0.6213157364442095,0.043723326055790546
3,0,1,1,1024,197,0.634765625,0.6213157364442095,0.013449888555790546
3,0,1,1,1024,198,0.6240234375,0.6213157364442095,0.0027077010557905457
3,0,1,1,1024,199,0.650390625,0.6213157364442095,0.029074888555790546
3,0,1,1,2048,0,0.6005859375,0.6213157364442095,-0.020729798944209454
3,0,1,1,2048,1,0.62939453125,0.6213157364442095,0.008078794805790546
3,0,1,1,2048,2,0.6376953125,0.6213157364442095,0.016379576055790546
3,0,1,1,2048,3,0.62451171875,0.6213157364442095,0.0031959823057905457
3,0,1,1,2048,4,0.62939453125,0.6213157364442095,0.008078794805790546
3,0,1,1,2048,5,0.61083984375,0.6213157364442095,-0.010475892694209454
3,0,1,1,2048,6,0.61181640625,0.6213157364442095,-0.009499330194209454
3,0,1,1,2048,7,0.58935546875,0.6213157364442095,-0.031960267694209454
3,0,1,1,2048,8,0.61962890625,0.6213157364442095,-0.0016868301942094543
3,0,1,1,2048,9,0.63623046875,0.6213157364442095,0.014914732305790546
3,0,1,1,2048,10,0.61328125,0.6213157364442095,-0.008034486444209454
3,0,1,1,2048,11,0.6298828125,0.6213157364442095,0.008567076055790546
3,0,1,1,2048,12,0.62841796875,0.6213157364442095,0.007102232305790546
3,0,1,1,2048,13,0.630859375,0.6213157364442095,0.009543638555790546
3,0,1,1,2048,14,0.62158203125,0.6213157364442095,0.00026629480579054565
3,0,1,1,2048,15,0.5966796875,0.6213157364442095,-0.024636048944209454
3,0,1,1,2048,16,0.595703125,0.6213157364442095,-0.025612611444209454
3,0,1,1,2048,17,0.62646484375,0.6213157364442095,0.005149107305790546
3,0,1,1,2048,18,0.64306640625,0.6213157364442095,0.021750669805790546
3,0,1,1,2048,19,0.615234375,0.6213157364442095,-0.006081361444209454
3,0,1,1,2048,20,0.60888671875,0.6213157364442095,-0.012429017694209454
3,0,1,1,2048,21,0.62158203125,0.6213157364442095,0.00026629480579054565
3,0,1,1,2048,22,0.611328125,0.6213157364442095,-0.009987611444209454
3,0,1,1,2048,23,0.6240234375,0.6213157364442095,0.0027077010557905457
3,0,1,1,2048,24,0.61767578125,0.6213157364442095,-0.0036399551942094543
3,0,1,1,2048,25,0.6337890625,0.6213157364442095,0.012473326055790546
3,0,1,1,2048,26,0.6181640625,0.6213157364442095,-0.0031516739442094543
3,0,1,1,2048,27,0.6123046875,0.6213157364442095,-0.009011048944209454
3,0,1,1,2048,28,0.62109375,0.6213157364442095,-0.00022198644420945435
3,0,1,1,2048,29,0.6240234375,0.6213157364442095,0.0027077010557905457
3,0,1,1,2048,30,0.61376953125,0.6213157364442095,-0.007546205194209454
3,0,1,1,2048,31,0.619140625,0.6213157364442095,-0.0021751114442094543
3,0,1,1,2048,32,0.619140625,0.6213157364442095,-0.0021751114442094543
3,0,1,1,2048,33,0.6044921875,0.6213157364442095,-0.016823548944209454
3,0,1,1,2048,34,0.62841796875,0.6213157364442095,0.007102232305790546
3,0,1,1,2048,35,0.64501953125,0.6213157364442095,0.023703794805790546
3,0,1,1,2048,36,0.61669921875,0.6213157364442095,-0.004616517694209454
3,0,1,1,2048,37,0.6240234375,0.6213157364442095,0.0027077010557905457
3,0,1,1,2048,38,0.611328125,0.6213157364442095,-0.009987611444209454
3,0,1,1,2048,39,0.615234375,0.6213157364442095,-0.006081361444209454
3,0,1,1,2048,40,0.62646484375,0.6213157364442095,0.005149107305790546
3,0,1,1,2048,41,0.6259765625,0.6213157364442095,0.004660826055790546
3,0,1,1,2048,42,0.6298828125,0.6213157364442095,0.008567076055790546
3,0,1,1,2048,43,0.62353515625,0.6213157364442095,0.0022194198057905457
3,0,1,1,2048,44,0.6025390625,0.6213157364442095,-0.018776673944209454
3,0,1,1,2048,45,0.60693359375,0.6213157364442095,-0.014382142694209454
3,0,1,1,2048,46,0.6337890625,0.6213157364442095,0.012473326055790546
3,0,1,1,2048,47,0.623046875,0.6213157364442095,0.0017311385557905457
3,0,1,1,2048,48,0.62841796875,0.6213157364442095,0.007102232305790546
3,0,1,1,2048,49,0.64794921875,0.6213157364442095,0.026633482305790546
3,0,1,1,2048,50,0.6220703125,0.6213157364442095,0.0007545760557905457
3,0,1,1,2048,51,0.59033203125,0.6213157364442095,-0.030983705194209454
3,0,1,1,2048,52,0.63916015625,0.6213157364442095,0.017844419805790546
3,0,1,1,2048,53,0.6181640625,0.6213157364442095,-0.0031516739442094543
3,0,1,1,2048,54,0.62451171875,0.6213157364442095,0.0031959823057905457
3,0,1,1,2048,55,0.6484375,0.6213157364442095,0.027121763555790546
3,0,1,1,2048,56,0.61328125,0.6213157364442095,-0.008034486444209454
3,0,1,1,2048,57,0.62255859375,0.6213157364442095,0.0012428573057905457
3,0,1,1,2048,58,0.62890625,0.6213157364442095,0.007590513555790546
3,0,1,1,2048,59,0.61669921875,0.6213157364442095,-0.004616517694209454
3,0,1,1,2048,60,0.63818359375,0.6213157364442095,0.016867857305790546
3,0,1,1,2048,61,0.607421875,0.6213157364442095,-0.013893861444209454
3,0,1,1,2048,62,0.6494140625,0.6213157364442095,0.028098326055790546
3,0,1,1,2048,63,0.6328125,0.6213157364442095,0.011496763555790546
3,0,1,1,2048,64,0.623046875,0.6213157364442095,0.0017311385557905457
3,0,1,1,2048,65,0.60302734375,0.6213157364442095,-0.018288392694209454
3,0,1,1,2048,66,0.615234375,0.6213157364442095,-0.006081361444209454
3,0,1,1,2048,67,0.6171875,0.6213157364442095,-0.004128236444209454
3,0,1,1,2048,68,0.6181640625,0.6213157364442095,-0.0031516739442094543
3,0,1,1,2048,69,0.603515625,0.6213157364442095,-0.017800111444209454
3,0,1,1,2048,70,0.62939453125,0.6213157364442095,0.008078794805790546
3,0,1,1,2048,71,0.615234375,0.6213157364442095,-0.006081361444209454
3,0,1,1,2048,72,0.59716796875,0.6213157364442095,-0.024147767694209454
3,0,1,1,2048,73,0.61865234375,0.6213157364442095,-0.0026633926942094543
3,0,1,1,2048,74,0.62548828125,0.6213157364442095,0.004172544805790546
3,0,1,1,2048,75,0.626953125,0.6213157364442095,0.005637388555790546
3,0,1,1,2048,76,0.61181640625,0.6213157364442095,-0.009499330194209454
3,0,1,1,2048,77,0.62109375,0.6213157364442095,-0.00022198644420945435
3,0,1,1,2048,78,0.60888671875,0.6213157364442095,-0.012429017694209454
3,0,1,1,2048,79,0.64111328125,0.6213157364442095,0.019797544805790546
3,0,1,1,2048,80,0.6298828125,0.6213157364442095,0.008567076055790546
3,0,1,1,2048,81,0.61279296875,0.6213157364442095,-0.008522767694209454
3,0,1,1,2048,82,0.638671875,0.6213157364442095,0.017356138555790546
3,0,1,1,2048,83,0.61181640625,0.6213157364442095,-0.009499330194209454
3,0,1,1,2048,84,0.6259765625,0.6213157364442095,0.004660826055790546
3,0,1,1,2048,85,0.62109375,0.6213157364442095,-0.00022198644420945435
3,0,1,1,2048,86,0.615234375,0.6213157364442095,-0.006081361444209454
3,0,1,1,2048,87,0.64208984375,0.6213157364442095,0.020774107305790546
3,0,1,1,2048,88,0.640625,0.6213157364442095,0.019309263555790546
3,0,1,1,2048,89,0.60302734375,0.6213157364442095,-0.018288392694209454
3,0,1,1,2048,90,0.60595703125,0.6213157364442095,-0.015358705194209454
3,0,1,1,2048,91,0.64697265625,0.6213157364442095,0.025656919805790546
3,0,1,1,2048,92,0.607421875,0.6213157364442095,-0.013893861444209454
3,0,1,1,2048,93,0.60595703125,0.6213157364442095,-0.015358705194209454
3,0,1,1,2048,94,0.61572265625,0.6213157364442095,-0.005593080194209454
3,0,1,1,2048,95,0.59716796875,0.6213157364442095,-0.024147767694209454
3,0,1,1,2048,96,0.61669921875,0.6213157364442095,-0.004616517694209454
3,0,1,1,2048,97,0.619140625,0.6213157364442095,-0.0021751114442094543
3,0,1,1,2048,98,0.626953125,0.6213157364442095,0.005637388555790546
3,0,1,1,2048,99,0.6171875,0.6213157364442095,-0.004128236444209454
3,0,1,1,2048,100,0.6083984375,0.6213157364442095,-0.012917298944209454
3,0,1,1,2048,101,0.646484375,0.6213157364442095,0.025168638555790546
3,0,1,1,2048,102,0.6162109375,0.6213157364442095,-0.005104798944209454
3,0,1,1,2048,103,0.6328125,0.6213157364442095,0.011496763555790546
3,0,1,1,2048,104,0.6435546875,0.6213157364442095,0.022238951055790546
3,0,1,1,2048,105,0.6357421875,0.6213157364442095,0.014426451055790546
3,0,1,1,2048,106,0.63232421875,0.6213157364442095,0.011008482305790546
3,0,1,1,2048,107,0.60595703125,0.6213157364442095,-0.015358705194209454
3,0,1,1,2048,108,0.62255859375,0.6213157364442095,0.0012428573057905457
3,0,1,1,2048,109,0.61083984375,0.6213157364442095,-0.010475892694209454
3,0,1,1,2048,110,0.63232421875,0.6213157364442095,0.011008482305790546
3,0,1,1,2048,111,0.62353515625,0.6213157364442095,0.0022194198057905457
3,0,1,1,2048,112,0.6318359375,0.6213157364442095,0.010520201055790546
3,0,1,1,2048,113,0.6162109375,0.6213157364442095,-0.005104798944209454
3,0,1,1,2048,114,0.63134765625,0.6213157364442095,0.010031919805790546
3,0,1,1,2048,115,0.62939453125,0.6213157364442095,0.008078794805790546
3,0,1,1,2048,116,0.61572265625,0.6213157364442095,-0.005593080194209454
3,0,1,1,2048,117,0.62548828125,0.6213157364442095,0.004172544805790546
3,0,1,1,2048,118,0.62548828125,0.6213157364442095,0.004172544805790546
3,0,1,1,2048,119,0.62646484375,0.6213157364442095,0.005149107305790546
3,0,1,1,2048,120,0.63525390625,0.6213157364442095,0.013938169805790546
3,0,1,1,2048,121,0.619140625,0.6213157364442095,-0.0021751114442094543
3,0,1,1,2048,122,0.61474609375,0.6213157364442095,-0.006569642694209454
3,0,1,1,2048,123,0.62353515625,0.6213157364442095,0.0022194198057905457
3,0,1,1,2048,124,0.6162109375,0.6213157364442095,-0.005104798944209454
3,0,1,1,2048,125,0.63671875,0.6213157364442095,0.015403013555790546
3,0,1,1,2048,126,0.63671875,0.6213157364442095,0.015403013555790546
3,0,1,1,2048,127,0.62353515625,0.6213157364442095,0.0022194198057905457
3,0,1,1,2048,128,0.61181640625,0.6213157364442095,-0.009499330194209454
3,0,1,1,2048,129,0.60986328125,0.6213157364442095,-0.011452455194209454
3,0,1,1,2048,130,0.6083984375,0.6213157364442095,-0.012917298944209454
3,0,1,1,2048,131,0.611328125,0.6213157364442095,-0.009987611444209454
3,0,1,1,2048,132,0.61865234375,0.6213157364442095,-0.0026633926942094543
3,0,1,1,2048,133,0.630859375,0.6213157364442095,0.009543638555790546
3,0,1,1,2048,134,0.64404296875,0.6213157364442095,0.022727232305790546
3,0,1,1,2048,135,0.609375,0.6213157364442095,-0.011940736444209454
3,0,1,1,2048,136,0.61962890625,0.6213157364442095,-0.0016868301942094543
3,0,1,1,2048,137,0.63720703125,0.6213157364442095,0.015891294805790546
3,0,1,1,2048,138,0.60498046875,0.6213157364442095,-0.016335267694209454
3,0,1,1,2048,139,0.6474609375,0.6213157364442095,0.026145201055790546
3,0,1,1,2048,140,0.623046875,0.6213157364442095,0.0017311385557905457
3,0,1,1,2048,141,0.6083984375,0.6213157364442095,-0.012917298944209454
3,0,1,1,2048,142,0.6376953125,0.6213157364442095,0.016379576055790546
3,0,1,1,2048,143,0.6142578125,0.6213157364442095,-0.007057923944209454
3,0,1,1,2048,144,0.6259765625,0.6213157364442095,0.004660826055790546
3,0,1,1,2048,145,0.6376953125,0.6213157364442095,0.016379576055790546
3,0,1,1,2048,146,0.61181640625,0.6213157364442095,-0.009499330194209454
3,0,1,1,2048,147,0.63134765625,0.6213157364442095,0.010031919805790546
3,0,1,1,2048,148,0.6259765625,0.6213157364442095,0.004660826055790546
3,0,1,1,2048,149,0.62744140625,0.6213157364442095,0.006125669805790546
3,0,1,1,2048,150,0.64306640625,0.6213157364442095,0.021750669805790546
3,0,1,1,2048,151,0.63134765625,0.6213157364442095,0.010031919805790546
3,0,1,1,2048,152,0.5986328125,0.6213157364442095,-0.022682923944209454
3,0,1,1,2048,153,0.6103515625,0.6213157364442095,-0.010964173944209454
3,0,1,1,2048,154,0.6142578125,0.6213157364442095,-0.007057923944209454
3,0,1,1,2048,155,0.61962890625,0.6213157364442095,-0.0016868301942094543
3,0,1,1,2048,156,0.6318359375,0.6213157364442095,0.010520201055790546
3,0,1,1,2048,157,0.62158203125,0.6213157364442095,0.00026629480579054565
3,0,1,1,2048,158,0.60302734375,0.6213157364442095,-0.018288392694209454
3,0,1,1,2048,159,0.61279296875,0.6213157364442095,-0.008522767694209454
3,0,1,1,2048,160,0.6318359375,0.6213157364442095,0.010520201055790546
3,0,1,1,2048,161,0.6494140625,0.6213157364442095,0.028098326055790546
3,0,1,1,2048,162,0.6171875,0.6213157364442095,-0.004128236444209454
3,0,1,1,2048,163,0.6298828125,0.6213157364442095,0.008567076055790546
3,0,1,1,2048,164,0.619140625,0.6213157364442095,-0.0021751114442094543
3,0,1,1,2048,165,0.61767578125,0.6213157364442095,-0.0036399551942094543
3,0,1,1,2048,166,0.61669921875,0.6213157364442095,-0.004616517694209454
3,0,1,1,2048,167,0.587890625,0.6213157364442095,-0.033425111444209454
3,0,1,1,2048,168,0.61181640625,0.6213157364442095,-0.009499330194209454
3,0,1,1,2048,169,0.65234375,0.6213157364442095,0.031028013555790546
3,0,1,1,2048,170,0.6220703125,0.6213157364442095,0.0007545760557905457
3,0,1,1,2048,171,0.63671875,0.6213157364442095,0.015403013555790546
3,0,1,1,2048,172,0.6318359375,0.6213157364442095,0.010520201055790546
3,0,1,1,2048,173,0.611328125,0.6213157364442095,-0.009987611444209454
3,0,1,1,2048,174,0.63134765625,0.6213157364442095,0.010031919805790546
3,0,1,1,2048,175,0.61767578125,0.6213157364442095,-0.0036399551942094543
3,0,1,1,2048,176,0.61181640625,0.6213157364442095,-0.009499330194209454
3,0,1,1,2048,177,0.6162109375,0.6213157364442095,-0.005104798944209454
3,0,1,1,2048,178,0.60107421875,0.6213157364442095,-0.020241517694209454
3,0,1,1,2048,179,0.63427734375,0.6213157364442095,0.012961607305790546
3,0,1,1,2048,180,0.61669921875,0.6213157364442095,-0.004616517694209454
3,0,1,1,2048,181,0.61669921875,0.6213157364442095,-0.004616517694209454
3,0,1,1,2048,182,0.63916015625,0.6213157364442095,0.017844419805790546
3,0,1,1,2048,183,0.6376953125,0.6213157364442095,0.016379576055790546
3,0,1,1,2048,184,0.6181640625,0.6213157364442095,-0.0031516739442094543
3,0,1,1,2048,185,0.61376953125,0.6213157364442095,-0.007546205194209454
3,0,1,1,2048,186,0.6201171875,0.6213157364442095,-0.0011985489442094543
3,0,1,1,2048,187,0.62646484375,0.6213157364442095,0.005149107305790546
3,0,1,1,2048,188,0.61376953125,0.6213157364442095,-0.007546205194209454
3,0,1,1,2048,189,0.62109375,0.6213157364442095,-0.00022198644420945435
3,0,1,1,2048,190,0.615234375,0.6213157364442095,-0.006081361444209454
3,0,1,1,2048,191,0.6142578125,0.6213157364442095,-0.007057923944209454
3,0,1,1,2048,192,0.619140625,0.6213157364442095,-0.0021751114442094543
3,0,1,1,2048,193,0.60498046875,0.6213157364442095,-0.016335267694209454
3,0,1,1,2048,194,0.6015625,0.6213157364442095,-0.019753236444209454
3,0,1,1,2048,195,0.6279296875,0.6213157364442095,0.006613951055790546
3,0,1,1,2048,196,0.607421875,0.6213157364442095,-0.013893861444209454
3,0,1,1,2048,197,0.6181640625,0.6213157364442095,-0.0031516739442094543
3,0,1,1,2048,198,0.6201171875,0.6213157364442095,-0.0011985489442094543
3,0,1,1,2048,199,0.609375,0.6213157364442095,-0.011940736444209454
8,1,1,0,64,0,0.03125,-0.07889545790470395,0.11014545790470395
8,1,1,0,64,1,-0.03125,-0.07889545790470395,0.04764545790470395
8,1,1,0,64,2,0.015625,-0.07889545790470395,0.09452045790470395
8,1,1,0,64,3,-0.078125,-0.07889545790470395,0.0007704579047039528
8,1,1,0,64,4,-0.25,-0.07889545790470395,-0.17110454209529605
8,1,1,0,64,5,-0.078125,-0.07889545790470395,0.0007704579047039528
8,1,1,0,64,6,-0.0625,-0.07889545790470395,0.016395457904703953
8,1,1,0,64,7,-0.171875,-0.07889545790470395,-0.09297954209529605
8,1,1,0,64,8,-0.25,-0.07889545790470395,-0.17110454209529605
8,1,1,0,64,9,-0.1875,-0.07889545790470395,-0.10860454209529605
8,1,1,0,64,10,-0.0625,-0.07889545790470395,0.016395457904703953
8,1,1,0,64,11,-0.09375,-0.07889545790470395,-0.014854542095296047
8,1,1,0,64,12,-0.046875,-0.07889545790470395,0.03202045790470395
8,1,1,0,64,13,-0.125,-0.07889545790470395,-0.04610454209529605
8,1,1,0,64,14,-0.15625,-0.07889545790470395,-0.07735454209529605
8,1,1,0,64,15,-0.078125,-0.07889545790470395,0.0007704579047039528
8,1,1,0,64,16,-0.046875,-0.07889545790470395,0.03202045790470395
8,1,1,0,64,17,-0.203125,-0.07889545790470395,-0.12422954209529605
8,1,1,0,64,18,-0.09375,-0.07889545790470395,-0.014854542095296047
8,1,1,0,64,19,-0.078125,-0.07889545790470395,0.0007704579047039528
8,1,1,0,64,20,0.109375,-0.07889545790470395,0.18827045790470395
8,1,1,0,64,21,-0.078125,-0.07889545790470395,0.0007704579047039528
8,1,1,0,64,22,-0.15625,-0.07889545790470395,-0.07735454209529605
8,1,1,0,64,23,-0.109375,-0.07889545790470395,-0.030479542095296047
8,1,1,0,64,24,-0.03125,-0.07889545790470395,0.04764545790470395
8,1,1,0,64,25,-0.078125,-0.07889545790470395,0.0007704579047039528
8,1,1,0,64,26,-0.046875,-0.07889545790470395,0.03202045790470395
8,1,1,0,64,27,-0.21875,-0.07889545790470395,-0.13985454209529605
8,1,1,0,64,28,-0.078125,-0.07889545790470395,0.0007704579047039528
8,1,1,0,64,29,-0.234375,-0.07889545790470395,-0.15547954209529605
8,1,1,0,64,30,-0.234375,-0.07889545790470395,-0.15547954209529605
8,1,1,0,64,31,-0.0625,-0.07889545790470395,0.016395457904703953
8,1,1,0,64,32,-0.15625,-0.07889545790470395,-0.07735454209529605
8,1,1,0,64,33,-0.078125,-0.07889545790470395,0.0007704579047039528
8,1,1,0,64,34,-0.015625,-0.07889545790470395,0.06327045790470395
8,1,1,0,64,35,-0.125,-0.07889545790470395,-0.04610454209529605
8,1,1,0,64,36,-0.0625,-0.07889545790470395,0.016395457904703953
8,1,1,0,64,37,0.0625,-0.07889545790470395,0.14139545790470395
8,1,1,0,64,38,-0.15625,-0.07889545790470395,-0.07735454209529605
8,1,1,0,64,39,-0.1875,-0.07889545790470395,-0.10860454209529605
8,1,1,0,64,40,-0.171875,-0.07889545790470395,-0.09297954209529605
8,1,1,0,64,41,-0.203125,-0.07889545790470395,-0.12422954209529605
8,1,1,0,64,42,-0.125,-0.07889545790470395,-0.04610454209529605
8,1,1,0,64,43,-0.046875,-0.07889545790470395,0.03202045790470395
8,1,1,0,64,44,-0.171875,-0.07889545790470395,-0.09297954209529605
8,1,1,0,64,45,-0.078125,-0.07889545790470395,0.0007704579047039528
8,1,1,0,64,46,0.078125,-0.07889545790470395,0.15702045790470395
8,1,1,0,64,47,-0.140625,-0.07889545790470395,-0.06172954209529605
8,1,1,0,64,48,-0.109375,-0.07889545790470395,-0.030479542095296047
8,1,1,0,64,49,-0.109375,-0.07889545790470395,-0.030479542095296047
8,1,1,0,64,50,-0.140625,-0.07889545790470395,-0.06172954209529605
8,1,1,0,64,51,0.03125,-0.07889545790470395,0.11014545790470395
8,1,1,0,64,52,0.03125,-0.07889545790470395,0.11014545790470395
8,1,1,0,64,53,-0.09375,-0.07889545790470395,-0.014854542095296047
8,1,1,0,64,54,-0.140625,-0.07889545790470395,-0.06172954209529605
8,1,1,0,64,55,-0.0625,-0.07889545790470395,0.016395457904703953
8,1,1,0,64,56,-0.125,-0.07889545790470395,-0.04610454209529605
8,1,1,0,64,57,-0.03125,-0.07889545790470395,0.04764545790470395
8,1,1,0,64,58,-0.09375,-0.07889545790470395,-0.014854542095296047
8,1,1,0,64,59,-0.046875,-0.07889545790470395,0.03202045790470395
8,1,1,0,64,60,-0.15625,-0.07889545790470395,-0.07735454209529605
8,1,1,0,64,61,0.0,-0.07889545790470395,0.07889545790470395
8,1,1,0,64,62,0.0,-0.07889545790470395,0.07889545790470395
8,1,1,0,64,63,-0.234375,-0.07889545790470395,-0.15547954209529605
8,1,1,0,64,64,0.0,-0.07889545790470395,0.07889545790470395
8,1,1,0,64,65,-0.15625,-0.07889545790470395,-0.07735454209529605
8,1,1,0,64,66,-0.0625,-0.07889545790470395,0.016395457904703953
8,1,1,0,64,67,-0.1875,-0.07889545790470395,-0.10860454209529605
8,1,1,0,64,68,-0.1875,-0.07889545790470395,-0.10860454209529605
8,1,1,0,64,69,-0.09375,-0.07889545790470395,-0.014854542095296047
8,1,1,0,64,70,-0.078125,-0.07889545790470395,0.0007704579047039528
8,1,1,0,64,71,0.078125,-0.07889545790470395,0.15702045790470395
8,1,1,0,64,72,-0.078125,-0.07889545790470395,0.0007704579047039528
8,1,1,0,64,73,0.125,-0.07889545790470395,0.20389545790470395
8,1,1,0,64,74,-0.171875,-0.07889545790470395,-0.09297954209529605
8,1,1,0,64,75,-0.109375,-0.07889545790470395,-0.030479542095296047
8,1,1,0,64,76,0.078125,-0.07889545790470395,0.15702045790470395
8,1,1,0,64,77,-0.109375,-0.07889545790470395,-0.030479542095296047
8,1,1,0,64,78,-0.0625,-0.07889545790470395,0.016395457904703953
8,1,1,0,64,79,-0.0625,-0.07889545790470395,0.016395457904703953
8,1,1,0,64,80,-0.125,-0.07889545790470395,-0.04610454209529605
8,1,1,0,64,81,-0.171875,-0.07889545790470395,-0.09297954209529605
8,1,1,0,64,82,-0.078125,-0.07889545790470395,0.0007704579047039528
8,1,1,0,64,83,0.015625,-0.07889545790470395,0.09452045790470395
8,1,1,0,64,84,-0.203125,-0.07889545790470395,-0.12422954209529605
8,1,1,0,64,85,-0.234375,-0.07889545790470395,-0.15547954209529605
8,1,1,0,64,86,-0.046875,-0.07889545790470395,0.03202045790470395
8,1,1,0,64,87,0.046875,-0.07889545790470395,0.12577045790470395
8,1,1,0,64,88,0.046875,-0.07889545790470395,0.12577045790470395
8,1,1,0,64,89,-0.15625,-0.07889545790470395,-0.07735454209529605
8,1,1,0,64,90,-0.078125,-0.07889545790470395,0.0007704579047039528
8,1,1,0,64,91,-0.171875,-0.07889545790470395,-0.09297954209529605
8,1,1,0,64,92,-0.203125,-0.07889545790470395,-0.12422954209529605
8,1,1,0,64,93,-0.21875,-0.07889545790470395,-0.13985454209529605
8,1,1,0,64,94,-0.109375,-0.07889545790470395,-0.030479542095296047
8,1,1,0,64,95,0.0625,-0.07889545790470395,0.14139545790470395
8,1,1,0,64,96,-0.015625,-0.07889545790470395,0.06327045790470395
8,1,1,0,64,97,-0.0625,-0.07889545790470395,0.016395457904703953
8,1,1,0,64,98,-0.046875,-0.07889545790470395,0.03202045790470395
8,1,1,0,64,99,-0.109375,-0.07889545790470395,-0.030479542095296047
8,1,1,0,64,100,-0.015625,-0.07889545790470395,0.06327045790470395
8,1,1,0,64,101,-0.171875,-0.07889545790470395,-0.09297954209529605
8,1,1,0,64,102,-0.1875,-0.07889545790470395,-0.10860454209529605
8,1,1,0,64,103,-0.15625,-0.07889545790470395,-0.07735454209529605
8,1,1,0,64,104,-0.078125,-0.07889545790470395,0.0007704579047039528
8,1,1,0,64,105,-0.09375,-0.07889545790470395,-0.014854542095296047
8,1,1,0,64,106,0.015625,-0.07889545790470395,0.09452045790470395
8,1,1,0,64,107,-0.078125,-0.07889545790470395,0.0007704579047039528
8,1,1,0,64,108,0.0625,-0.07889545790470395,0.14139545790470395
8,1,1,0,64,109,-0.03125,-0.07889545790470395,0.04764545790470395
8,1,1,0,64,110,-0.0625,-0.07889545790470395,0.016395457904703953
8,1,1,0,64,111,-0.046875,-0.07889545790470395,0.03202045790470395
8,1,1,0,64,112,-0.109375,-0.07889545790470395,-0.030479542095296047
8,1,1,0,64,113,0.109375,-0.07889545790470395,0.18827045790470395
8,1,1,0,64,114,0.015625,-0.07889545790470395,0.09452045790470395
8,1,1,0,64,115,-0.015625,-0.07889545790470395,0.06327045790470395
8,1,1,0,64,116,-0.140625,-0.07889545790470395,-0.06172954209529605
8,1,1,0,64,117,-0.125,-0.07889545790470395,-0.04610454209529605
8,1,1,0,64,118,-0.0625,-0.07889545790470395,0.016395457904703953
8,1,1,0,64,119,-0.046875,-0.07889545790470395,0.03202045790470395
8,1,1,0,64,120,-0.21875,-0.07889545790470395,-0.13985454209529605
8,1,1,0,64,121,-0.09375,-0.07889545790470395,-0.014854542095296047
8,1,1,0,64,122,-0.25,-0.07889545790470395,-0.17110454209529605
8,1,1,0,64,123,-0.078125,-0.07889545790470395,0.0007704579047039528
8,1,1,0,64,124,-0.078125,-0.07889545790470395,0.0007704579047039528
8,1,1,0,64,125,-0.015625,-0.07889545790470395,0.06327045790470395
8,1,1,0,64,126,0.03125,-0.07889545790470395,0.11014545790470395
8,1,1,0,64,127,-0.265625,-0.07889545790470395,-0.18672954209529605
8,1,1,0,64,128,0.0,-0.07889545790470395,0.07889545790470395
8,1,1,0,64,129,-0.265625,-0.07889545790470395,-0.18672954209529605
8,1,1,0,64,130,-0.1875,-0.07889545790470395,-0.10860454209529605
8,1,1,0,64,131,-0.03125,-0.07889545790470395,0.04764545790470395
8,1,1,0,64,132,0.046875,-0.07889545790470395,0.12577045790470395
8,1,1,0,64,133,0.0625,-0.07889545790470395,0.14139545790470395
8,1,1,0,64,134,-0.109375,-0.07889545790470395,-0.030479542095296047
8,1,1,0,64,135,-0.109375,-0.07889545790470395,-0.030479542095296047
8,1,1,0,64,136,-0.078125,-0.07889545790470395,0.0007704579047039528
8,1,1,0,64,137,-0.28125,-0.07889545790470395,-0.20235454209529605
8,1,1,0,64,138,-0.15625,-0.07889545790470395,-0.07735454209529605
8,1,1,0,64,139,0.109375,-0.07889545790470395,0.18827045790470395
8,1,1,0,64,140,-0.03125,-0.07889545790470395,0.04764545790470395
8,1,1,0,64,141,0.0,-0.07889545790470395,0.07889545790470395
8,1,1,0,64,142,-0.125,-0.07889545790470395,-0.04610454209529605
8,1,1,0,64,143,-0.21875,-0.07889545790470395,-0.13985454209529605
8,1,1,0,64,144,0.0,-0.07889545790470395,0.07889545790470395
8,1,1,0,64,145,-0.15625,-0.07889545790470395,-0.07735454209529605
8,1,1,0,64,146,-0.15625,-0.07889545790470395,-0.07735454209529605
8,1,1,0,64,147,-0.203125,-0.07889545790470395,-0.12422954209529605
8,1,1,0,64,148,-0.109375,-0.07889545790470395,-0.030479542095296047
8,1,1,0,64,149,-0.09375,-0.07889545790470395,-0.014854542095296047
8,1,1,0,64,150,0.015625,-0.07889545790470395,0.09452045790470395
8,1,1,0,64,151,-0.125,-0.07889545790470395,-0.04610454209529605
8,1,1,0,64,152,-0.109375,-0.07889545790470395,-0.030479542095296047
8,1,1,0,64,153,0.078125,-0.07889545790470395,0.15702045790470395
8,1,1,0,64,154,-0.078125,-0.07889545790470395,0.0007704579047039528
8,1,1,0,64,155,-0.015625,-0.07889545790470395,0.06327045790470395
8,1,1,0,64,156,-0.3125,-0.07889545790470395,-0.23360454209529605
8,1,1,0,64,157,-0.15625,-0.07889545790470395,-0.07735454209529605
8,1,1,0,64,158,0.0,-0.07889545790470395,0.07889545790470395
8,1,1,0,64,159,-0.078125,-0.07889545790470395,0.0007704579047039528
8,1,1,0,64,160,-0.0625,-0.07889545790470395,0.016395457904703953
8,1,1,0,64,161,-0.1875,-0.07889545790470395,-0.10860454209529605
8,1,1,0,64,162,-0.1875,-0.07889545790470395,-0.10860454209529605
8,1,1,0,64,163,-0.015625,-0.07889545790470395,0.06327045790470395
8,1,1,0,64,164,-0.125,-0.07889545790470395,-0.04610454209529605
8,1,1,0,64,165,-0.125,-0.07889545790470395,-0.04610454209529605
8,1,1,0,64,166,-0.015625,-0.07889545790470395,0.06327045790470395
8,1,1,0,64,167,-0.140625,-0.07889545790470395,-0.06172954209529605
8,1,1,0,64,168,-0.09375,-0.07889545790470395,-0.014854542095296047
8,1,1,0,64,169,-0.140625,-0.07889545790470395,-0.06172954209529605
8,1,1,0,64,170,0.078125,-0.07889545790470395,0.15702045790470395
8,1,1,0,64,171,-0.03125,-0.07889545790470395,0.04764545790470395
8,1,1,0,64,172,-0.109375,-0.07889545790470395,-0.030479542095296047
8,1,1,0,64,173,-0.1875,-0.07889545790470395,-0.10860454209529605
8,1,1,0,64,174,-0.171875,-0.07889545790470395,-0.09297954209529605
8,1,1,0,64,175,-0.09375,-0.07889545790470395,-0.014854542095296047
8,1,1,0,64,176,-0.0625,-0.07889545790470395,0.016395457904703953
8,1,1,0,64,177,0.0625,-0.07889545790470395,0.14139545790470395
8,1,1,0,64,178,-0.109375,-0.07889545790470395,-0.030479542095296047
8,1,1,0,64,179,-0.078125,-0.07889545790470395,0.0007704579047039528
8,1,1,0,64,180,-0.046875,-0.07889545790470395,0.03202045790470395
8,1,1,0,64,181,-0.140625,-0.07889545790470395,-0.06172954209529605
8,1,1,0,64,182,-0.171875,-0.07889545790470395,-0.09297954209529605
8,1,1,0,64,183,-0.125,-0.07889545790470395,-0.04610454209529605
8,1,1,0,64,184,0.046875,-0.07889545790470395,0.12577045790470395
8,1,1,0,64,185,0.140625,-0.07889545790470395,0.21952045790470395
8,1,1,0,64,186,-0.234375,-0.07889545790470395,-0.15547954209529605
8,1,1,0,64,187,-0.015625,-0.07889545790470395,0.06327045790470395
8,1,1,0,64,188,0.09375,-0.07889545790470395,0.17264545790470395
8,1,1,0,64,189,-0.0625,-0.07889545790470395,0.016395457904703953
8,1,1,0,64,190,-0.140625,-0.07889545790470395,-0.06172954209529605
8,1,1,0,64,191,-0.109375,-0.07889545790470395,-0.030479542095296047
8,1,1,0,64,192,-0.234375,-0.07889545790470395,-0.15547954209529605
8,1,1,0,64,193,-0.078125,-0.07889545790470395,0.0007704579047039528
8,1,1,0,64,194,-0.03125,-0.07889545790470395,0.04764545790470395
8,1,1,0,64,195,-0.15625,-0.07889545790470395,-0.07735454209529605
8,1,1,0,64,196,0.015625,-0.07889545790470395,0.09452045790470395
8,1,1,0,64,197,0.046875,-0.07889545790470395,0.12577045790470395
8,1,1,0,64,198,0.03125,-0.07889545790470395,0.11014545790470395
8,1,1,0,64,199,-0.078125,-0.07889545790470395,0.0007704579047039528
8,1,1,0,128,0,-0.2265625,-0.07889545790470395,-0.14766704209529605
8,1,1,0,128,1,-0.078125,-0.07889545790470395,0.0007704579047039528
8,1,1,0,128,2,-0.0546875,-0.07889545790470395,0.024207957904703953
8,1,1,0,128,3,-0.0625,-0.07889545790470395,0.016395457904703953
8,1,1,0,128,4,-0.140625,-0.07889545790470395,-0.06172954209529605
8,1,1,0,128,5,-0.1875,-0.07889545790470395,-0.10860454209529605
8,1,1,0,128,6,-0.0390625,-0.07889545790470395,0.03983295790470395
8,1,1,0,128,7,-0.046875,-0.07889545790470395,0.03202045790470395
8,1,1,0,128,8,-0.0859375,-0.07889545790470395,-0.007042042095296047
8,1,1,0,128,9,-0.09375,-0.07889545790470395,-0.014854542095296047
8,1,1,0,128,10,-0.09375,-0.07889545790470395,-0.014854542095296047
8,1,1,0,128,11,-0.109375,-0.07889545790470395,-0.030479542095296047
8,1,1,0,128,12,-0.03125,-0.07889545790470395,0.04764545790470395
8,1,1,0,128,13,-0.0390625,-0.07889545790470395,0.03983295790470395
8,1,1,0,128,14,-0.125,-0.07889545790470395,-0.04610454209529605
8,1,1,0,128,15,-0.1875,-0.07889545790470395,-0.10860454209529605
8,1,1,0,128,16,-0.1875,-0.07889545790470395,-0.10860454209529605
8,1,1,0,128,17,-0.015625,-0.07889545790470395,0.06327045790470395
8,1,1,0,128,18,0.015625,-0.07889545790470395,0.09452045790470395
8,1,1,0,128,19,-0.1015625,-0.07889545790470395,-0.022667042095296047
8,1,1,0,128,20,-0.109375,-0.07889545790470395,-0.030479542095296047
8,1,1,0,128,21,-0.0703125,-0.07889545790470395,0.008582957904703953
8,1,1,0,128,22,-0.1328125,-0.07889545790470395,-0.05391704209529605
8,1,1,0,128,23,-0.0234375,-0.07889545790470395,0.05545795790470395
8,1,1,0,128,24,-0.0546875,-0.07889545790470395,0.024207957904703953
8,1,1,0,128,25,-0.1484375,-0.07889545790470395,-0.06954204209529605
8,1,1,0,128,26,-0.0703125,-0.07889545790470395,0.008582957904703953
8,1,1,0,128,27,-0.171875,-0.07889545790470395,-0.09297954209529605
8,1,1,0,128,28,0.0078125,-0.07889545790470395,0.08670795790470395
8,1,1,0,128,29,-0.0625,-0.07889545790470395,0.016395457904703953
8,1,1,0,128,30,-0.109375,-0.07889545790470395,-0.030479542095296047
8,1,1,0,128,31,-0.125,-0.07889545790470395,-0.04610454209529605
8,1,1,0,128,32,-0.1640625,-0.07889545790470395,-0.08516704209529605
8,1,1,0,128,33,-0.09375,-0.07889545790470395,-0.014854542095296047
8,1,1,0,128,34,-0.125,-0.07889545790470395,-0.04610454209529605
8,1,1,0,128,35,-0.1171875,-0.07889545790470395,-0.03829204209529605
8,1,1,0,128,36,-0.0390625,-0.07889545790470395,0.03983295790470395
8,1,1,0,128,37,-0.03125,-0.07889545790470395,0.04764545790470395
8,1,1,0,128,38,-0.0625,-0.07889545790470395,0.016395457904703953
8,1,1,0,128,39,-0.1484375,-0.07889545790470395,-0.06954204209529605
8,1,1,0,128,40,-0.0390625,-0.07889545790470395,0.03983295790470395
8,1,1,0,128,41,0.0234375,-0.07889545790470395,0.10233295790470395
8,1,1,0,128,42,-0.0234375,-0.07889545790470395,0.05545795790470395
8,1,1,0,128,43,-0.0703125,-0.07889545790470395,0.008582957904703953
8,1,1,0,128,44,-0.046875,-0.07889545790470395,0.03202045790470395
8,1,1,0,128,45,-0.0859375,-0.07889545790470395,-0.007042042095296047
8,1,1,0,128,46,-0.0390625,-0.07889545790470395,0.03983295790470395
8,1,1,0,128,47,-0.1015625,-0.07889545790470395,-0.022667042095296047
8,1,1,0,128,48,-0.03125,-0.07889545790470395,0.04764545790470395
8,1,1,0,128,49,-0.140625,-0.07889545790470395,-0.06172954209529605
8,1,1,0,128,50,-0.0546875,-0.07889545790470395,0.024207957904703953
8,1,1,0,128,51,0.0078125,-0.07889545790470395,0.08670795790470395
8,1,1,0,128,52,-0.1640625,-0.07889545790470395,-0.08516704209529605
8,1,1,0,128,53,-0.1015625,-0.07889545790470395,-0.022667042095296047
8,1,1,0,128,54,-0.109375,-0.07889545790470395,-0.030479542095296047
8,1,1,0,128,55,-0.1640625,-0.07889545790470395,-0.08516704209529605
8,1,1,0,128,56,-0.1015625,-0.07889545790470395,-0.022667042095296047
8,1,1,0,128,57,0.0,-0.07889545790470395,0.07889545790470395
8,1,1,0,128,58,-0.1875,-0.07889545790470395,-0.10860454209529605
8,1,1,0,128,59,-0.0625,-0.07889545790470395,0.016395457904703953
8,1,1,0,128,60,-0.234375,-0.07889545790470395,-0.15547954209529605
8,1,1,0,128,61,-0.0859375,-0.07889545790470395,-0.007042042095296047
8,1,1,0,128,62,-0.09375,-0.07889545790470395,-0.014854542095296047
8,1,1,0,128,63,-0.1015625,-0.07889545790470395,-0.022667042095296047
8,1,1,0,128,64,-0.109375,-0.07889545790470395,-0.030479542095296047
8,1,1,0,128,65,-0.1015625,-0.07889545790470395,-0.022667042095296047
8,1,1,0,128,66,-0.0546875,-0.07889545790470395,0.024207957904703953
8,1,1,0,128,67,0.0234375,-0.07889545790470395,0.10233295790470395
8,1,1,0,128,68,-0.1328125,-0.07889545790470395,-0.05391704209529605
8,1,1,0,128,69,0.0,-0.07889545790470395,0.07889545790470395
8,1,1,0,128,70,-0.1796875,-0.07889545790470395,-0.10079204209529605
8,1,1,0,128,71,-0.0859375,-0.07889545790470395,-0.007042042095296047
8,1,1,0,128,72,-0.1171875,-0.07889545790470395,-0.03829204209529605
8,1,1,0,128,73,-0.109375,-0.07889545790470395,-0.030479542095296047
8,1,1,0,128,74,-0.1953125,-0.07889545790470395,-0.11641704209529605
8,1,1,0,128,75,-0.140625,-0.07889545790470395,-0.06172954209529605
8,1,1,0,128,76,0.015625,-0.07889545790470395,0.09452045790470395
8,1,1,0,128,77,-0.0703125,-0.07889545790470395,0.008582957904703953
8,1,1,0,128,78,-0.15625,-0.07889545790470395,-0.07735454209529605
8,1,1,0,128,79,0.03125,-0.07889545790470395,0.11014545790470395
8,1,1,0,128,80,0.0,-0.07889545790470395,0.07889545790470395
8,1,1,0,128,81,0.109375,-0.07889545790470395,0.18827045790470395
8,1,1,0,128,82,-0.1015625,-0.07889545790470395,-0.022667042095296047
8,1,1,0,128,83,-0.0625,-0.07889545790470395,0.016395457904703953
8,1,1,0,128,84,-0.1484375,-0.07889545790470395,-0.06954204209529605
8,1,1,0,128,85,-0.15625,-0.07889545790470395,-0.07735454209529605
8,1,1,0,128,86,-0.171875,-0.07889545790470395,-0.09297954209529605
8,1,1,0,128,87,-0.109375,-0.07889545790470395,-0.030479542095296047
8,1,1,0,128,88,-0.140625,-0.07889545790470395,-0.06172954209529605
8,1,1,0,128,89,-0.109375,-0.07889545790470395,-0.030479542095296047
8,1,1,0,128,90,-0.0546875,-0.07889545790470395,0.024207957904703953
8,1,1,0,128,91,-0.0546875,-0.07889545790470395,0.024207957904703953
8,1,1,0,128,92,-0.046875,-0.07889545790470395,0.03202045790470395
8,1,1,0,128,93,-0.09375,-0.07889545790470395,-0.014854542095296047
8,1,1,0,128,94,-0.078125,-0.07889545790470395,0.0007704579047039528
8,1,1,0,128,95,-0.0625,-0.07889545790470395,0.016395457904703953
8,1,1,0,128,96,-0.0625,-0.07889545790470395,0.016395457904703953
8,1,1,0,128,97,-0.046875,-0.07889545790470395,0.03202045790470395
8,1,1,0,128,98,-0.0859375,-0.07889545790470395,-0.007042042095296047
8,1,1,0,128,99,-0.0625,-0.07889545790470395,0.016395457904703953
8,1,1,0,128,100,-0.015625,-0.07889545790470395,0.06327045790470395
8,1,1,0,128,101,-0.015625,-0.07889545790470395,0.06327045790470395
8,1,1,0,128,102,0.03125,-0.07889545790470395,0.11014545790470395
8,1,1,0,128,103,-0.0546875,-0.07889545790470395,0.024207957904703953
8,1,1,0,128,104,-0.171875,-0.07889545790470395,-0.09297954209529605
8,1,1,0,128,105,-0.046875,-0.07889545790470395,0.03202045790470395
8,1,1,0,128,106,-0.140625,-0.07889545790470395,-0.06172954209529605
8,1,1,0,128,107,-0.0390625,-0.07889545790470395,0.03983295790470395
8,1,1,0,128,108,-0.046875,-0.07889545790470395,0.03202045790470395
8,1,1,0,128,109,0.0,-0.07889545790470395,0.07889545790470395
8,1,1,0,128,110,-0.125,-0.07889545790470395,-0.04610454209529605
8,1,1,0,128,111,-0.078125,-0.07889545790470395,0.0007704579047039528
8,1,1,0,128,112,0.0390625,-0.07889545790470395,0.11795795790470395
8,1,1,0,128,113,-0.078125,-0.07889545790470395,0.0007704579047039528
8,1,1,0,128,114,-0.0546875,-0.07889545790470395,0.024207957904703953
8,1,1,0,128,115,-0.0703125,-0.07889545790470395,0.008582957904703953
8,1,1,0,128,116,-0.1015625,-0.07889545790470395,-0.022667042095296047
8,1,1,0,128,117,-0.15625,-0.07889545790470395,-0.07735454209529605
8,1,1,0,128,118,-0.0625,-0.07889545790470395,0.016395457904703953
8,1,1,0,128,119,-0.0859375,-0.07889545790470395,-0.007042042095296047
8,1,1,0,128,120,-0.1484375,-0.07889545790470395,-0.06954204209529605
8,1,1,0,128,121,-0.0703125,-0.07889545790470395,0.008582957904703953
8,1,1,0,128,122,-0.1015625,-0.07889545790470395,-0.022667042095296047
8,1,1,0,128,123,-0.1171875,-0.07889545790470395,-0.03829204209529605
8,1,1,0,128,124,-0.0625,-0.07889545790470395,0.016395457904703953
8,1,1,0,128,125,-0.078125,-0.07889545790470395,0.0007704579047039528
8,1,1,0,128,126,-0.046875,-0.07889545790470395,0.03202045790470395
8,1,1,0,128,127,-0.125,-0.07889545790470395,-0.04610454209529605
8,1,1,0,128,128,-0.0234375,-0.07889545790470395,0.05545795790470395
8,1,1,0,128,129,-0.046875,-0.07889545790470395,0.03202045790470395
8,1,1,0,128,130,-0.1328125,-0.07889545790470395,-0.05391704209529605
8,1,1,0,128,131,-0.0703125,-0.07889545790470395,0.008582957904703953
8,1,1,0,128,132,-0.0625,-0.07889545790470395,0.016395457904703953
8,1,1,0,128,133,-0.109375,-0.07889545790470395,-0.030479542095296047
8,1,1,0,128,134,-0.1484375,-0.07889545790470395,-0.06954204209529605
8,1,1,0,128,135,0.1171875,-0.07889545790470395,0.19608295790470395
8,1,1,0,128,136,-0.0390625,-0.07889545790470395,0.03983295790470395
8,1,1,0,128,137,-0.125,-0.07889545790470395,-0.04610454209529605
8,1,1,0,128,138,-0.1015625,-0.07889545790470395,-0.022667042095296047
8,1,1,0,128,139,0.0,-0.07889545790470395,0.07889545790470395
8,1,1,0,128,140,-0.046875,-0.07889545790470395,0.03202045790470395
8,1,1,0,128,141,0.0,-0.07889545790470395,0.07889545790470395
8,1,1,0,128,142,-0.0625,-0.07889545790470395,0.016395457904703953
8,1,1,0,128,143,-0.15625,-0.07889545790470395,-0.07735454209529605
8,1,1,0,128,144,-0.0703125,-0.07889545790470395,0.008582957904703953
8,1,1,0,128,145,-0.1328125,-0.07889545790470395,-0.05391704209529605
8,1,1,0,128,146,-0.125,-0.07889545790470395,-0.04610454209529605
8,1,1,0,128,147,-0.171875,-0.07889545790470395,-0.09297954209529605
8,1,1,0,128,148,-0.1015625,-0.07889545790470395,-0.022667042095296047
8,1,1,0,128,149,-0.0546875,-0.07889545790470395,0.024207957904703953
8,1,1,0,128,150,-0.0625,-0.07889545790470395,0.016395457904703953
8,1,1,0,128,151,-0.0703125,-0.07889545790470395,0.008582957904703953
8,1,1,0,128,152,-0.0859375,-0.07889545790470395,-0.007042042095296047
8,1,1,0,128,153,-0.1171875,-0.07889545790470395,-0.03829204209529605
8,1,1,0,128,154,-0.1015625,-0.07889545790470395,-0.022667042095296047
8,1,1,0,128,155,-0.1640625,-0.07889545790470395,-0.08516704209529605
8,1,1,0,128,156,-0.109375,-0.07889545790470395,-0.030479542095296047
8,1,1,0,128,157,0.0625,-0.07889545790470395,0.14139545790470395
8,1,1,0,128,158,-0.1796875,-0.07889545790470395,-0.10079204209529605
8,1,1,0,128,159,-0.1015625,-0.07889545790470395,-0.022667042095296047
8,1,1,0,128,160,-0.046875,-0.07889545790470395,0.03202045790470395
8,1,1,0,128,161,-0.1640625,-0.07889545790470395,-0.08516704209529605
8,1,1,0,128,162,-0.046875,-0.07889545790470395,0.03202045790470395
8,1,1,0,128,163,-0.046875,-0.07889545790470395,0.03202045790470395
8,1,1,0,128,164,-0.0859375,-0.07889545790470395,-0.007042042095296047
8,1,1,0,128,165,-0.1328125,-0.07889545790470395,-0.05391704209529605
8,1,1,0,128,166,-0.078125,-0.07889545790470395,0.0007704579047039528
8,1,1,0,128,167,-0.046875,-0.07889545790470395,0.03202045790470395
8,1,1,0,128,168,-0.03125,-0.07889545790470395,0.04764545790470395
8,1,1,0,128,169,-0.1015625,-0.07889545790470395,-0.022667042095296047
8,1,1,0,128,170,0.0,-0.07889545790470395,0.07889545790470395
8,1,1,0,128,171,-0.078125,-0.07889545790470395,0.0007704579047039528
8,1,1,0,128,172,-0.125,-0.07889545790470395,-0.04610454209529605
8,1,1,0,128,173,-0.0703125,-0.07889545790470395,0.008582957904703953
8,1,1,0,128,174,-0.1484375,-0.07889545790470395,-0.06954204209529605
8,1,1,0,128,175,-0.046875,-0.07889545790470395,0.03202045790470395
8,1,1,0,128,176,-0.078125,-0.07889545790470395,0.0007704579047039528
8,1,1,0,128,177,-0.1875,-0.07889545790470395,-0.10860454209529605
8,1,1,0,128,178,-0.15625,-0.07889545790470395,-0.07735454209529605
8,1,1,0,128,179,-0.0859375,-0.07889545790470395,-0.007042042095296047
8,1,1,0,128,180,-0.0390625,-0.07889545790470395,0.03983295790470395
8,1,1,0,128,181,-0.1171875,-0.07889545790470395,-0.03829204209529605
8,1,1,0,128,182,-0.0234375,-0.07889545790470395,0.05545795790470395
8,1,1,0,128,183,0.078125,-0.07889545790470395,0.15702045790470395
8,1,1,0,128,184,-0.03125,-0.07889545790470395,0.04764545790470395
8,1,1,0,128,185,-0.0234375,-0.07889545790470395,0.05545795790470395
8,1,1,0,128,186,-0.03125,-0.07889545790470395,0.04764545790470395
8,1,1,0,128,187,-0.078125,-0.07889545790470395,0.0007704579047039528
8,1,1,0,128,188,-0.234375,-0.07889545790470395,-0.15547954209529605
8,1,1,0,128,189,-0.1171875,-0.07889545790470395,-0.03829204209529605
8,1,1,0,128,190,-0.125,-0.07889545790470395,-0.04610454209529605
8,1,1,0,128,191,-0.0390625,-0.07889545790470395,0.03983295790470395
8,1,1,0,128,192,-0.03125,-0.07889545790470395,0.04764545790470395
8,1,1,0,128,193,-0.109375,-0.07889545790470395,-0.030479542095296047
8,1,1,0,128,194,-0.1171875,-0.07889545790470395,-0.03829204209529605
8,1,1,0,128,195,-0.0703125,-0.07889545790470395,0.008582957904703953
8,1,1,0,128,196,-0.1015625,-0.07889545790470395,-0.022667042095296047
8,1,1,0,128,197,0.015625,-0.07889545790470395,0.09452045790470395
8,1,1,0,128,198,-0.0390625,-0.07889545790470395,0.03983295790470395
8,1,1,0,128,199,-0.0703125,-0.07889545790470395,0.008582957904703953
8,1,1,0,256,0,-0.04296875,-0.07889545790470395,0.03592670790470395
8,1,1,0,256,1,-0.10546875,-0.07889545790470395,-0.026573292095296047
8,1,1,0,256,2,-0.09375,-0.07889545790470395,-0.014854542095296047
8,1,1,0,256,3,-0.1171875,-0.07889545790470395,-0.03829204209529605
8,1,1,0,256,4,-0.0703125,-0.07889545790470395,0.008582957904703953
8,1,1,0,256,5,-0.08984375,-0.07889545790470395,-0.010948292095296047
8,1,1,0,256,6,-0.03515625,-0.07889545790470395,0.04373920790470395
8,1,1,0,256,7,-0.06640625,-0.07889545790470395,0.012489207904703953
8,1,1,0,256,8,-0.07421875,-0.07889545790470395,0.004676707904703953
8,1,1,0,256,9,-0.046875,-0.07889545790470395,0.03202045790470395
8,1,1,0,256,10,-0.015625,-0.07889545790470395,0.06327045790470395
8,1,1,0,256,11,0.015625,-0.07889545790470395,0.09452045790470395
8,1,1,0,256,12,-0.14453125,-0.07889545790470395,-0.06563579209529605
8,1,1,0,256,13,-0.0078125,-0.07889545790470395,0.07108295790470395
8,1,1,0,256,14,-0.06640625,-0.07889545790470395,0.012489207904703953
8,1,1,0,256,15,-0.1171875,-0.07889545790470395,-0.03829204209529605
8,1,1,0,256,16,-0.05859375,-0.07889545790470395,0.020301707904703953
8,1,1,0,256,17,-0.078125,-0.07889545790470395,0.0007704579047039528
8,1,1,0,256,18,-0.07421875,-0.07889545790470395,0.004676707904703953
8,1,1,0,256,19,-0.1171875,-0.07889545790470395,-0.03829204209529605
8,1,1,0,256,20,-0.06640625,-0.07889545790470395,0.012489207904703953
8,1,1,0,256,21,-0.125,-0.07889545790470395,-0.04610454209529605
8,1,1,0,256,22,-0.06640625,-0.07889545790470395,0.012489207904703953
8,1,1,0,256,23,-0.12109375,-0.07889545790470395,-0.04219829209529605
8,1,1,0,256,24,-0.09375,-0.07889545790470395,-0.014854542095296047
8,1,1,0,256,25,-0.1171875,-0.07889545790470395,-0.03829204209529605
8,1,1,0,256,26,-0.05859375,-0.07889545790470395,0.020301707904703953
8,1,1,0,256,27,-0.05078125,-0.07889545790470395,0.028114207904703953
8,1,1,0,256,28,-0.08203125,-0.07889545790470395,-0.003135792095296047
8,1,1,0,256,29,-0.13671875,-0.07889545790470395,-0.05782329209529605
8,1,1,0,256,30,-0.11328125,-0.07889545790470395,-0.03438579209529605
8,1,1,0,256,31,-0.01171875,-0.07889545790470395,0.06717670790470395
8,1,1,0,256,32,-0.09375,-0.07889545790470395,-0.014854542095296047
8,1,1,0,256,33,-0.08984375,-0.07889545790470395,-0.010948292095296047
8,1,1,0,256,34,-0.0078125,-0.07889545790470395,0.07108295790470395
8,1,1,0,256,35,-0.01953125,-0.07889545790470395,0.05936420790470395
8,1,1,0,256,36,-0.13671875,-0.07889545790470395,-0.05782329209529605
8,1,1,0,256,37,-0.0859375,-0.07889545790470395,-0.007042042095296047
8,1,1,0,256,38,-0.0390625,-0.07889545790470395,0.03983295790470395
8,1,1,0,256,39,-0.0703125,-0.07889545790470395,0.008582957904703953
8,1,1,0,256,40,-0.140625,-0.07889545790470395,-0.06172954209529605
8,1,1,0,256,41,-0.078125,-0.07889545790470395,0.0007704579047039528
8,1,1,0,256,42,-0.09765625,-0.07889545790470395,-0.018760792095296047
8,1,1,0,256,43,-0.0546875,-0.07889545790470395,0.024207957904703953
8,1,1,0,256,44,-0.09765625,-0.07889545790470395,-0.018760792095296047
8,1,1,0,256,45,-0.046875,-0.07889545790470395,0.03202045790470395
8,1,1,0,256,46,0.0,-0.07889545790470395,0.07889545790470395
8,1,1,0,256,47,-0.1171875,-0.07889545790470395,-0.03829204209529605
8,1,1,0,256,48,-0.140625,-0.07889545790470395,-0.06172954209529605
8,1,1,0,256,49,-0.1328125,-0.07889545790470395,-0.05391704209529605
8,1,1,0,256,50,-0.09765625,-0.07889545790470395,-0.018760792095296047
8,1,1,0,256,51,-0.0859375,-0.07889545790470395,-0.007042042095296047
8,1,1,0,256,52,-0.1015625,-0.07889545790470395,-0.022667042095296047
8,1,1,0,256,53,-0.109375,-0.07889545790470395,-0.030479542095296047
8,1,1,0,256,54,-0.01171875,-0.07889545790470395,0.06717670790470395
8,1,1,0,256,55,-0.109375,-0.07889545790470395,-0.030479542095296047
8,1,1,0,256,56,-0.07421875,-0.07889545790470395,0.004676707904703953
8,1,1,0,256,57,-0.0234375,-0.07889545790470395,0.05545795790470395
8,1,1,0,256,58,-0.015625,-0.07889545790470395,0.06327045790470395
8,1,1,0,256,59,-0.15625,-0.07889545790470395,-0.07735454209529605
8,1,1,0,256,60,-0.0859375,-0.07889545790470395,-0.007042042095296047
8,1,1,0,256,61,-0.03515625,-0.07889545790470395,0.04373920790470395
8,1,1,0,256,62,-0.078125,-0.07889545790470395,0.0007704579047039528
8,1,1,0,256,63,-0.08984375,-0.07889545790470395,-0.010948292095296047
8,1,1,0,256,64,-0.140625,-0.07889545790470395,-0.06172954209529605
8,1,1,0,256,65,-0.10546875,-0.07889545790470395,-0.026573292095296047
8,1,1,0,256,66,-0.140625,-0.07889545790470395,-0.06172954209529605
8,1,1,0,256,67,-0.015625,-0.07889545790470395,0.06327045790470395
8,1,1,0,256,68,-0.03515625,-0.07889545790470395,0.04373920790470395
8,1,1,0,256,69,-0.0859375,-0.07889545790470395,-0.007042042095296047
8,1,1,0,256,70,-0.078125,-0.07889545790470395,0.0007704579047039528
8,1,1,0,256,71,-0.0078125,-0.07889545790470395,0.07108295790470395
8,1,1,0,256,72,-0.046875,-0.07889545790470395,0.03202045790470395
8,1,1,0,256,73,0.0078125,-0.07889545790470395,0.08670795790470395
8,1,1,0,256,74,-0.08203125,-0.07889545790470395,-0.003135792095296047
8,1,1,0,256,75,-0.08203125,-0.07889545790470395,-0.003135792095296047
8,1,1,0,256,76,0.0,-0.07889545790470395,0.07889545790470395
8,1,1,0,256,77,0.0078125,-0.07889545790470395,0.08670795790470395
8,1,1,0,256,78,-0.046875,-0.07889545790470395,0.03202045790470395
8,1,1,0,256,79,-0.1171875,-0.07889545790470395,-0.03829204209529605
8,1,1,0,256,80,-0.140625,-0.07889545790470395,-0.06172954209529605
8,1,1,0,256,81,-0.1015625,-0.07889545790470395,-0.022667042095296047
8,1,1,0,256,82,-0.0546875,-0.07889545790470395,0.024207957904703953
8,1,1,0,256,83,-0.1171875,-0.07889545790470395,-0.03829204209529605
8,1,1,0,256,84,-0.0546875,-0.07889545790470395,0.024207957904703953
8,1,1,0,256,85,-0.1328125,-0.07889545790470395,-0.05391704209529605
8,1,1,0,256,86,-0.08203125,-0.07889545790470395,-0.003135792095296047
8,1,1,0,256,87,-0.07421875,-0.07889545790470395,0.004676707904703953
8,1,1,0,256,88,-0.05078125,-0.07889545790470395,0.028114207904703953
8,1,1,0,256,89,-0.03125,-0.07889545790470395,0.04764545790470395
8,1,1,0,256,90,-0.04296875,-0.07889545790470395,0.03592670790470395
8,1,1,0,256,91,-0.07421875,-0.07889545790470395,0.004676707904703953
8,1,1,0,256,92,-0.05859375,-0.07889545790470395,0.020301707904703953
8,1,1,0,256,93,-0.09375,-0.07889545790470395,-0.014854542095296047
8,1,1,0,256,94,-0.109375,-0.07889545790470395,-0.030479542095296047
8,1,1,0,256,95,-0.125,-0.07889545790470395,-0.04610454209529605
8,1,1,0,256,96,-0.109375,-0.07889545790470395,-0.030479542095296047
8,1,1,0,256,97,-0.078125,-0.07889545790470395,0.0007704579047039528
8,1,1,0,256,98,-0.06640625,-0.07889545790470395,0.012489207904703953
8,1,1,0,256,99,-0.0859375,-0.07889545790470395,-0.007042042095296047
8,1,1,0,256,100,-0.0625,-0.07889545790470395,0.016395457904703953
8,1,1,0,256,101,-0.09375,-0.07889545790470395,-0.014854542095296047
8,1,1,0,256,102,-0.1484375,-0.07889545790470395,-0.06954204209529605
8,1,1,0,256,103,-0.078125,-0.07889545790470395,0.0007704579047039528
8,1,1,0,256,104,-0.01171875,-0.07889545790470395,0.06717670790470395
8,1,1,0,256,105,-0.08203125,-0.07889545790470395,-0.003135792095296047
8,1,1,0,256,106,-0.0859375,-0.07889545790470395,-0.007042042095296047
8,1,1,0,256,107,-0.015625,-0.07889545790470395,0.06327045790470395
8,1,1,0,256,108,-0.12109375,-0.07889545790470395,-0.04219829209529605
8,1,1,0,256,109,-0.03515625,-0.07889545790470395,0.04373920790470395
8,1,1,0,256,110,-0.12109375,-0.07889545790470395,-0.04219829209529605
8,1,1,0,256,111,-0.125,-0.07889545790470395,-0.04610454209529605
8,1,1,0,256,112,-0.08984375,-0.07889545790470395,-0.010948292095296047
8,1,1,0,256,113,-0.0859375,-0.07889545790470395,-0.007042042095296047
8,1,1,0,256,114,-0.11328125,-0.07889545790470395,-0.03438579209529605
8,1,1,0,256,115,-0.10546875,-0.07889545790470395,-0.026573292095296047
8,1,1,0,256,116,0.01171875,-0.07889545790470395,0.09061420790470395
8,1,1,0,256,117,-0.12109375,-0.07889545790470395,-0.04219829209529605
8,1,1,0,256,118,-0.015625,-0.07889545790470395,0.06327045790470395
8,1,1,0,256,119,-0.1015625,-0.07889545790470395,-0.022667042095296047
8,1,1,0,256,120,-0.0703125,-0.07889545790470395,0.008582957904703953
8,1,1,0,256,121,-0.0546875,-0.07889545790470395,0.024207957904703953
8,1,1,0,256,122,-0.0546875,-0.07889545790470395,0.024207957904703953
8,1,1,0,256,123,-0.046875,-0.07889545790470395,0.03202045790470395
8,1,1,0,256,124,-0.078125,-0.07889545790470395,0.0007704579047039528
8,1,1,0,256,125,-0.06640625,-0.07889545790470395,0.012489207904703953
8,1,1,0,256,126,-0.11328125,-0.07889545790470395,-0.03438579209529605
8,1,1,0,256,127,0.03515625,-0.07889545790470395,0.11405170790470395
8,1,1,0,256,128,-0.1015625,-0.07889545790470395,-0.022667042095296047
8,1,1,0,256,129,-0.0859375,-0.07889545790470395,-0.007042042095296047
8,1,1,0,256,130,-0.02734375,-0.07889545790470395,0.05155170790470395
8,1,1,0,256,131,-0.05859375,-0.07889545790470395,0.020301707904703953
8,1,1,0,256,132,-0.09375,-0.07889545790470395,-0.014854542095296047
8,1,1,0,256,133,0.0,-0.07889545790470395,0.07889545790470395
8,1,1,0,256,134,-0.06640625,-0.07889545790470395,0.012489207904703953
8,1,1,0,256,135,-0.01171875,-0.07889545790470395,0.06717670790470395
8,1,1,0,256,136,-0.09375,-0.07889545790470395,-0.014854542095296047
8,1,1,0,256,137,-0.0703125,-0.07889545790470395,0.008582957904703953
8,1,1,0,256,138,-0.078125,-0.07889545790470395,0.0007704579047039528
8,1,1,0,256,139,-0.0234375,-0.07889545790470395,0.05545795790470395
8,1,1,0,256,140,-0.07421875,-0.07889545790470395,0.004676707904703953
8,1,1,0,256,141,-0.140625,-0.07889545790470395,-0.06172954209529605
8,1,1,0,256,142,-0.0703125,-0.07889545790470395,0.008582957904703953
8,1,1,0,256,143,-0.05078125,-0.07889545790470395,0.028114207904703953
8,1,1,0,256,144,-0.1171875,-0.07889545790470395,-0.03829204209529605
8,1,1,0,256,145,-0.02734375,-0.07889545790470395,0.05155170790470395
8,1,1,0,256,146,-0.10546875,-0.07889545790470395,-0.026573292095296047
8,1,1,0,256,147,-0.13671875,-0.07889545790470395,-0.05782329209529605
8,1,1,0,256,148,-0.01171875,-0.07889545790470395,0.06717670790470395
8,1,1,0,256,149,-0.0859375,-0.07889545790470395,-0.007042042095296047
8,1,1,0,256,150,0.00390625,-0.07889545790470395,0.08280170790470395
8,1,1,0,256,151,-0.10546875,-0.07889545790470395,-0.026573292095296047
8,1,1,0,256,152,-0.09765625,-0.07889545790470395,-0.018760792095296047
8,1,1,0,256,153,-0.0703125,-0.07889545790470395,0.008582957904703953
8,1,1,0,256,154,-0.09765625,-0.07889545790470395,-0.018760792095296047
8,1,1,0,256,155,-0.02734375,-0.07889545790470395,0.05155170790470395
8,1,1,0,256,156,-0.10546875,-0.07889545790470395,-0.026573292095296047
8,1,1,0,256,157,-0.046875,-0.07889545790470395,0.03202045790470395
8,1,1,0,256,158,-0.125,-0.07889545790470395,-0.04610454209529605
8,1,1,0,256,159,-0.078125,-0.07889545790470395,0.0007704579047039528
8,1,1,0,256,160,-0.1171875,-0.07889545790470395,-0.03829204209529605
8,1,1,0,256,161,-0.046875,-0.07889545790470395,0.03202045790470395
8,1,1,0,256,162,-0.12109375,-0.07889545790470395,-0.04219829209529605
8,1,1,0,256,163,-0.109375,-0.07889545790470395,-0.030479542095296047
8,1,1,0,256,164,0.0,-0.07889545790470395,0.07889545790470395
8,1,1,0,256,165,-0.11328125,-0.07889545790470395,-0.03438579209529605
8,1,1,0,256,166,-0.10546875,-0.07889545790470395,-0.026573292095296047
8,1,1,0,256,167,-0.03515625,-0.07889545790470395,0.04373920790470395
8,1,1,0,256,168,-0.11328125,-0.07889545790470395,-0.03438579209529605
8,1,1,0,256,169,-0.0625,-0.07889545790470395,0.016395457904703953
8,1,1,0,256,170,-0.1484375,-0.07889545790470395,-0.06954204209529605
8,1,1,0,256,171,-0.12890625,-0.07889545790470395,-0.05001079209529605
8,1,1,0,256,172,-0.11328125,-0.07889545790470395,-0.03438579209529605
8,1,1,0,256,173,-0.1015625,-0.07889545790470395,-0.022667042095296047
8,1,1,0,256,174,-0.06640625,-0.07889545790470395,0.012489207904703953
8,1,1,0,256,175,-0.06640625,-0.07889545790470395,0.012489207904703953
8,1,1,0,256,176,-0.08203125,-0.07889545790470395,-0.003135792095296047
8,1,1,0,256,177,-0.05859375,-0.07889545790470395,0.020301707904703953
8,1,1,0,256,178,-0.078125,-0.07889545790470395,0.0007704579047039528
8,1,1,0,256,179,-0.06640625,-0.07889545790470395,0.012489207904703953
8,1,1,0,256,180,-0.09765625,-0.07889545790470395,-0.018760792095296047
8,1,1,0,256,181,-0.09765625,-0.07889545790470395,-0.018760792095296047
8,1,1,0,256,182,-0.12109375,-0.07889545790470395,-0.04219829209529605
8,1,1,0,256,183,-0.1015625,-0.07889545790470395,-0.022667042095296047
8,1,1,0,256,184,-0.0234375,-0.07889545790470395,0.05545795790470395
8,1,1,0,256,185,-0.12890625,-0.07889545790470395,-0.05001079209529605
8,1,1,0,256,186,-0.1015625,-0.07889545790470395,-0.022667042095296047
8,1,1,0,256,187,-0.09375,-0.07889545790470395,-0.014854542095296047
8,1,1,0,256,188,0.0546875,-0.07889545790470395,0.13358295790470395
8,1,1,0,256,189,-0.046875,-0.07889545790470395,0.03202045790470395
8,1,1,0,256,190,-0.0546875,-0.07889545790470395,0.024207957904703953
8,1,1,0,256,191,-0.0546875,-0.07889545790470395,0.024207957904703953
8,1,1,0,256,192,-0.0859375,-0.07889545790470395,-0.007042042095296047
8,1,1,0,256,193,-0.0390625,-0.07889545790470395,0.03983295790470395
8,1,1,0,256,194,-0.0859375,-0.07889545790470395,-0.007042042095296047
8,1,1,0,256,195,-0.07421875,-0.07889545790470395,0.004676707904703953
8,1,1,0,256,196,-0.1015625,-0.07889545790470395,-0.022667042095296047
8,1,1,0,256,197,-0.0703125,-0.07889545790470395,0.008582957904703953
8,1,1,0,256,198,-0.10546875,-0.07889545790470395,-0.026573292095296047
8,1,1,0,256,199,-0.09375,-0.07889545790470395,-0.014854542095296047
8,1,1,0,512,0,-0.11328125,-0.07889545790470395,-0.03438579209529605
8,1,1,0,512,1,-0.072265625,-0.07889545790470395,0.006629832904703953
8,1,1,0,512,2,-0.08984375,-0.07889545790470395,-0.010948292095296047
8,1,1,0,512,3,-0.056640625,-0.07889545790470395,0.022254832904703953
8,1,1,0,512,4,-0.099609375,-0.07889545790470395,-0.020713917095296047
8,1,1,0,512,5,-0.109375,-0.07889545790470395,-0.030479542095296047
8,1,1,0,512,6,-0.08984375,-0.07889545790470395,-0.010948292095296047
8,1,1,0,512,7,-0.060546875,-0.07889545790470395,0.018348582904703953
8,1,1,0,512,8,-0.10546875,-0.07889545790470395,-0.026573292095296047
8,1,1,0,512,9,-0.107421875,-0.07889545790470395,-0.028526417095296047
8,1,1,0,512,10,-0.052734375,-0.07889545790470395,0.026161082904703953
8,1,1,0,512,11,-0.091796875,-0.07889545790470395,-0.012901417095296047
8,1,1,0,512,12,-0.103515625,-0.07889545790470395,-0.024620167095296047
8,1,1,0,512,13,-0.103515625,-0.07889545790470395,-0.024620167095296047
8,1,1,0,512,14,-0.02734375,-0.07889545790470395,0.05155170790470395
8,1,1,0,512,15,-0.130859375,-0.07889545790470395,-0.05196391709529605
8,1,1,0,512,16,-0.087890625,-0.07889545790470395,-0.008995167095296047
8,1,1,0,512,17,-0.091796875,-0.07889545790470395,-0.012901417095296047
8,1,1,0,512,18,-0.083984375,-0.07889545790470395,-0.005088917095296047
8,1,1,0,512,19,-0.078125,-0.07889545790470395,0.0007704579047039528
8,1,1,0,512,20,-0.044921875,-0.07889545790470395,0.03397358290470395
8,1,1,0,512,21,-0.06640625,-0.07889545790470395,0.012489207904703953
8,1,1,0,512,22,-0.0625,-0.07889545790470395,0.016395457904703953
8,1,1,0,512,23,-0.13671875,-0.07889545790470395,-0.05782329209529605
8,1,1,0,512,24,-0.03125,-0.07889545790470395,0.04764545790470395
8,1,1,0,512,25,-0.099609375,-0.07889545790470395,-0.020713917095296047
8,1,1,0,512,26,-0.091796875,-0.07889545790470395,-0.012901417095296047
8,1,1,0,512,27,-0.044921875,-0.07889545790470395,0.03397358290470395
8,1,1,0,512,28,-0.0703125,-0.07889545790470395,0.008582957904703953
8,1,1,0,512,29,-0.078125,-0.07889545790470395,0.0007704579047039528
8,1,1,0,512,30,-0.06640625,-0.07889545790470395,0.012489207904703953
8,1,1,0,512,31,-0.02734375,-0.07889545790470395,0.05155170790470395
8,1,1,0,512,32,-0.076171875,-0.07889545790470395,0.002723582904703953
8,1,1,0,512,33,-0.05859375,-0.07889545790470395,0.020301707904703953
8,1,1,0,512,34,-0.017578125,-0.07889545790470395,0.06131733290470395
8,1,1,0,512,35,-0.072265625,-0.07889545790470395,0.006629832904703953
8,1,1,0,512,36,-0.076171875,-0.07889545790470395,0.002723582904703953
8,1,1,0,512,37,-0.044921875,-0.07889545790470395,0.03397358290470395
8,1,1,0,512,38,-0.078125,-0.07889545790470395,0.0007704579047039528
8,1,1,0,512,39,-0.1015625,-0.07889545790470395,-0.022667042095296047
8,1,1,0,512,40,-0.115234375,-0.07889545790470395,-0.03633891709529605
8,1,1,0,512,41,-0.154296875,-0.07889545790470395,-0.07540141709529605
8,1,1,0,512,42,-0.0625,-0.07889545790470395,0.016395457904703953
8,1,1,0,512,43,-0.0234375,-0.07889545790470395,0.05545795790470395
8,1,1,0,512,44,-0.041015625,-0.07889545790470395,0.03787983290470395
8,1,1,0,512,45,-0.091796875,-0.07889545790470395,-0.012901417095296047
8,1,1,0,512,46,-0.07421875,-0.07889545790470395,0.004676707904703953
8,1,1,0,512,47,-0.02734375,-0.07889545790470395,0.05155170790470395
8,1,1,0,512,48,-0.046875,-0.07889545790470395,0.03202045790470395
8,1,1,0,512,49,-0.08984375,-0.07889545790470395,-0.010948292095296047
8,1,1,0,512,50,-0.099609375,-0.07889545790470395,-0.020713917095296047
8,1,1,0,512,51,-0.0625,-0.07889545790470395,0.016395457904703953
8,1,1,0,512,52,-0.04296875,-0.07889545790470395,0.03592670790470395
8,1,1,0,512,53,-0.08984375,-0.07889545790470395,-0.010948292095296047
8,1,1,0,512,54,-0.11328125,-0.07889545790470395,-0.03438579209529605
8,1,1,0,512,55,-0.041015625,-0.07889545790470395,0.03787983290470395
8,1,1,0,512,56,-0.083984375,-0.07889545790470395,-0.005088917095296047
8,1,1,0,512,57,-0.095703125,-0.07889545790470395,-0.016807667095296047
8,1,1,0,512,58,-0.095703125,-0.07889545790470395,-0.016807667095296047
8,1,1,0,512,59,-0.07421875,-0.07889545790470395,0.004676707904703953
8,1,1,0,512,60,-0.107421875,-0.07889545790470395,-0.028526417095296047
8,1,1,0,512,61,-0.09375,-0.07889545790470395,-0.014854542095296047
8,1,1,0,512,62,-0.083984375,-0.07889545790470395,-0.005088917095296047
8,1,1,0,512,63,-0.08203125,-0.07889545790470395,-0.003135792095296047
8,1,1,0,512,64,-0.09375,-0.07889545790470395,-0.014854542095296047
8,1,1,0,512,65,-0.08203125,-0.07889545790470395,-0.003135792095296047
8,1,1,0,512,66,-0.0625,-0.07889545790470395,0.016395457904703953
8,1,1,0,512,67,-0.068359375,-0.07889545790470395,0.010536082904703953
8,1,1,0,512,68,-0.03515625,-0.07889545790470395,0.04373920790470395
8,1,1,0,512,69,-0.0703125,-0.07889545790470395,0.008582957904703953
8,1,1,0,512,70,-0.0234375,-0.07889545790470395,0.05545795790470395
8,1,1,0,512,71,-0.091796875,-0.07889545790470395,-0.012901417095296047
8,1,1,0,512,72,-0.076171875,-0.07889545790470395,0.002723582904703953
8,1,1,0,512,73,-0.0859375,-0.07889545790470395,-0.007042042095296047
8,1,1,0,512,74,-0.0625,-0.07889545790470395,0.016395457904703953
8,1,1,0,512,75,-0.041015625,-0.07889545790470395,0.03787983290470395
8,1,1,0,512,76,-0.10546875,-0.07889545790470395,-0.026573292095296047
8,1,1,0,512,77,-0.10546875,-0.07889545790470395,-0.026573292095296047
8,1,1,0,512,78,-0.107421875,-0.07889545790470395,-0.028526417095296047
8,1,1,0,512,79,-0.10546875,-0.07889545790470395,-0.026573292095296047
8,1,1,0,512,80,-0.126953125,-0.07889545790470395,-0.04805766709529605
8,1,1,0,512,81,-0.0703125,-0.07889545790470395,0.008582957904703953
8,1,1,0,512,82,-0.1328125,-0.07889545790470395,-0.05391704209529605
8,1,1,0,512,83,-0.0859375,-0.07889545790470395,-0.007042042095296047
8,1,1,0,512,84,-0.126953125,-0.07889545790470395,-0.04805766709529605
8,1,1,0,512,85,-0.025390625,-0.07889545790470395,0.05350483290470395
8,1,1,0,512,86,-0.11328125,-0.07889545790470395,-0.03438579209529605
8,1,1,0,512,87,-0.080078125,-0.07889545790470395,-0.0011826670952960472
8,1,1,0,512,88,-0.04296875,-0.07889545790470395,0.03592670790470395
8,1,1,0,512,89,-0.08203125,-0.07889545790470395,-0.003135792095296047
8,1,1,0,512,90,-0.095703125,-0.07889545790470395,-0.016807667095296047
8,1,1,0,512,91,-0.064453125,-0.07889545790470395,0.014442332904703953
8,1,1,0,512,92,-0.1015625,-0.07889545790470395,-0.022667042095296047
8,1,1,0,512,93,-0.1328125,-0.07889545790470395,-0.05391704209529605
8,1,1,0,512,94,-0.095703125,-0.07889545790470395,-0.016807667095296047
8,1,1,0,512,95,-0.0703125,-0.07889545790470395,0.008582957904703953
8,1,1,0,512,96,-0.044921875,-0.07889545790470395,0.03397358290470395
8,1,1,0,512,97,-0.052734375,-0.07889545790470395,0.026161082904703953
8,1,1,0,512,98,-0.08203125,-0.07889545790470395,-0.003135792095296047
8,1,1,0,512,99,-0.05859375,-0.07889545790470395,0.020301707904703953
8,1,1,0,512,100,-0.064453125,-0.07889545790470395,0.014442332904703953
8,1,1,0,512,101,-0.08203125,-0.07889545790470395,-0.003135792095296047
8,1,1,0,512,102,-0.048828125,-0.07889545790470395,0.030067332904703953
8,1,1,0,512,103,-0.095703125,-0.07889545790470395,-0.016807667095296047
8,1,1,0,512,104,-0.05859375,-0.07889545790470395,0.020301707904703953
8,1,1,0,512,105,-0.11328125,-0.07889545790470395,-0.03438579209529605
8,1,1,0,512,106,-0.10546875,-0.07889545790470395,-0.026573292095296047
8,1,1,0,512,107,-0.01953125,-0.07889545790470395,0.05936420790470395
8,1,1,0,512,108,-0.0625,-0.07889545790470395,0.016395457904703953
8,1,1,0,512,109,-0.103515625,-0.07889545790470395,-0.024620167095296047
8,1,1,0,512,110,-0.0859375,-0.07889545790470395,-0.007042042095296047
8,1,1,0,512,111,-0.029296875,-0.07889545790470395,0.04959858290470395
8,1,1,0,512,112,-0.146484375,-0.07889545790470395,-0.06758891709529605
8,1,1,0,512,113,-0.060546875,-0.07889545790470395,0.018348582904703953
8,1,1,0,512,114,-0.119140625,-0.07889545790470395,-0.04024516709529605
8,1,1,0,512,115,-0.12890625,-0.07889545790470395,-0.05001079209529605
8,1,1,0,512,116,-0.0234375,-0.07889545790470395,0.05545795790470395
8,1,1,0,512,117,-0.064453125,-0.07889545790470395,0.014442332904703953
8,1,1,0,512,118,0.013671875,-0.07889545790470395,0.09256733290470395
8,1,1,0,512,119,-0.080078125,-0.07889545790470395,-0.0011826670952960472
8,1,1,0,512,120,-0.103515625,-0.07889545790470395,-0.024620167095296047
8,1,1,0,512,121,-0.142578125,-0.07889545790470395,-0.06368266709529605
8,1,1,0,512,122,-0.0703125,-0.07889545790470395,0.008582957904703953
8,1,1,0,512,123,-0.060546875,-0.07889545790470395,0.018348582904703953
8,1,1,0,512,124,-0.091796875,-0.07889545790470395,-0.012901417095296047
8,1,1,0,512,125,-0.0703125,-0.07889545790470395,0.008582957904703953
8,1,1,0,512,126,-0.0546875,-0.07889545790470395,0.024207957904703953
8,1,1,0,512,127,-0.111328125,-0.07889545790470395,-0.03243266709529605
8,1,1,0,512,128,-0.037109375,-0.07889545790470395,0.04178608290470395
8,1,1,0,512,129,-0.1015625,-0.07889545790470395,-0.022667042095296047
8,1,1,0,512,130,-0.021484375,-0.07889545790470395,0.05741108290470395
8,1,1,0,512,131,-0.03125,-0.07889545790470395,0.04764545790470395
8,1,1,0,512,132,-0.078125,-0.07889545790470395,0.0007704579047039528
8,1,1,0,512,133,-0.076171875,-0.07889545790470395,0.002723582904703953
8,1,1,0,512,134,-0.103515625,-0.07889545790470395,-0.024620167095296047
8,1,1,0,512,135,-0.10546875,-0.07889545790470395,-0.026573292095296047
8,1,1,0,512,136,-0.107421875,-0.07889545790470395,-0.028526417095296047
8,1,1,0,512,137,-0.056640625,-0.07889545790470395,0.022254832904703953
8,1,1,0,512,138,-0.12890625,-0.07889545790470395,-0.05001079209529605
8,1,1,0,512,139,-0.05859375,-0.07889545790470395,0.020301707904703953
8,1,1,0,512,140,-0.05078125,-0.07889545790470395,0.028114207904703953
8,1,1,0,512,141,-0.0703125,-0.07889545790470395,0.008582957904703953
8,1,1,0,512,142,-0.037109375,-0.07889545790470395,0.04178608290470395
8,1,1,0,512,143,-0.064453125,-0.07889545790470395,0.014442332904703953
8,1,1,0,512,144,-0.0703125,-0.07889545790470395,0.008582957904703953
8,1,1,0,512,145,-0.05859375,-0.07889545790470395,0.020301707904703953
8,1,1,0,512,146,-0.03125,-0.07889545790470395,0.04764545790470395
8,1,1,0,512,147,-0.076171875,-0.07889545790470395,0.002723582904703953
8,1,1,0,512,148,-0.09765625,-0.07889545790470395,-0.018760792095296047
8,1,1,0,512,149,-0.01171875,-0.07889545790470395,0.06717670790470395
8,1,1,0,512,150,-0.091796875,-0.07889545790470395,-0.012901417095296047
8,1,1,0,512,151,-0.12890625,-0.07889545790470395,-0.05001079209529605
8,1,1,0,512,152,-0.087890625,-0.07889545790470395,-0.008995167095296047
8,1,1,0,512,153,0.005859375,-0.07889545790470395,0.08475483290470395
8,1,1,0,512,154,-0.09765625,-0.07889545790470395,-0.018760792095296047
8,1,1,0,512,155,-0.09375,-0.07889545790470395,-0.014854542095296047
8,1,1,0,512,156,-0.107421875,-0.07889545790470395,-0.028526417095296047
8,1,1,0,512,157,-0.076171875,-0.07889545790470395,0.002723582904703953
8,1,1,0,512,158,-0.080078125,-0.07889545790470395,-0.0011826670952960472
8,1,1,0,512,159,-0.08984375,-0.07889545790470395,-0.010948292095296047
8,1,1,0,512,160,-0.091796875,-0.07889545790470395,-0.012901417095296047
8,1,1,0,512,161,-0.052734375,-0.07889545790470395,0.026161082904703953
8,1,1,0,512,162,-0.0859375,-0.07889545790470395,-0.007042042095296047
8,1,1,0,512,163,-0.0390625,-0.07889545790470395,0.03983295790470395
8,1,1,0,512,164,-0.12890625,-0.07889545790470395,-0.05001079209529605
8,1,1,0,512,165,-0.0703125,-0.07889545790470395,0.008582957904703953
8,1,1,0,512,166,-0.111328125,-0.07889545790470395,-0.03243266709529605
8,1,1,0,512,167,-0.0703125,-0.07889545790470395,0.008582957904703953
8,1,1,0,512,168,-0.12890625,-0.07889545790470395,-0.05001079209529605
8,1,1,0,512,169,-0.1015625,-0.07889545790470395,-0.022667042095296047
8,1,1,0,512,170,-0.08984375,-0.07889545790470395,-0.010948292095296047
8,1,1,0,512,171,-0.072265625,-0.07889545790470395,0.006629832904703953
8,1,1,0,512,172,-0.0390625,-0.07889545790470395,0.03983295790470395
8,1,1,0,512,173,-0.06640625,-0.07889545790470395,0.012489207904703953
8,1,1,0,512,174,-0.09765625,-0.07889545790470395,-0.018760792095296047
8,1,1,0,512,175,-0.134765625,-0.07889545790470395,-0.05587016709529605
8,1,1,0,512,176,-0.076171875,-0.07889545790470395,0.002723582904703953
8,1,1,0,512,177,-0.07421875,-0.07889545790470395,0.004676707904703953
8,1,1,0,512,178,-0.03515625,-0.07889545790470395,0.04373920790470395
8,1,1,0,512,179,-0.083984375,-0.07889545790470395,-0.005088917095296047
8,1,1,0,512,180,-0.072265625,-0.07889545790470395,0.006629832904703953
8,1,1,0,512,181,-0.10546875,-0.07889545790470395,-0.026573292095296047
8,1,1,0,512,182,-0.0703125,-0.07889545790470395,0.008582957904703953
8,1,1,0,512,183,-0.111328125,-0.07889545790470395,-0.03243266709529605
8,1,1,0,512,184,-0.056640625,-0.07889545790470395,0.022254832904703953
8,1,1,0,512,185,-0.0625,-0.07889545790470395,0.016395457904703953
8,1,1,0,512,186,-0.083984375,-0.07889545790470395,-0.005088917095296047
8,1,1,0,512,187,-0.041015625,-0.07889545790470395,0.03787983290470395
8,1,1,0,512,188,-0.12109375,-0.07889545790470395,-0.04219829209529605
8,1,1,0,512,189,-0.1015625,-0.07889545790470395,-0.022667042095296047
8,1,1,0,512,190,-0.03125,-0.07889545790470395,0.04764545790470395
8,1,1,0,512,191,-0.060546875,-0.07889545790470395,0.018348582904703953
8,1,1,0,512,192,-0.103515625,-0.07889545790470395,-0.024620167095296047
8,1,1,0,512,193,-0.02734375,-0.07889545790470395,0.05155170790470395
8,1,1,0,512,194,-0.091796875,-0.07889545790470395,-0.012901417095296047
8,1,1,0,512,195,-0.083984375,-0.07889545790470395,-0.005088917095296047
8,1,1,0,512,196,-0.078125,-0.07889545790470395,0.0007704579047039528
8,1,1,0,512,197,-0.083984375,-0.07889545790470395,-0.005088917095296047
8,1,1,0,512,198,-0.068359375,-0.07889545790470395,0.010536082904703953
8,1,1,0,512,199,-0.087890625,-0.07889545790470395,-0.008995167095296047
8,1,1,0,1024,0,-0.0654296875,-0.07889545790470395,0.013465770404703953
8,1,1,0,1024,1,-0.1064453125,-0.07889545790470395,-0.027549854595296047
8,1,1,0,1024,2,-0.091796875,-0.07889545790470395,-0.012901417095296047
8,1,1,0,1024,3,-0.0634765625,-0.07889545790470395,0.015418895404703953
8,1,1,0,1024,4,-0.076171875,-0.07889545790470395,0.002723582904703953
8,1,1,0,1024,5,-0.052734375,-0.07889545790470395,0.026161082904703953
8,1,1,0,1024,6,-0.056640625,-0.07889545790470395,0.022254832904703953
8,1,1,0,1024,7,-0.05859375,-0.07889545790470395,0.020301707904703953
8,1,1,0,1024,8,-0.0927734375,-0.07889545790470395,-0.013877979595296047
8,1,1,0,1024,9,-0.15234375,-0.07889545790470395,-0.07344829209529605
8,1,1,0,1024,10,-0.068359375,-0.07889545790470395,0.010536082904703953
8,1,1,0,1024,11,-0.0732421875,-0.07889545790470395,0.005653270404703953
8,1,1,0,1024,12,-0.060546875,-0.07889545790470395,0.018348582904703953
8,1,1,0,1024,13,-0.05859375,-0.07889545790470395,0.020301707904703953
8,1,1,0,1024,14,-0.0576171875,-0.07889545790470395,0.021278270404703953
8,1,1,0,1024,15,-0.0595703125,-0.07889545790470395,0.019325145404703953
8,1,1,0,1024,16,-0.07421875,-0.07889545790470395,0.004676707904703953
8,1,1,0,1024,17,-0.0908203125,-0.07889545790470395,-0.011924854595296047
8,1,1,0,1024,18,-0.01953125,-0.07889545790470395,0.05936420790470395
8,1,1,0,1024,19,-0.0537109375,-0.07889545790470395,0.025184520404703953
8,1,1,0,1024,20,-0.130859375,-0.07889545790470395,-0.05196391709529605
8,1,1,0,1024,21,-0.064453125,-0.07889545790470395,0.014442332904703953
8,1,1,0,1024,22,-0.0595703125,-0.07889545790470395,0.019325145404703953
8,1,1,0,1024,23,-0.0712890625,-0.07889545790470395,0.007606395404703953
8,1,1,0,1024,24,-0.0361328125,-0.07889545790470395,0.04276264540470395
8,1,1,0,1024,25,-0.056640625,-0.07889545790470395,0.022254832904703953
8,1,1,0,1024,26,-0.076171875,-0.07889545790470395,0.002723582904703953
8,1,1,0,1024,27,-0.0634765625,-0.07889545790470395,0.015418895404703953
8,1,1,0,1024,28,-0.08203125,-0.07889545790470395,-0.003135792095296047
8,1,1,0,1024,29,-0.0810546875,-0.07889545790470395,-0.002159229595296047
8,1,1,0,1024,30,-0.068359375,-0.07889545790470395,0.010536082904703953
8,1,1,0,1024,31,-0.0712890625,-0.07889545790470395,0.007606395404703953
8,1,1,0,1024,32,-0.0966796875,-0.07889545790470395,-0.017784229595296047
8,1,1,0,1024,33,-0.0859375,-0.07889545790470395,-0.007042042095296047
8,1,1,0,1024,34,-0.107421875,-0.07889545790470395,-0.028526417095296047
8,1,1,0,1024,35,-0.10546875,-0.07889545790470395,-0.026573292095296047
8,1,1,0,1024,36,-0.06640625,-0.07889545790470395,0.012489207904703953
8,1,1,0,1024,37,-0.080078125,-0.07889545790470395,-0.0011826670952960472
8,1,1,0,1024,38,-0.103515625,-0.07889545790470395,-0.024620167095296047
8,1,1,0,1024,39,-0.0732421875,-0.07889545790470395,0.005653270404703953
8,1,1,0,1024,40,-0.0751953125,-0.07889545790470395,0.003700145404703953
8,1,1,0,1024,41,-0.0576171875,-0.07889545790470395,0.021278270404703953
8,1,1,0,1024,42,-0.0517578125,-0.07889545790470395,0.027137645404703953
8,1,1,0,1024,43,-0.0908203125,-0.07889545790470395,-0.011924854595296047
8,1,1,0,1024,44,-0.1171875,-0.07889545790470395,-0.03829204209529605
8,1,1,0,1024,45,-0.083984375,-0.07889545790470395,-0.005088917095296047
8,1,1,0,1024,46,-0.0458984375,-0.07889545790470395,0.03299702040470395
8,1,1,0,1024,47,-0.076171875,-0.07889545790470395,0.002723582904703953
8,1,1,0,1024,48,-0.0712890625,-0.07889545790470395,0.007606395404703953
8,1,1,0,1024,49,-0.083984375,-0.07889545790470395,-0.005088917095296047
8,1,1,0,1024,50,-0.0751953125,-0.07889545790470395,0.003700145404703953
8,1,1,0,1024,51,-0.1044921875,-0.07889545790470395,-0.025596729595296047
8,1,1,0,1024,52,-0.0810546875,-0.07889545790470395,-0.002159229595296047
8,1,1,0,1024,53,-0.0927734375,-0.07889545790470395,-0.013877979595296047
8,1,1,0,1024,54,-0.0625,-0.07889545790470395,0.016395457904703953
8,1,1,0,1024,55,-0.05859375,-0.07889545790470395,0.020301707904703953
8,1,1,0,1024,56,-0.109375,-0.07889545790470395,-0.030479542095296047
8,1,1,0,1024,57,-0.07421875,-0.07889545790470395,0.004676707904703953
8,1,1,0,1024,58,-0.068359375,-0.07889545790470395,0.010536082904703953
8,1,1,0,1024,59,-0.08984375,-0.07889545790470395,-0.010948292095296047
8,1,1,0,1024,60,-0.0458984375,-0.07889545790470395,0.03299702040470395
8,1,1,0,1024,61,-0.060546875,-0.07889545790470395,0.018348582904703953
8,1,1,0,1024,62,-0.0615234375,-0.07889545790470395,0.017372020404703953
8,1,1,0,1024,63,-0.1005859375,-0.07889545790470395,-0.021690479595296047
8,1,1,0,1024,64,-0.0771484375,-0.07889545790470395,0.0017470204047039528
8,1,1,0,1024,65,-0.0634765625,-0.07889545790470395,0.015418895404703953
8,1,1,0,1024,66,-0.05859375,-0.07889545790470395,0.020301707904703953
8,1,1,0,1024,67,-0.0791015625,-0.07889545790470395,-0.0002061045952960472
8,1,1,0,1024,68,-0.087890625,-0.07889545790470395,-0.008995167095296047
8,1,1,0,1024,69,-0.041015625,-0.07889545790470395,0.03787983290470395
8,1,1,0,1024,70,-0.0703125,-0.07889545790470395,0.008582957904703953
8,1,1,0,1024,71,-0.0498046875,-0.07889545790470395,0.029090770404703953
8,1,1,0,1024,72,-0.107421875,-0.07889545790470395,-0.028526417095296047
8,1,1,0,1024,73,-0.0869140625,-0.07889545790470395,-0.008018604595296047
8,1,1,0,1024,74,-0.0849609375,-0.07889545790470395,-0.006065479595296047
8,1,1,0,1024,75,-0.1171875,-0.07889545790470395,-0.03829204209529605
8,1,1,0,1024,76,-0.064453125,-0.07889545790470395,0.014442332904703953
8,1,1,0,1024,77,-0.1162109375,-0.07889545790470395,-0.03731547959529605
8,1,1,0,1024,78,-0.0947265625,-0.07889545790470395,-0.015831104595296047
8,1,1,0,1024,79,-0.0849609375,-0.07889545790470395,-0.006065479595296047
8,1,1,0,1024,80,-0.072265625,-0.07889545790470395,0.006629832904703953
8,1,1,0,1024,81,-0.08203125,-0.07889545790470395,-0.003135792095296047
8,1,1,0,1024,82,-0.072265625,-0.07889545790470395,0.006629832904703953
8,1,1,0,1024,83,-0.068359375,-0.07889545790470395,0.010536082904703953
8,1,1,0,1024,84,-0.076171875,-0.07889545790470395,0.002723582904703953
8,1,1,0,1024,85,-0.08203125,-0.07889545790470395,-0.003135792095296047
8,1,1,0,1024,86,-0.08203125,-0.07889545790470395,-0.003135792095296047
8,1,1,0,1024,87,-0.046875,-0.07889545790470395,0.03202045790470395
8,1,1,0,1024,88,-0.095703125,-0.07889545790470395,-0.016807667095296047
8,1,1,0,1024,89,-0.0537109375,-0.07889545790470395,0.025184520404703953
8,1,1,0,1024,90,-0.044921875,-0.07889545790470395,0.03397358290470395
8,1,1,0,1024,91,-0.1025390625,-0.07889545790470395,-0.023643604595296047
8,1,1,0,1024,92,-0.0888671875,-0.07889545790470395,-0.009971729595296047
8,1,1,0,1024,93,-0.0751953125,-0.07889545790470395,0.003700145404703953
8,1,1,0,1024,94,-0.0634765625,-0.07889545790470395,0.015418895404703953
8,1,1,0,1024,95,-0.064453125,-0.07889545790470395,0.014442332904703953
8,1,1,0,1024,96,-0.0654296875,-0.07889545790470395,0.013465770404703953
8,1,1,0,1024,97,-0.0546875,-0.07889545790470395,0.024207957904703953
8,1,1,0,1024,98,-0.095703125,-0.07889545790470395,-0.016807667095296047
8,1,1,0,1024,99,-0.0888671875,-0.07889545790470395,-0.009971729595296047
8,1,1,0,1024,100,-0.087890625,-0.07889545790470395,-0.008995167095296047
8,1,1,0,1024,101,-0.0849609375,-0.07889545790470395,-0.006065479595296047
8,1,1,0,1024,102,-0.1162109375,-0.07889545790470395,-0.03731547959529605
8,1,1,0,1024,103,-0.09375,-0.07889545790470395,-0.014854542095296047
8,1,1,0,1024,104,-0.046875,-0.07889545790470395,0.03202045790470395
8,1,1,0,1024,105,-0.0712890625,-0.07889545790470395,0.007606395404703953
8,1,1,0,1024,106,-0.07421875,-0.07889545790470395,0.004676707904703953
8,1,1,0,1024,107,-0.0771484375,-0.07889545790470395,0.0017470204047039528
8,1,1,0,1024,108,-0.103515625,-0.07889545790470395,-0.024620167095296047
8,1,1,0,1024,109,-0.08984375,-0.07889545790470395,-0.010948292095296047
8,1,1,0,1024,110,-0.0458984375,-0.07889545790470395,0.03299702040470395
8,1,1,0,1024,111,-0.095703125,-0.07889545790470395,-0.016807667095296047
8,1,1,0,1024,112,-0.1103515625,-0.07889545790470395,-0.03145610459529605
8,1,1,0,1024,113,-0.0859375,-0.07889545790470395,-0.007042042095296047
8,1,1,0,1024,114,-0.0576171875,-0.07889545790470395,0.021278270404703953
8,1,1,0,1024,115,-0.083984375,-0.07889545790470395,-0.005088917095296047
8,1,1,0,1024,116,-0.1005859375,-0.07889545790470395,-0.021690479595296047
8,1,1,0,1024,117,-0.1015625,-0.07889545790470395,-0.022667042095296047
8,1,1,0,1024,118,-0.076171875,-0.07889545790470395,0.002723582904703953
8,1,1,0,1024,119,-0.1005859375,-0.07889545790470395,-0.021690479595296047
8,1,1,0,1024,120,-0.1015625,-0.07889545790470395,-0.022667042095296047
8,1,1,0,1024,121,-0.056640625,-0.07889545790470395,0.022254832904703953
8,1,1,0,1024,122,-0.06640625,-0.07889545790470395,0.012489207904703953
8,1,1,0,1024,123,-0.0185546875,-0.07889545790470395,0.06034077040470395
8,1,1,0,1024,124,-0.0888671875,-0.07889545790470395,-0.009971729595296047
8,1,1,0,1024,125,-0.0771484375,-0.07889545790470395,0.0017470204047039528
8,1,1,0,1024,126,-0.05859375,-0.07889545790470395,0.020301707904703953
8,1,1,0,1024,127,-0.09375,-0.07889545790470395,-0.014854542095296047
8,1,1,0,1024,128,-0.078125,-0.07889545790470395,0.0007704579047039528
8,1,1,0,1024,129,-0.0625,-0.07889545790470395,0.016395457904703953
8,1,1,0,1024,130,-0.0576171875,-0.07889545790470395,0.021278270404703953
8,1,1,0,1024,131,-0.1015625,-0.07889545790470395,-0.022667042095296047
8,1,1,0,1024,132,-0.1005859375,-0.07889545790470395,-0.021690479595296047
8,1,1,0,1024,133,-0.080078125,-0.07889545790470395,-0.0011826670952960472
8,1,1,0,1024,134,-0.0625,-0.07889545790470395,0.016395457904703953
8,1,1,0,1024,135,-0.09765625,-0.07889545790470395,-0.018760792095296047
8,1,1,0,1024,136,-0.0302734375,-0.07889545790470395,0.04862202040470395
8,1,1,0,1024,137,-0.0859375,-0.07889545790470395,-0.007042042095296047
8,1,1,0,1024,138,-0.1162109375,-0.07889545790470395,-0.03731547959529605
8,1,1,0,1024,139,-0.068359375,-0.07889545790470395,0.010536082904703953
8,1,1,0,1024,140,-0.0859375,-0.07889545790470395,-0.007042042095296047
8,1,1,0,1024,141,-0.1015625,-0.07889545790470395,-0.022667042095296047
8,1,1,0,1024,142,-0.0908203125,-0.07889545790470395,-0.011924854595296047
8,1,1,0,1024,143,-0.1005859375,-0.07889545790470395,-0.021690479595296047
8,1,1,0,1024,144,-0.072265625,-0.07889545790470395,0.006629832904703953
8,1,1,0,1024,145,-0.0810546875,-0.07889545790470395,-0.002159229595296047
8,1,1,0,1024,146,-0.0478515625,-0.07889545790470395,0.031043895404703953
8,1,1,0,1024,147,-0.0859375,-0.07889545790470395,-0.007042042095296047
8,1,1,0,1024,148,-0.0908203125,-0.07889545790470395,-0.011924854595296047
8,1,1,0,1024,149,-0.078125,-0.07889545790470395,0.0007704579047039528
8,1,1,0,1024,150,-0.0830078125,-0.07889545790470395,-0.004112354595296047
8,1,1,0,1024,151,-0.0517578125,-0.07889545790470395,0.027137645404703953
8,1,1,0,1024,152,-0.1005859375,-0.07889545790470395,-0.021690479595296047
8,1,1,0,1024,153,-0.072265625,-0.07889545790470395,0.006629832904703953
8,1,1,0,1024,154,-0.046875,-0.07889545790470395,0.03202045790470395
8,1,1,0,1024,155,-0.0751953125,-0.07889545790470395,0.003700145404703953
8,1,1,0,1024,156,-0.0791015625,-0.07889545790470395,-0.0002061045952960472
8,1,1,0,1024,157,-0.0693359375,-0.07889545790470395,0.009559520404703953
8,1,1,0,1024,158,-0.0517578125,-0.07889545790470395,0.027137645404703953
8,1,1,0,1024,159,-0.06640625,-0.07889545790470395,0.012489207904703953
8,1,1,0,1024,160,-0.0791015625,-0.07889545790470395,-0.0002061045952960472
8,1,1,0,1024,161,-0.0888671875,-0.07889545790470395,-0.009971729595296047
8,1,1,0,1024,162,-0.068359375,-0.07889545790470395,0.010536082904703953
8,1,1,0,1024,163,-0.087890625,-0.07889545790470395,-0.008995167095296047
8,1,1,0,1024,164,-0.0751953125,-0.07889545790470395,0.003700145404703953
8,1,1,0,1024,165,-0.072265625,-0.07889545790470395,0.006629832904703953
8,1,1,0,1024,166,-0.1044921875,-0.07889545790470395,-0.025596729595296047
8,1,1,0,1024,167,-0.08203125,-0.07889545790470395,-0.003135792095296047
8,1,1,0,1024,168,-0.11328125,-0.07889545790470395,-0.03438579209529605
8,1,1,0,1024,169,-0.123046875,-0.07889545790470395,-0.04415141709529605
8,1,1,0,1024,170,-0.0908203125,-0.07889545790470395,-0.011924854595296047
8,1,1,0,1024,171,-0.109375,-0.07889545790470395,-0.030479542095296047
8,1,1,0,1024,172,-0.1025390625,-0.07889545790470395,-0.023643604595296047
8,1,1,0,1024,173,-0.1015625,-0.07889545790470395,-0.022667042095296047
8,1,1,0,1024,174,-0.0986328125,-0.07889545790470395,-0.019737354595296047
8,1,1,0,1024,175,-0.0810546875,-0.07889545790470395,-0.002159229595296047
8,1,1,0,1024,176,-0.1123046875,-0.07889545790470395,-0.03340922959529605
8,1,1,0,1024,177,-0.08984375,-0.07889545790470395,-0.010948292095296047
8,1,1,0,1024,178,-0.0478515625,-0.07889545790470395,0.031043895404703953
8,1,1,0,1024,179,-0.052734375,-0.07889545790470395,0.026161082904703953
8,1,1,0,1024,180,-0.0185546875,-0.07889545790470395,0.06034077040470395
8,1,1,0,1024,181,-0.1025390625,-0.07889545790470395,-0.023643604595296047
8,1,1,0,1024,182,-0.078125,-0.07889545790470395,0.0007704579047039528
8,1,1,0,1024,183,-0.0625,-0.07889545790470395,0.016395457904703953
8,1,1,0,1024,184,-0.08203125,-0.07889545790470395,-0.003135792095296047
8,1,1,0,1024,185,-0.041015625,-0.07889545790470395,0.03787983290470395
8,1,1,0,1024,186,-0.072265625,-0.07889545790470395,0.006629832904703953
8,1,1,0,1024,187,-0.0849609375,-0.07889545790470395,-0.006065479595296047
8,1,1,0,1024,188,-0.033203125,-0.07889545790470395,0.04569233290470395
8,1,1,0,1024,189,-0.0478515625,-0.07889545790470395,0.031043895404703953
8,1,1,0,1024,190,-0.1162109375,-0.07889545790470395,-0.03731547959529605
8,1,1,0,1024,191,-0.06640625,-0.07889545790470395,0.012489207904703953
8,1,1,0,1024,192,-0.0634765625,-0.07889545790470395,0.015418895404703953
8,1,1,0,1024,193,-0.0478515625,-0.07889545790470395,0.031043895404703953
8,1,1,0,1024,194,-0.140625,-0.07889545790470395,-0.06172954209529605
8,1,1,0,1024,195,-0.0439453125,-0.07889545790470395,0.03495014540470395
8,1,1,0,1024,196,-0.103515625,-0.07889545790470395,-0.024620167095296047
8,1,1,0,1024,197,-0.064453125,-0.07889545790470395,0.014442332904703953
8,1,1,0,1024,198,-0.1044921875,-0.07889545790470395,-0.025596729595296047
8,1,1,0,1024,199,-0.05078125,-0.07889545790470395,0.028114207904703953
8,1,1,0,2048,0,-0.08544921875,-0.07889545790470395,-0.006553760845296047
8,1,1,0,2048,1,-0.07470703125,-0.07889545790470395,0.004188426654703953
8,1,1,0,2048,2,-0.0966796875,-0.07889545790470395,-0.017784229595296047
8,1,1,0,2048,3,-0.083984375,-0.07889545790470395,-0.005088917095296047
8,1,1,0,2048,4,-0.08642578125,-0.07889545790470395,-0.007530323345296047
8,1,1,0,2048,5,-0.06640625,-0.07889545790470395,0.012489207904703953
8,1,1,0,2048,6,-0.07861328125,-0.07889545790470395,0.0002821766547039528
8,1,1,0,2048,7,-0.068359375,-0.07889545790470395,0.010536082904703953
8,1,1,0,2048,8,-0.09375,-0.07889545790470395,-0.014854542095296047
8,1,1,0,2048,9,-0.11181640625,-0.07889545790470395,-0.03292094834529605
8,1,1,0,2048,10,-0.09033203125,-0.07889545790470395,-0.011436573345296047
8,1,1,0,2048,11,-0.0791015625,-0.07889545790470395,-0.0002061045952960472
8,1,1,0,2048,12,-0.07275390625,-0.07889545790470395,0.006141551654703953
8,1,1,0,2048,13,-0.03955078125,-0.07889545790470395,0.03934467665470395
8,1,1,0,2048,14,-0.0615234375,-0.07889545790470395,0.017372020404703953
8,1,1,0,2048,15,-0.0703125,-0.07889545790470395,0.008582957904703953
8,1,1,0,2048,16,-0.0673828125,-0.07889545790470395,0.011512645404703953
8,1,1,0,2048,17,-0.06982421875,-0.07889545790470395,0.009071239154703953
8,1,1,0,2048,18,-0.052734375,-0.07889545790470395,0.026161082904703953
8,1,1,0,2048,19,-0.080078125,-0.07889545790470395,-0.0011826670952960472
8,1,1,0,2048,20,-0.0615234375,-0.07889545790470395,0.017372020404703953
8,1,1,0,2048,21,-0.07275390625,-0.07889545790470395,0.006141551654703953
8,1,1,0,2048,22,-0.10009765625,-0.07889545790470395,-0.021202198345296047
8,1,1,0,2048,23,-0.091796875,-0.07889545790470395,-0.012901417095296047
8,1,1,0,2048,24,-0.07421875,-0.07889545790470395,0.004676707904703953
8,1,1,0,2048,25,-0.10400390625,-0.07889545790470395,-0.025108448345296047
8,1,1,0,2048,26,-0.08740234375,-0.07889545790470395,-0.008506885845296047
8,1,1,0,2048,27,-0.09033203125,-0.07889545790470395,-0.011436573345296047
8,1,1,0,2048,28,-0.0791015625,-0.07889545790470395,-0.0002061045952960472
8,1,1,0,2048,29,-0.087890625,-0.07889545790470395,-0.008995167095296047
8,1,1,0,2048,30,-0.07421875,-0.07889545790470395,0.004676707904703953
8,1,1,0,2048,31,-0.09912109375,-0.07889545790470395,-0.020225635845296047
8,1,1,0,2048,32,-0.0830078125,-0.07889545790470395,-0.004112354595296047
8,1,1,0,2048,33,-0.076171875,-0.07889545790470395,0.002723582904703953
8,1,1,0,2048,34,-0.0576171875,-0.07889545790470395,0.021278270404703953
8,1,1,0,2048,35,-0.08642578125,-0.07889545790470395,-0.007530323345296047
8,1,1,0,2048,36,-0.078125,-0.07889545790470395,0.0007704579047039528
8,1,1,0,2048,37,-0.08740234375,-0.07889545790470395,-0.008506885845296047
8,1,1,0,2048,38,-0.10986328125,-0.07889545790470395,-0.030967823345296047
8,1,1,0,2048,39,-0.08837890625,-0.07889545790470395,-0.009483448345296047
8,1,1,0,2048,40,-0.06298828125,-0.07889545790470395,0.015907176654703953
8,1,1,0,2048,41,-0.0615234375,-0.07889545790470395,0.017372020404703953
8,1,1,0,2048,42,-0.09228515625,-0.07889545790470395,-0.013389698345296047
8,1,1,0,2048,43,-0.0849609375,-0.07889545790470395,-0.006065479595296047
8,1,1,0,2048,44,-0.09130859375,-0.07889545790470395,-0.012413135845296047
8,1,1,0,2048,45,-0.080078125,-0.07889545790470395,-0.0011826670952960472
8,1,1,0,2048,46,-0.10107421875,-0.07889545790470395,-0.022178760845296047
8,1,1,0,2048,47,-0.05419921875,-0.07889545790470395,0.024696239154703953
8,1,1,0,2048,48,-0.08349609375,-0.07889545790470395,-0.004600635845296047
8,1,1,0,2048,49,-0.0654296875,-0.07889545790470395,0.013465770404703953
8,1,1,0,2048,50,-0.0810546875,-0.07889545790470395,-0.002159229595296047
8,1,1,0,2048,51,-0.07275390625,-0.07889545790470395,0.006141551654703953
8,1,1,0,2048,52,-0.08984375,-0.07889545790470395,-0.010948292095296047
8,1,1,0,2048,53,-0.08154296875,-0.07889545790470395,-0.002647510845296047
8,1,1,0,2048,54,-0.08154296875,-0.07889545790470395,-0.002647510845296047
8,1,1,0,2048,55,-0.0810546875,-0.07889545790470395,-0.002159229595296047
8,1,1,0,2048,56,-0.0859375,-0.07889545790470395,-0.007042042095296047
8,1,1,0,2048,57,-0.10791015625,-0.07889545790470395,-0.029014698345296047
8,1,1,0,2048,58,-0.068359375,-0.07889545790470395,0.010536082904703953
8,1,1,0,2048,59,-0.10498046875,-0.07889545790470395,-0.026085010845296047
8,1,1,0,2048,60,-0.0830078125,-0.07889545790470395,-0.004112354595296047
8,1,1,0,2048,61,-0.080078125,-0.07889545790470395,-0.0011826670952960472
8,1,1,0,2048,62,-0.0751953125,-0.07889545790470395,0.003700145404703953
8,1,1,0,2048,63,-0.0517578125,-0.07889545790470395,0.027137645404703953
8,1,1,0,2048,64,-0.0625,-0.07889545790470395,0.016395457904703953
8,1,1,0,2048,65,-0.09814453125,-0.07889545790470395,-0.019249073345296047
8,1,1,0,2048,66,-0.0830078125,-0.07889545790470395,-0.004112354595296047
8,1,1,0,2048,67,-0.07958984375,-0.07889545790470395,-0.0006943858452960472
8,1,1,0,2048,68,-0.08544921875,-0.07889545790470395,-0.006553760845296047
8,1,1,0,2048,69,-0.0654296875,-0.07889545790470395,0.013465770404703953
8,1,1,0,2048,70,-0.091796875,-0.07889545790470395,-0.012901417095296047
8,1,1,0,2048,71,-0.08837890625,-0.07889545790470395,-0.009483448345296047
8,1,1,0,2048,72,-0.0732421875,-0.07889545790470395,0.005653270404703953
8,1,1,0,2048,73,-0.072265625,-0.07889545790470395,0.006629832904703953
8,1,1,0,2048,74,-0.08203125,-0.07889545790470395,-0.003135792095296047
8,1,1,0,2048,75,-0.0869140625,-0.07889545790470395,-0.008018604595296047
8,1,1,0,2048,76,-0.05322265625,-0.07889545790470395,0.025672801654703953
8,1,1,0,2048,77,-0.09619140625,-0.07889545790470395,-0.017295948345296047
8,1,1,0,2048,78,-0.0751953125,-0.07889545790470395,0.003700145404703953
8,1,1,0,2048,79,-0.078125,-0.07889545790470395,0.0007704579047039528
8,1,1,0,2048,80,-0.08984375,-0.07889545790470395,-0.010948292095296047
8,1,1,0,2048,81,-0.08154296875,-0.07889545790470395,-0.002647510845296047
8,1,1,0,2048,82,-0.06494140625,-0.07889545790470395,0.013954051654703953
8,1,1,0,2048,83,-0.0712890625,-0.07889545790470395,0.007606395404703953
8,1,1,0,2048,84,-0.08447265625,-0.07889545790470395,-0.005577198345296047
8,1,1,0,2048,85,-0.06396484375,-0.07889545790470395,0.014930614154703953
8,1,1,0,2048,86,-0.0654296875,-0.07889545790470395,0.013465770404703953
8,1,1,0,2048,87,-0.08837890625,-0.07889545790470395,-0.009483448345296047
8,1,1,0,2048,88,-0.0546875,-0.07889545790470395,0.024207957904703953
8,1,1,0,2048,89,-0.04541015625,-0.07889545790470395,0.03348530165470395
8,1,1,0,2048,90,-0.115234375,-0.07889545790470395,-0.03633891709529605
8,1,1,0,2048,91,-0.08642578125,-0.07889545790470395,-0.007530323345296047
8,1,1,0,2048,92,-0.056640625,-0.07889545790470395,0.022254832904703953
8,1,1,0,2048,93,-0.0654296875,-0.07889545790470395,0.013465770404703953
8,1,1,0,2048,94,-0.0771484375,-0.07889545790470395,0.0017470204047039528
8,1,1,0,2048,95,-0.0576171875,-0.07889545790470395,0.021278270404703953
8,1,1,0,2048,96,-0.099609375,-0.07889545790470395,-0.020713917095296047
8,1,1,0,2048,97,-0.08984375,-0.07889545790470395,-0.010948292095296047
8,1,1,0,2048,98,-0.0712890625,-0.07889545790470395,0.007606395404703953
8,1,1,0,2048,99,-0.0966796875,-0.07889545790470395,-0.017784229595296047
8,1,1,0,2048,100,-0.09130859375,-0.07889545790470395,-0.012413135845296047
8,1,1,0,2048,101,-0.08203125,-0.07889545790470395,-0.003135792095296047
8,1,1,0,2048,102,-0.0869140625,-0.07889545790470395,-0.008018604595296047
8,1,1,0,2048,103,-0.07958984375,-0.07889545790470395,-0.0006943858452960472
8,1,1,0,2048,104,-0.0654296875,-0.07889545790470395,0.013465770404703953
8,1,1,0,2048,105,-0.1083984375,-0.07889545790470395,-0.029502979595296047
8,1,1,0,2048,106,-0.08056640625,-0.07889545790470395,-0.0016709483452960472
8,1,1,0,2048,107,-0.06884765625,-0.07889545790470395,0.010047801654703953
8,1,1,0,2048,108,-0.04248046875,-0.07889545790470395,0.03641498915470395
8,1,1,0,2048,109,-0.099609375,-0.07889545790470395,-0.020713917095296047
8,1,1,0,2048,110,-0.064453125,-0.07889545790470395,0.014442332904703953
8,1,1,0,2048,111,-0.07275390625,-0.07889545790470395,0.006141551654703953
8,1,1,0,2048,112,-0.06201171875,-0.07889545790470395,0.016883739154703953
8,1,1,0,2048,113,-0.10498046875,-0.07889545790470395,-0.026085010845296047
8,1,1,0,2048,114,-0.10302734375,-0.07889545790470395,-0.024131885845296047
8,1,1,0,2048,115,-0.07275390625,-0.07889545790470395,0.006141551654703953
8,1,1,0,2048,116,-0.05126953125,-0.07889545790470395,0.027625926654703953
8,1,1,0,2048,117,-0.04736328125,-0.07889545790470395,0.03153217665470395
8,1,1,0,2048,118,-0.0732421875,-0.07889545790470395,0.005653270404703953
8,1,1,0,2048,119,-0.07666015625,-0.07889545790470395,0.002235301654703953
8,1,1,0,2048,120,-0.09228515625,-0.07889545790470395,-0.013389698345296047
8,1,1,0,2048,121,-0.08056640625,-0.07889545790470395,-0.0016709483452960472
8,1,1,0,2048,122,-0.087890625,-0.07889545790470395,-0.008995167095296047
8,1,1,0,2048,123,-0.095703125,-0.07889545790470395,-0.016807667095296047
8,1,1,0,2048,124,-0.07421875,-0.07889545790470395,0.004676707904703953
8,1,1,0,2048,125,-0.08251953125,-0.07889545790470395,-0.003624073345296047
8,1,1,0,2048,126,-0.07763671875,-0.07889545790470395,0.0012587391547039528
8,1,1,0,2048,127,-0.08740234375,-0.07889545790470395,-0.008506885845296047
8,1,1,0,2048,128,-0.08642578125,-0.07889545790470395,-0.007530323345296047
8,1,1,0,2048,129,-0.0888671875,-0.07889545790470395,-0.009971729595296047
8,1,1,0,2048,130,-0.0693359375,-0.07889545790470395,0.009559520404703953
8,1,1,0,2048,131,-0.1015625,-0.07889545790470395,-0.022667042095296047
8,1,1,0,2048,132,-0.09033203125,-0.07889545790470395,-0.011436573345296047
8,1,1,0,2048,133,-0.0595703125,-0.07889545790470395,0.019325145404703953
8,1,1,0,2048,134,-0.0830078125,-0.07889545790470395,-0.004112354595296047
8,1,1,0,2048,135,-0.0615234375,-0.07889545790470395,0.017372020404703953
8,1,1,0,2048,136,-0.11083984375,-0.07889545790470395,-0.03194438584529605
8,1,1,0,2048,137,-0.044921875,-0.07889545790470395,0.03397358290470395
8,1,1,0,2048,138,-0.0810546875,-0.07889545790470395,-0.002159229595296047
8,1,1,0,2048,139,-0.07470703125,-0.07889545790470395,0.004188426654703953
8,1,1,0,2048,140,-0.07958984375,-0.07889545790470395,-0.0006943858452960472
8,1,1,0,2048,141,-0.0654296875,-0.07889545790470395,0.013465770404703953
8,1,1,0,2048,142,-0.0908203125,-0.07889545790470395,-0.011924854595296047
8,1,1,0,2048,143,-0.07177734375,-0.07889545790470395,0.007118114154703953
8,1,1,0,2048,144,-0.08984375,-0.07889545790470395,-0.010948292095296047
8,1,1,0,2048,145,-0.068359375,-0.07889545790470395,0.010536082904703953
8,1,1,0,2048,146,-0.05615234375,-0.07889545790470395,0.022743114154703953
8,1,1,0,2048,147,-0.08203125,-0.07889545790470395,-0.003135792095296047
8,1,1,0,2048,148,-0.07568359375,-0.07889545790470395,0.003211864154703953
8,1,1,0,2048,149,-0.07177734375,-0.07889545790470395,0.007118114154703953
8,1,1,0,2048,150,-0.099609375,-0.07889545790470395,-0.020713917095296047
8,1,1,0,2048,151,-0.07861328125,-0.07889545790470395,0.0002821766547039528
8,1,1,0,2048,152,-0.05810546875,-0.07889545790470395,0.020789989154703953
8,1,1,0,2048,153,-0.1064453125,-0.07889545790470395,-0.027549854595296047
8,1,1,0,2048,154,-0.03955078125,-0.07889545790470395,0.03934467665470395
8,1,1,0,2048,155,-0.07568359375,-0.07889545790470395,0.003211864154703953
8,1,1,0,2048,156,-0.08349609375,-0.07889545790470395,-0.004600635845296047
8,1,1,0,2048,157,-0.1015625,-0.07889545790470395,-0.022667042095296047
8,1,1,0,2048,158,-0.08642578125,-0.07889545790470395,-0.007530323345296047
8,1,1,0,2048,159,-0.07763671875,-0.07889545790470395,0.0012587391547039528
8,1,1,0,2048,160,-0.08642578125,-0.07889545790470395,-0.007530323345296047
8,1,1,0,2048,161,-0.0615234375,-0.07889545790470395,0.017372020404703953
8,1,1,0,2048,162,-0.08544921875,-0.07889545790470395,-0.006553760845296047
8,1,1,0,2048,163,-0.07373046875,-0.07889545790470395,0.005164989154703953
8,1,1,0,2048,164,-0.07275390625,-0.07889545790470395,0.006141551654703953
8,1,1,0,2048,165,-0.072265625,-0.07889545790470395,0.006629832904703953
8,1,1,0,2048,166,-0.0810546875,-0.07889545790470395,-0.002159229595296047
8,1,1,0,2048,167,-0.0751953125,-0.07889545790470395,0.003700145404703953
8,1,1,0,2048,168,-0.07763671875,-0.07889545790470395,0.0012587391547039528
8,1,1,0,2048,169,-0.0888671875,-0.07889545790470395,-0.009971729595296047
8,1,1,0,2048,170,-0.0751953125,-0.07889545790470395,0.003700145404703953
8,1,1,0,2048,171,-0.0947265625,-0.07889545790470395,-0.015831104595296047
8,1,1,0,2048,172,-0.0859375,-0.07889545790470395,-0.007042042095296047
8,1,1,0,2048,173,-0.0869140625,-0.07889545790470395,-0.008018604595296047
8,1,1,0,2048,174,-0.0966796875,-0.07889545790470395,-0.017784229595296047
8,1,1,0,2048,175,-0.09814453125,-0.07889545790470395,-0.019249073345296047
8,1,1,0,2048,176,-0.09228515625,-0.07889545790470395,-0.013389698345296047
8,1,1,0,2048,177,-0.07373046875,-0.07889545790470395,0.005164989154703953
8,1,1,0,2048,178,-0.0673828125,-0.07889545790470395,0.011512645404703953
8,1,1,0,2048,179,-0.09033203125,-0.07889545790470395,-0.011436573345296047
8,1,1,0,2048,180,-0.0908203125,-0.07889545790470395,-0.011924854595296047
8,1,1,0,2048,181,-0.0498046875,-0.07889545790470395,0.029090770404703953
8,1,1,0,2048,182,-0.07470703125,-0.07889545790470395,0.004188426654703953
8,1,1,0,2048,183,-0.0751953125,-0.07889545790470395,0.003700145404703953
8,1,1,0,2048,184,-0.09619140625,-0.07889545790470395,-0.017295948345296047
8,1,1,0,2048,185,-0.08935546875,-0.07889545790470395,-0.010460010845296047
8,1,1,0,2048,186,-0.076171875,-0.07889545790470395,0.002723582904703953
8,1,1,0,2048,187,-0.07421875,-0.07889545790470395,0.004676707904703953
8,1,1,0,2048,188,-0.08251953125,-0.07889545790470395,-0.003624073345296047
8,1,1,0,2048,189,-0.0673828125,-0.07889545790470395,0.011512645404703953
8,1,1,0,2048,190,-0.064453125,-0.07889545790470395,0.014442332904703953
8,1,1,0,2048,191,-0.09033203125,-0.07889545790470395,-0.011436573345296047
8,1,1,0,2048,192,-0.0634765625,-0.07889545790470395,0.015418895404703953
8,1,1,0,2048,193,-0.06298828125,-0.07889545790470395,0.015907176654703953
8,1,1,0,2048,194,-0.1005859375,-0.07889545790470395,-0.021690479595296047
8,1,1,0,2048,195,-0.095703125,-0.07889545790470395,-0.016807667095296047
8,1,1,0,2048,196,-0.1015625,-0.07889545790470395,-0.022667042095296047
8,1,1,0,2048,197,-0.0927734375,-0.07889545790470395,-0.013877979595296047
8,1,1,0,2048,198,-0.10107421875,-0.07889545790470395,-0.022178760845296047
8,1,1,0,2048,199,-0.0947265625,-0.07889545790470395,-0.015831104595296047
